economy,Country name,Indicator name,UNIT_MEASURE,UNIT_TYPE,Year,Value
GUM,Guam,"Repeaters in Grade 5 of lower secondary general education, female (number)",SHARE,NUMBER,1970,0.0
MOZ,Mozambique,"Repeaters in Grade 5 of lower secondary general education, female (number)",SHARE,NUMBER,1970,0.0
NZL,New Zealand,"Repeaters in Grade 5 of lower secondary general education, female (number)",SHARE,NUMBER,1970,0.0
WSM,Samoa,"Repeaters in Grade 5 of lower secondary general education, female (number)",SHARE,NUMBER,1970,0.0
BOL,Bolivia,"Repeaters in grade unknown of lower secondary general education, both sexes (number)",SHARE,NUMBER,1970,0.0
CRI,Costa Rica,"Repeaters in grade unknown of lower secondary general education, both sexes (number)",SHARE,NUMBER,1970,0.0
GUY,Guyana,"Repeaters in grade unknown of lower secondary general education, both sexes (number)",SHARE,NUMBER,1970,0.0
MLI,Mali,"Repeaters in grade unknown of lower secondary general education, both sexes (number)",SHARE,NUMBER,1970,0.0
BTN,Bhutan,"School age population, secondary education, female (number)",,,1970,14255.0
BTN,Bhutan,"School age population, tertiary education, male (number)",,,1970,13435.0
BIH,Bosnia and Herzegovina,"School age population, secondary education, female (number)",,,1970,353197.0
BWA,Botswana,"School age population, upper secondary education, both sexes (number)",,,1970,35063.0
CMR,Cameroon,"School age population, last grade of primary education, female (number)",,,1970,73796.0
CAF,Central African Republic,"School age population, primary education, both sexes (number)",,,1970,311249.0
CHN,China,"School age population, lower secondary education, both sexes (number)",,,1970,39320632.0
DMA,Dominica,"School age population, tertiary education, male (number)",,,1970,2731.0
EGY,"Egypt, Arab Rep","School age population, secondary education, female (number)",,,1970,2215336.0
FIN,Finland,"School age population, secondary education, female (number)",,,1970,250165.0
DEU,Germany,"School age population, lower secondary education, both sexes (number)",,,1970,6728877.0
GIN,Guinea,"School age population, last grade of primary education, female (number)",,,1970,46158.0
GNB,Guinea-Bissau,"School age population, last grade of primary education, female (number)",,,1970,7472.0
LBY,Libya,"School age population, secondary education, female (number)",,,1970,96230.0
LTU,Lithuania,"School age population, primary education, both sexes (number)",,,1970,246575.0
NZL,New Zealand,"School age population, primary education, both sexes (number)",,,1970,371722.0
NZL,New Zealand,"School age population, upper secondary education, both sexes (number)",,,1970,158028.0
OMN,Oman,"School age population, tertiary education, male (number)",,,1970,27667.0
PRT,Portugal,"School age population, lower secondary education, both sexes (number)",,,1970,471713.0
SOM,Somalia,"School age population, last grade of primary education, female (number)",,,1970,46111.0
ZAF,South Africa,"School age population, upper secondary education, both sexes (number)",,,1970,911578.0
GUM,Guam,"Repeaters in Grade 5 of lower secondary general education, female (number)",SHARE,NUMBER,1971,0.0
MOZ,Mozambique,"Repeaters in Grade 5 of lower secondary general education, female (number)",SHARE,NUMBER,1971,0.0
NZL,New Zealand,"Repeaters in Grade 5 of lower secondary general education, female (number)",SHARE,NUMBER,1971,0.0
WSM,Samoa,"Repeaters in Grade 5 of lower secondary general education, female (number)",SHARE,NUMBER,1971,0.0
BOL,Bolivia,"Repeaters in grade unknown of lower secondary general education, both sexes (number)",SHARE,NUMBER,1971,0.0
CRI,Costa Rica,"Repeaters in grade unknown of lower secondary general education, both sexes (number)",SHARE,NUMBER,1971,0.0
GUY,Guyana,"Repeaters in grade unknown of lower secondary general education, both sexes (number)",SHARE,NUMBER,1971,0.0
MLI,Mali,"Repeaters in grade unknown of lower secondary general education, both sexes (number)",SHARE,NUMBER,1971,0.0
BGR,Bulgaria,"School life expectancy, primary, female (years)",SHARE,NUMBER,1971,4.019569873809814
GRC,Greece,"School life expectancy, primary, female (years)",SHARE,NUMBER,1971,6.466229915618896
IRQ,Iraq,"School life expectancy, primary, female (years)",SHARE,NUMBER,1971,2.687639951705933
MDG,Madagascar,"School life expectancy, primary, female (years)",SHARE,NUMBER,1971,4.57390022277832
BTN,Bhutan,"School age population, secondary education, female (number)",,,1971,14752.0
BTN,Bhutan,"School age population, tertiary education, male (number)",,,1971,13561.0
BIH,Bosnia and Herzegovina,"School age population, secondary education, female (number)",,,1971,356159.0
BWA,Botswana,"School age population, upper secondary education, both sexes (number)",,,1971,36066.0
CMR,Cameroon,"School age population, last grade of primary education, female (number)",,,1971,76500.0
CAF,Central African Republic,"School age population, primary education, both sexes (number)",,,1971,319926.0
CHN,China,"School age population, lower secondary education, both sexes (number)",,,1971,38382448.0
DMA,Dominica,"School age population, tertiary education, male (number)",,,1971,2835.0
EGY,"Egypt, Arab Rep","School age population, secondary education, female (number)",,,1971,2276018.0
FIN,Finland,"School age population, secondary education, female (number)",,,1971,246006.0
DEU,Germany,"School age population, lower secondary education, both sexes (number)",,,1971,6908494.0
GIN,Guinea,"School age population, last grade of primary education, female (number)",,,1971,47135.0
GNB,Guinea-Bissau,"School age population, last grade of primary education, female (number)",,,1971,7736.0
LBY,Libya,"School age population, secondary education, female (number)",,,1971,99527.0
LTU,Lithuania,"School age population, primary education, both sexes (number)",,,1971,242276.0
NZL,New Zealand,"School age population, primary education, both sexes (number)",,,1971,369623.0
NZL,New Zealand,"School age population, upper secondary education, both sexes (number)",,,1971,161671.0
OMN,Oman,"School age population, tertiary education, male (number)",,,1971,27938.0
PRT,Portugal,"School age population, lower secondary education, both sexes (number)",,,1971,480135.0
SOM,Somalia,"School age population, last grade of primary education, female (number)",,,1971,47188.0
ZAF,South Africa,"School age population, upper secondary education, both sexes (number)",,,1971,940734.0
GUM,Guam,"Repeaters in Grade 5 of lower secondary general education, female (number)",SHARE,NUMBER,1972,0.0
MOZ,Mozambique,"Repeaters in Grade 5 of lower secondary general education, female (number)",SHARE,NUMBER,1972,0.0
NZL,New Zealand,"Repeaters in Grade 5 of lower secondary general education, female (number)",SHARE,NUMBER,1972,0.0
WSM,Samoa,"Repeaters in Grade 5 of lower secondary general education, female (number)",SHARE,NUMBER,1972,0.0
BOL,Bolivia,"Repeaters in grade unknown of lower secondary general education, both sexes (number)",SHARE,NUMBER,1972,0.0
CRI,Costa Rica,"Repeaters in grade unknown of lower secondary general education, both sexes (number)",SHARE,NUMBER,1972,0.0
GUY,Guyana,"Repeaters in grade unknown of lower secondary general education, both sexes (number)",SHARE,NUMBER,1972,0.0
MLI,Mali,"Repeaters in grade unknown of lower secondary general education, both sexes (number)",SHARE,NUMBER,1972,0.0
BGR,Bulgaria,"School life expectancy, primary, female (years)",SHARE,NUMBER,1972,3.927390098571777
GRC,Greece,"School life expectancy, primary, female (years)",SHARE,NUMBER,1972,6.450389862060547
IRQ,Iraq,"School life expectancy, primary, female (years)",SHARE,NUMBER,1972,2.674200057983398
MDG,Madagascar,"School life expectancy, primary, female (years)",SHARE,NUMBER,1972,4.915040016174316
BTN,Bhutan,"School age population, secondary education, female (number)",,,1972,15270.0
BTN,Bhutan,"School age population, tertiary education, male (number)",,,1972,13699.0
BIH,Bosnia and Herzegovina,"School age population, secondary education, female (number)",,,1972,358007.0
BWA,Botswana,"School age population, upper secondary education, both sexes (number)",,,1972,38190.0
CMR,Cameroon,"School age population, last grade of primary education, female (number)",,,1972,79367.0
CAF,Central African Republic,"School age population, primary education, both sexes (number)",,,1972,329312.0
CHN,China,"School age population, lower secondary education, both sexes (number)",,,1972,32457908.0
DMA,Dominica,"School age population, tertiary education, male (number)",,,1972,2986.0
EGY,"Egypt, Arab Rep","School age population, secondary education, female (number)",,,1972,2329950.0
FIN,Finland,"School age population, secondary education, female (number)",,,1972,241342.0
DEU,Germany,"School age population, lower secondary education, both sexes (number)",,,1972,7128385.0
GIN,Guinea,"School age population, last grade of primary education, female (number)",,,1972,48131.0
GNB,Guinea-Bissau,"School age population, last grade of primary education, female (number)",,,1972,7960.0
LBY,Libya,"School age population, secondary education, female (number)",,,1972,104178.0
LTU,Lithuania,"School age population, primary education, both sexes (number)",,,1972,236205.0
NZL,New Zealand,"School age population, primary education, both sexes (number)",,,1972,368197.0
NZL,New Zealand,"School age population, upper secondary education, both sexes (number)",,,1972,165530.0
OMN,Oman,"School age population, tertiary education, male (number)",,,1972,29037.0
PRT,Portugal,"School age population, lower secondary education, both sexes (number)",,,1972,481886.0
SOM,Somalia,"School age population, last grade of primary education, female (number)",,,1972,48273.0
ZAF,South Africa,"School age population, upper secondary education, both sexes (number)",,,1972,968392.0
GUM,Guam,"Repeaters in Grade 5 of lower secondary general education, female (number)",SHARE,NUMBER,1973,0.0
MOZ,Mozambique,"Repeaters in Grade 5 of lower secondary general education, female (number)",SHARE,NUMBER,1973,0.0
NZL,New Zealand,"Repeaters in Grade 5 of lower secondary general education, female (number)",SHARE,NUMBER,1973,0.0
WSM,Samoa,"Repeaters in Grade 5 of lower secondary general education, female (number)",SHARE,NUMBER,1973,0.0
BOL,Bolivia,"Repeaters in grade unknown of lower secondary general education, both sexes (number)",SHARE,NUMBER,1973,0.0
CRI,Costa Rica,"Repeaters in grade unknown of lower secondary general education, both sexes (number)",SHARE,NUMBER,1973,0.0
GUY,Guyana,"Repeaters in grade unknown of lower secondary general education, both sexes (number)",SHARE,NUMBER,1973,0.0
MLI,Mali,"Repeaters in grade unknown of lower secondary general education, both sexes (number)",SHARE,NUMBER,1973,0.0
BGR,Bulgaria,"School life expectancy, primary, female (years)",SHARE,NUMBER,1973,3.8434898853302
GRC,Greece,"School life expectancy, primary, female (years)",SHARE,NUMBER,1973,6.40388011932373
IRQ,Iraq,"School life expectancy, primary, female (years)",SHARE,NUMBER,1973,2.730560064315796
MDG,Madagascar,"School life expectancy, primary, female (years)",SHARE,NUMBER,1973,4.797369956970215
BTN,Bhutan,"School age population, secondary education, female (number)",,,1973,15820.0
BTN,Bhutan,"School age population, tertiary education, male (number)",,,1973,14152.0
BIH,Bosnia and Herzegovina,"School age population, secondary education, female (number)",,,1973,358381.0
BWA,Botswana,"School age population, upper secondary education, both sexes (number)",,,1973,43707.0
CMR,Cameroon,"School age population, last grade of primary education, female (number)",,,1973,82257.0
CAF,Central African Republic,"School age population, primary education, both sexes (number)",,,1973,339583.0
CHN,China,"School age population, lower secondary education, both sexes (number)",,,1973,28936352.0
DMA,Dominica,"School age population, tertiary education, male (number)",,,1973,3183.0
EGY,"Egypt, Arab Rep","School age population, secondary education, female (number)",,,1973,2383114.0
FIN,Finland,"School age population, secondary education, female (number)",,,1973,238905.0
DEU,Germany,"School age population, lower secondary education, both sexes (number)",,,1973,7334492.0
GIN,Guinea,"School age population, last grade of primary education, female (number)",,,1973,49209.0
GNB,Guinea-Bissau,"School age population, last grade of primary education, female (number)",,,1973,8202.0
LBY,Libya,"School age population, secondary education, female (number)",,,1973,111843.0
LTU,Lithuania,"School age population, primary education, both sexes (number)",,,1973,228906.0
NZL,New Zealand,"School age population, primary education, both sexes (number)",,,1973,366484.0
NZL,New Zealand,"School age population, upper secondary education, both sexes (number)",,,1973,170385.0
OMN,Oman,"School age population, tertiary education, male (number)",,,1973,30331.0
PRT,Portugal,"School age population, lower secondary education, both sexes (number)",,,1973,494125.0
SOM,Somalia,"School age population, last grade of primary education, female (number)",,,1973,49405.0
ZAF,South Africa,"School age population, upper secondary education, both sexes (number)",,,1973,1001105.0
GUM,Guam,"Repeaters in Grade 5 of lower secondary general education, female (number)",SHARE,NUMBER,1974,0.0
MOZ,Mozambique,"Repeaters in Grade 5 of lower secondary general education, female (number)",SHARE,NUMBER,1974,0.0
NZL,New Zealand,"Repeaters in Grade 5 of lower secondary general education, female (number)",SHARE,NUMBER,1974,0.0
WSM,Samoa,"Repeaters in Grade 5 of lower secondary general education, female (number)",SHARE,NUMBER,1974,0.0
BOL,Bolivia,"Repeaters in grade unknown of lower secondary general education, both sexes (number)",SHARE,NUMBER,1974,0.0
CRI,Costa Rica,"Repeaters in grade unknown of lower secondary general education, both sexes (number)",SHARE,NUMBER,1974,0.0
GUY,Guyana,"Repeaters in grade unknown of lower secondary general education, both sexes (number)",SHARE,NUMBER,1974,0.0
MLI,Mali,"Repeaters in grade unknown of lower secondary general education, both sexes (number)",SHARE,NUMBER,1974,0.0
BGR,Bulgaria,"School life expectancy, primary, female (years)",SHARE,NUMBER,1974,3.756109952926636
GRC,Greece,"School life expectancy, primary, female (years)",SHARE,NUMBER,1974,6.392079830169678
IRQ,Iraq,"School life expectancy, primary, female (years)",SHARE,NUMBER,1974,2.829799890518188
MDG,Madagascar,"School life expectancy, primary, female (years)",SHARE,NUMBER,1974,4.65684986114502
BTN,Bhutan,"School age population, secondary education, female (number)",,,1974,16403.0
BTN,Bhutan,"School age population, tertiary education, male (number)",,,1974,14627.0
BIH,Bosnia and Herzegovina,"School age population, secondary education, female (number)",,,1974,358273.0
BWA,Botswana,"School age population, upper secondary education, both sexes (number)",,,1974,46691.0
CMR,Cameroon,"School age population, last grade of primary education, female (number)",,,1974,85349.0
CAF,Central African Republic,"School age population, primary education, both sexes (number)",,,1974,350594.0
CHN,China,"School age population, lower secondary education, both sexes (number)",,,1974,27961924.0
DMA,Dominica,"School age population, tertiary education, male (number)",,,1974,3403.0
EGY,"Egypt, Arab Rep","School age population, secondary education, female (number)",,,1974,2438486.0
FIN,Finland,"School age population, secondary education, female (number)",,,1974,235462.0
DEU,Germany,"School age population, lower secondary education, both sexes (number)",,,1974,7538533.0
GIN,Guinea,"School age population, last grade of primary education, female (number)",,,1974,50245.0
GNB,Guinea-Bissau,"School age population, last grade of primary education, female (number)",,,1974,8284.0
LBY,Libya,"School age population, secondary education, female (number)",,,1974,126917.0
LTU,Lithuania,"School age population, primary education, both sexes (number)",,,1974,224027.0
NZL,New Zealand,"School age population, primary education, both sexes (number)",,,1974,365399.0
NZL,New Zealand,"School age population, upper secondary education, both sexes (number)",,,1974,175849.0
OMN,Oman,"School age population, tertiary education, male (number)",,,1974,31353.0
PRT,Portugal,"School age population, lower secondary education, both sexes (number)",,,1974,495279.0
SOM,Somalia,"School age population, last grade of primary education, female (number)",,,1974,50632.0
ZAF,South Africa,"School age population, upper secondary education, both sexes (number)",,,1974,1035038.0
GUM,Guam,"Repeaters in Grade 5 of lower secondary general education, female (number)",SHARE,NUMBER,1975,0.0
MOZ,Mozambique,"Repeaters in Grade 5 of lower secondary general education, female (number)",SHARE,NUMBER,1975,0.0
NZL,New Zealand,"Repeaters in Grade 5 of lower secondary general education, female (number)",SHARE,NUMBER,1975,0.0
WSM,Samoa,"Repeaters in Grade 5 of lower secondary general education, female (number)",SHARE,NUMBER,1975,0.0
BOL,Bolivia,"Repeaters in grade unknown of lower secondary general education, both sexes (number)",SHARE,NUMBER,1975,0.0
CRI,Costa Rica,"Repeaters in grade unknown of lower secondary general education, both sexes (number)",SHARE,NUMBER,1975,0.0
GUY,Guyana,"Repeaters in grade unknown of lower secondary general education, both sexes (number)",SHARE,NUMBER,1975,0.0
MLI,Mali,"Repeaters in grade unknown of lower secondary general education, both sexes (number)",SHARE,NUMBER,1975,0.0
BGR,Bulgaria,"School life expectancy, primary, female (years)",SHARE,NUMBER,1975,3.637809991836548
GRC,Greece,"School life expectancy, primary, female (years)",SHARE,NUMBER,1975,6.347720146179199
IRQ,Iraq,"School life expectancy, primary, female (years)",SHARE,NUMBER,1975,3.125459909439087
MDG,Madagascar,"School life expectancy, primary, female (years)",SHARE,NUMBER,1975,5.001780033111572
BTN,Bhutan,"School age population, secondary education, female (number)",,,1975,17022.0
BTN,Bhutan,"School age population, tertiary education, male (number)",,,1975,15124.0
BIH,Bosnia and Herzegovina,"School age population, secondary education, female (number)",,,1975,357441.0
BWA,Botswana,"School age population, upper secondary education, both sexes (number)",,,1975,49558.0
CMR,Cameroon,"School age population, last grade of primary education, female (number)",,,1975,88510.0
CAF,Central African Republic,"School age population, primary education, both sexes (number)",,,1975,362395.0
CHN,China,"School age population, lower secondary education, both sexes (number)",,,1975,36022424.0
DMA,Dominica,"School age population, tertiary education, male (number)",,,1975,3616.0
EGY,"Egypt, Arab Rep","School age population, secondary education, female (number)",,,1975,2496076.0
FIN,Finland,"School age population, secondary education, female (number)",,,1975,232483.0
DEU,Germany,"School age population, lower secondary education, both sexes (number)",,,1975,7717558.0
GIN,Guinea,"School age population, last grade of primary education, female (number)",,,1975,51328.0
GNB,Guinea-Bissau,"School age population, last grade of primary education, female (number)",,,1975,8259.0
LBY,Libya,"School age population, secondary education, female (number)",,,1975,141181.0
LTU,Lithuania,"School age population, primary education, both sexes (number)",,,1975,220729.0
NZL,New Zealand,"School age population, primary education, both sexes (number)",,,1975,367420.0
NZL,New Zealand,"School age population, upper secondary education, both sexes (number)",,,1975,180492.0
OMN,Oman,"School age population, tertiary education, male (number)",,,1975,33092.0
PRT,Portugal,"School age population, lower secondary education, both sexes (number)",,,1975,507418.0
SOM,Somalia,"School age population, last grade of primary education, female (number)",,,1975,51814.0
ZAF,South Africa,"School age population, upper secondary education, both sexes (number)",,,1975,1063580.0
GUM,Guam,"Repeaters in Grade 5 of lower secondary general education, female (number)",SHARE,NUMBER,1976,0.0
MOZ,Mozambique,"Repeaters in Grade 5 of lower secondary general education, female (number)",SHARE,NUMBER,1976,0.0
NZL,New Zealand,"Repeaters in Grade 5 of lower secondary general education, female (number)",SHARE,NUMBER,1976,0.0
WSM,Samoa,"Repeaters in Grade 5 of lower secondary general education, female (number)",SHARE,NUMBER,1976,0.0
BOL,Bolivia,"Repeaters in grade unknown of lower secondary general education, both sexes (number)",SHARE,NUMBER,1976,0.0
CRI,Costa Rica,"Repeaters in grade unknown of lower secondary general education, both sexes (number)",SHARE,NUMBER,1976,0.0
GUY,Guyana,"Repeaters in grade unknown of lower secondary general education, both sexes (number)",SHARE,NUMBER,1976,0.0
MLI,Mali,"Repeaters in grade unknown of lower secondary general education, both sexes (number)",SHARE,NUMBER,1976,0.0
BGR,Bulgaria,"School life expectancy, primary, female (years)",SHARE,NUMBER,1976,3.659280061721802
GRC,Greece,"School life expectancy, primary, female (years)",SHARE,NUMBER,1976,6.338089942932129
IRQ,Iraq,"School life expectancy, primary, female (years)",SHARE,NUMBER,1976,3.535379886627197
MDG,Madagascar,"School life expectancy, primary, female (years)",SHARE,NUMBER,1976,4.785860061645508
BTN,Bhutan,"School age population, secondary education, female (number)",,,1976,17688.0
BTN,Bhutan,"School age population, tertiary education, male (number)",,,1976,15641.0
BIH,Bosnia and Herzegovina,"School age population, secondary education, female (number)",,,1976,356157.0
BWA,Botswana,"School age population, upper secondary education, both sexes (number)",,,1976,52174.0
CMR,Cameroon,"School age population, last grade of primary education, female (number)",,,1976,91535.0
CAF,Central African Republic,"School age population, primary education, both sexes (number)",,,1976,374320.0
CHN,China,"School age population, lower secondary education, both sexes (number)",,,1976,50495416.0
DMA,Dominica,"School age population, tertiary education, male (number)",,,1976,3815.0
EGY,"Egypt, Arab Rep","School age population, secondary education, female (number)",,,1976,2557705.0
FIN,Finland,"School age population, secondary education, female (number)",,,1976,228913.0
DEU,Germany,"School age population, lower secondary education, both sexes (number)",,,1976,7817423.0
GIN,Guinea,"School age population, last grade of primary education, female (number)",,,1976,52378.0
GNB,Guinea-Bissau,"School age population, last grade of primary education, female (number)",,,1976,8249.0
LBY,Libya,"School age population, secondary education, female (number)",,,1976,157521.0
LTU,Lithuania,"School age population, primary education, both sexes (number)",,,1976,219327.0
NZL,New Zealand,"School age population, primary education, both sexes (number)",,,1976,372337.0
NZL,New Zealand,"School age population, upper secondary education, both sexes (number)",,,1976,185447.0
OMN,Oman,"School age population, tertiary education, male (number)",,,1976,35100.0
PRT,Portugal,"School age population, lower secondary education, both sexes (number)",,,1976,508007.0
SOM,Somalia,"School age population, last grade of primary education, female (number)",,,1976,53034.0
ZAF,South Africa,"School age population, upper secondary education, both sexes (number)",,,1976,1079609.0
GUM,Guam,"Repeaters in Grade 5 of lower secondary general education, female (number)",SHARE,NUMBER,1977,0.0
MOZ,Mozambique,"Repeaters in Grade 5 of lower secondary general education, female (number)",SHARE,NUMBER,1977,0.0
NZL,New Zealand,"Repeaters in Grade 5 of lower secondary general education, female (number)",SHARE,NUMBER,1977,0.0
WSM,Samoa,"Repeaters in Grade 5 of lower secondary general education, female (number)",SHARE,NUMBER,1977,0.0
BOL,Bolivia,"Repeaters in grade unknown of lower secondary general education, both sexes (number)",SHARE,NUMBER,1977,0.0
CRI,Costa Rica,"Repeaters in grade unknown of lower secondary general education, both sexes (number)",SHARE,NUMBER,1977,0.0
GUY,Guyana,"Repeaters in grade unknown of lower secondary general education, both sexes (number)",SHARE,NUMBER,1977,0.0
MLI,Mali,"Repeaters in grade unknown of lower secondary general education, both sexes (number)",SHARE,NUMBER,1977,0.0
BGR,Bulgaria,"School life expectancy, primary, female (years)",SHARE,NUMBER,1977,3.663980007171631
GRC,Greece,"School life expectancy, primary, female (years)",SHARE,NUMBER,1977,6.307630062103271
IRQ,Iraq,"School life expectancy, primary, female (years)",SHARE,NUMBER,1977,3.99741005897522
MDG,Madagascar,"School life expectancy, primary, female (years)",SHARE,NUMBER,1977,5.078929901123047
BTN,Bhutan,"School age population, secondary education, female (number)",,,1977,18399.0
BTN,Bhutan,"School age population, tertiary education, male (number)",,,1977,16179.0
BIH,Bosnia and Herzegovina,"School age population, secondary education, female (number)",,,1977,353018.0
BWA,Botswana,"School age population, upper secondary education, both sexes (number)",,,1977,54629.0
CMR,Cameroon,"School age population, last grade of primary education, female (number)",,,1977,94691.0
CAF,Central African Republic,"School age population, primary education, both sexes (number)",,,1977,379944.0
CHN,China,"School age population, lower secondary education, both sexes (number)",,,1977,75894248.0
DMA,Dominica,"School age population, tertiary education, male (number)",,,1977,3982.0
EGY,"Egypt, Arab Rep","School age population, secondary education, female (number)",,,1977,2620191.0
FIN,Finland,"School age population, secondary education, female (number)",,,1977,227001.0
DEU,Germany,"School age population, lower secondary education, both sexes (number)",,,1977,7865690.0
GIN,Guinea,"School age population, last grade of primary education, female (number)",,,1977,53482.0
GNB,Guinea-Bissau,"School age population, last grade of primary education, female (number)",,,1977,8257.0
LBY,Libya,"School age population, secondary education, female (number)",,,1977,175510.0
LTU,Lithuania,"School age population, primary education, both sexes (number)",,,1977,219643.0
NZL,New Zealand,"School age population, primary education, both sexes (number)",,,1977,375895.0
NZL,New Zealand,"School age population, upper secondary education, both sexes (number)",,,1977,191191.0
OMN,Oman,"School age population, tertiary education, male (number)",,,1977,37458.0
PRT,Portugal,"School age population, lower secondary education, both sexes (number)",,,1977,515139.0
SOM,Somalia,"School age population, last grade of primary education, female (number)",,,1977,54303.0
ZAF,South Africa,"School age population, upper secondary education, both sexes (number)",,,1977,1091164.0
GUM,Guam,"Repeaters in Grade 5 of lower secondary general education, female (number)",SHARE,NUMBER,1978,0.0
MOZ,Mozambique,"Repeaters in Grade 5 of lower secondary general education, female (number)",SHARE,NUMBER,1978,0.0
NZL,New Zealand,"Repeaters in Grade 5 of lower secondary general education, female (number)",SHARE,NUMBER,1978,0.0
WSM,Samoa,"Repeaters in Grade 5 of lower secondary general education, female (number)",SHARE,NUMBER,1978,0.0
BOL,Bolivia,"Repeaters in grade unknown of lower secondary general education, both sexes (number)",SHARE,NUMBER,1978,0.0
CRI,Costa Rica,"Repeaters in grade unknown of lower secondary general education, both sexes (number)",SHARE,NUMBER,1978,0.0
GUY,Guyana,"Repeaters in grade unknown of lower secondary general education, both sexes (number)",SHARE,NUMBER,1978,0.0
MLI,Mali,"Repeaters in grade unknown of lower secondary general education, both sexes (number)",SHARE,NUMBER,1978,0.0
BGR,Bulgaria,"School life expectancy, primary, female (years)",SHARE,NUMBER,1978,3.714339971542358
GRC,Greece,"School life expectancy, primary, female (years)",SHARE,NUMBER,1978,6.26308012008667
IRQ,Iraq,"School life expectancy, primary, female (years)",SHARE,NUMBER,1978,4.247419834136963
MDG,Madagascar,"School life expectancy, primary, female (years)",SHARE,NUMBER,1978,5.455920219421387
BTN,Bhutan,"School age population, secondary education, female (number)",,,1978,19149.0
BTN,Bhutan,"School age population, tertiary education, male (number)",,,1978,16749.0
BIH,Bosnia and Herzegovina,"School age population, secondary education, female (number)",,,1978,348424.0
BWA,Botswana,"School age population, upper secondary education, both sexes (number)",,,1978,56942.0
CMR,Cameroon,"School age population, last grade of primary education, female (number)",,,1978,97978.0
CAF,Central African Republic,"School age population, primary education, both sexes (number)",,,1978,384834.0
CHN,China,"School age population, lower secondary education, both sexes (number)",,,1978,79200584.0
DMA,Dominica,"School age population, tertiary education, male (number)",,,1978,4113.0
EGY,"Egypt, Arab Rep","School age population, secondary education, female (number)",,,1978,2681483.0
FIN,Finland,"School age population, secondary education, female (number)",,,1978,227201.0
DEU,Germany,"School age population, lower secondary education, both sexes (number)",,,1978,7827339.0
GIN,Guinea,"School age population, last grade of primary education, female (number)",,,1978,54592.0
GNB,Guinea-Bissau,"School age population, last grade of primary education, female (number)",,,1978,8306.0
LBY,Libya,"School age population, secondary education, female (number)",,,1978,193567.0
LTU,Lithuania,"School age population, primary education, both sexes (number)",,,1978,220759.0
NZL,New Zealand,"School age population, primary education, both sexes (number)",,,1978,375318.0
NZL,New Zealand,"School age population, upper secondary education, both sexes (number)",,,1978,195015.0
OMN,Oman,"School age population, tertiary education, male (number)",,,1978,40083.0
PRT,Portugal,"School age population, lower secondary education, both sexes (number)",,,1978,518485.0
SOM,Somalia,"School age population, last grade of primary education, female (number)",,,1978,55698.0
ZAF,South Africa,"School age population, upper secondary education, both sexes (number)",,,1978,1123399.0
GUM,Guam,"Repeaters in Grade 5 of lower secondary general education, female (number)",SHARE,NUMBER,1979,0.0
MOZ,Mozambique,"Repeaters in Grade 5 of lower secondary general education, female (number)",SHARE,NUMBER,1979,0.0
NZL,New Zealand,"Repeaters in Grade 5 of lower secondary general education, female (number)",SHARE,NUMBER,1979,0.0
WSM,Samoa,"Repeaters in Grade 5 of lower secondary general education, female (number)",SHARE,NUMBER,1979,0.0
BOL,Bolivia,"Repeaters in grade unknown of lower secondary general education, both sexes (number)",SHARE,NUMBER,1979,0.0
CRI,Costa Rica,"Repeaters in grade unknown of lower secondary general education, both sexes (number)",SHARE,NUMBER,1979,0.0
GUY,Guyana,"Repeaters in grade unknown of lower secondary general education, both sexes (number)",SHARE,NUMBER,1979,0.0
MLI,Mali,"Repeaters in grade unknown of lower secondary general education, both sexes (number)",SHARE,NUMBER,1979,0.0
BGR,Bulgaria,"School life expectancy, primary, female (years)",SHARE,NUMBER,1979,3.728399991989136
GRC,Greece,"School life expectancy, primary, female (years)",SHARE,NUMBER,1979,6.190599918365479
IRQ,Iraq,"School life expectancy, primary, female (years)",SHARE,NUMBER,1979,5.614389896392822
MDG,Madagascar,"School life expectancy, primary, female (years)",SHARE,NUMBER,1979,5.399919986724854
BTN,Bhutan,"School age population, secondary education, female (number)",,,1979,19935.0
BTN,Bhutan,"School age population, tertiary education, male (number)",,,1979,17348.0
BIH,Bosnia and Herzegovina,"School age population, secondary education, female (number)",,,1979,342732.0
BWA,Botswana,"School age population, upper secondary education, both sexes (number)",,,1979,59495.0
CMR,Cameroon,"School age population, last grade of primary education, female (number)",,,1979,101333.0
CAF,Central African Republic,"School age population, primary education, both sexes (number)",,,1979,388464.0
CHN,China,"School age population, lower secondary education, both sexes (number)",,,1979,76224968.0
DMA,Dominica,"School age population, tertiary education, male (number)",,,1979,4206.0
EGY,"Egypt, Arab Rep","School age population, secondary education, female (number)",,,1979,2744665.0
FIN,Finland,"School age population, secondary education, female (number)",,,1979,225025.0
DEU,Germany,"School age population, lower secondary education, both sexes (number)",,,1979,7716771.0
GIN,Guinea,"School age population, last grade of primary education, female (number)",,,1979,55748.0
GNB,Guinea-Bissau,"School age population, last grade of primary education, female (number)",,,1979,8717.0
LBY,Libya,"School age population, secondary education, female (number)",,,1979,210097.0
LTU,Lithuania,"School age population, primary education, both sexes (number)",,,1979,222682.0
NZL,New Zealand,"School age population, primary education, both sexes (number)",,,1979,370808.0
NZL,New Zealand,"School age population, upper secondary education, both sexes (number)",,,1979,195016.0
OMN,Oman,"School age population, tertiary education, male (number)",,,1979,42866.0
PRT,Portugal,"School age population, lower secondary education, both sexes (number)",,,1979,520868.0
SOM,Somalia,"School age population, last grade of primary education, female (number)",,,1979,62080.0
ZAF,South Africa,"School age population, upper secondary education, both sexes (number)",,,1979,1157296.0
GUM,Guam,"Repeaters in Grade 5 of lower secondary general education, female (number)",SHARE,NUMBER,1980,0.0
MOZ,Mozambique,"Repeaters in Grade 5 of lower secondary general education, female (number)",SHARE,NUMBER,1980,0.0
NZL,New Zealand,"Repeaters in Grade 5 of lower secondary general education, female (number)",SHARE,NUMBER,1980,0.0
WSM,Samoa,"Repeaters in Grade 5 of lower secondary general education, female (number)",SHARE,NUMBER,1980,0.0
BOL,Bolivia,"Repeaters in grade unknown of lower secondary general education, both sexes (number)",SHARE,NUMBER,1980,0.0
CRI,Costa Rica,"Repeaters in grade unknown of lower secondary general education, both sexes (number)",SHARE,NUMBER,1980,0.0
GUY,Guyana,"Repeaters in grade unknown of lower secondary general education, both sexes (number)",SHARE,NUMBER,1980,0.0
MLI,Mali,"Repeaters in grade unknown of lower secondary general education, both sexes (number)",SHARE,NUMBER,1980,0.0
BGR,Bulgaria,"School life expectancy, primary, female (years)",SHARE,NUMBER,1980,3.767460107803345
GRC,Greece,"School life expectancy, primary, female (years)",SHARE,NUMBER,1980,6.05728006362915
IRQ,Iraq,"School life expectancy, primary, female (years)",SHARE,NUMBER,1980,6.053850173950195
MDG,Madagascar,"School life expectancy, primary, female (years)",SHARE,NUMBER,1980,5.800670146942139
BTN,Bhutan,"School age population, secondary education, female (number)",,,1980,20745.0
BTN,Bhutan,"School age population, tertiary education, male (number)",,,1980,17967.0
BIH,Bosnia and Herzegovina,"School age population, secondary education, female (number)",,,1980,336279.0
BWA,Botswana,"School age population, upper secondary education, both sexes (number)",,,1980,62313.0
CMR,Cameroon,"School age population, last grade of primary education, female (number)",,,1980,104680.0
CAF,Central African Republic,"School age population, primary education, both sexes (number)",,,1980,390860.0
CHN,China,"School age population, lower secondary education, both sexes (number)",,,1980,74483096.0
DMA,Dominica,"School age population, tertiary education, male (number)",,,1980,4284.0
EGY,"Egypt, Arab Rep","School age population, secondary education, female (number)",,,1980,2805099.0
FIN,Finland,"School age population, secondary education, female (number)",,,1980,223182.0
DEU,Germany,"School age population, lower secondary education, both sexes (number)",,,1980,7501942.0
GIN,Guinea,"School age population, last grade of primary education, female (number)",,,1980,56959.0
GNB,Guinea-Bissau,"School age population, last grade of primary education, female (number)",,,1980,8826.0
LBY,Libya,"School age population, secondary education, female (number)",,,1980,224138.0
LTU,Lithuania,"School age population, primary education, both sexes (number)",,,1980,223051.0
NZL,New Zealand,"School age population, primary education, both sexes (number)",,,1980,362073.0
NZL,New Zealand,"School age population, upper secondary education, both sexes (number)",,,1980,191289.0
OMN,Oman,"School age population, tertiary education, male (number)",,,1980,45648.0
PRT,Portugal,"School age population, lower secondary education, both sexes (number)",,,1980,516514.0
SOM,Somalia,"School age population, last grade of primary education, female (number)",,,1980,70865.0
ZAF,South Africa,"School age population, upper secondary education, both sexes (number)",,,1980,1185951.0
GUM,Guam,"Repeaters in Grade 5 of lower secondary general education, female (number)",SHARE,NUMBER,1981,0.0
MOZ,Mozambique,"Repeaters in Grade 5 of lower secondary general education, female (number)",SHARE,NUMBER,1981,0.0
NZL,New Zealand,"Repeaters in Grade 5 of lower secondary general education, female (number)",SHARE,NUMBER,1981,0.0
WSM,Samoa,"Repeaters in Grade 5 of lower secondary general education, female (number)",SHARE,NUMBER,1981,0.0
BOL,Bolivia,"Repeaters in grade unknown of lower secondary general education, both sexes (number)",SHARE,NUMBER,1981,0.0
CRI,Costa Rica,"Repeaters in grade unknown of lower secondary general education, both sexes (number)",SHARE,NUMBER,1981,0.0
GUY,Guyana,"Repeaters in grade unknown of lower secondary general education, both sexes (number)",SHARE,NUMBER,1981,0.0
MLI,Mali,"Repeaters in grade unknown of lower secondary general education, both sexes (number)",SHARE,NUMBER,1981,0.0
BGR,Bulgaria,"School life expectancy, primary, female (years)",SHARE,NUMBER,1981,3.842339992523193
GRC,Greece,"School life expectancy, primary, female (years)",SHARE,NUMBER,1981,6.090849876403809
IRQ,Iraq,"School life expectancy, primary, female (years)",SHARE,NUMBER,1981,6.070059776306152
MDG,Madagascar,"School life expectancy, primary, female (years)",SHARE,NUMBER,1981,6.20757007598877
BTN,Bhutan,"School age population, secondary education, female (number)",,,1981,21575.0
BTN,Bhutan,"School age population, tertiary education, male (number)",,,1981,18617.0
BIH,Bosnia and Herzegovina,"School age population, secondary education, female (number)",,,1981,330035.0
BWA,Botswana,"School age population, upper secondary education, both sexes (number)",,,1981,62752.0
CMR,Cameroon,"School age population, last grade of primary education, female (number)",,,1981,108203.0
CAF,Central African Republic,"School age population, primary education, both sexes (number)",,,1981,391961.0
CHN,China,"School age population, lower secondary education, both sexes (number)",,,1981,76211568.0
DMA,Dominica,"School age population, tertiary education, male (number)",,,1981,4340.0
EGY,"Egypt, Arab Rep","School age population, secondary education, female (number)",,,1981,2863856.0
FIN,Finland,"School age population, secondary education, female (number)",,,1981,220993.0
DEU,Germany,"School age population, lower secondary education, both sexes (number)",,,1981,7200903.0
GIN,Guinea,"School age population, last grade of primary education, female (number)",,,1981,58260.0
GNB,Guinea-Bissau,"School age population, last grade of primary education, female (number)",,,1981,9161.0
LBY,Libya,"School age population, secondary education, female (number)",,,1981,235254.0
LTU,Lithuania,"School age population, primary education, both sexes (number)",,,1981,221111.0
NZL,New Zealand,"School age population, primary education, both sexes (number)",,,1981,352691.0
NZL,New Zealand,"School age population, upper secondary education, both sexes (number)",,,1981,184810.0
OMN,Oman,"School age population, tertiary education, male (number)",,,1981,48332.0
PRT,Portugal,"School age population, lower secondary education, both sexes (number)",,,1981,512770.0
SOM,Somalia,"School age population, last grade of primary education, female (number)",,,1981,73534.0
ZAF,South Africa,"School age population, upper secondary education, both sexes (number)",,,1981,1213368.0
GUM,Guam,"Repeaters in Grade 5 of lower secondary general education, female (number)",SHARE,NUMBER,1982,0.0
MOZ,Mozambique,"Repeaters in Grade 5 of lower secondary general education, female (number)",SHARE,NUMBER,1982,0.0
NZL,New Zealand,"Repeaters in Grade 5 of lower secondary general education, female (number)",SHARE,NUMBER,1982,0.0
WSM,Samoa,"Repeaters in Grade 5 of lower secondary general education, female (number)",SHARE,NUMBER,1982,0.0
BOL,Bolivia,"Repeaters in grade unknown of lower secondary general education, both sexes (number)",SHARE,NUMBER,1982,0.0
CRI,Costa Rica,"Repeaters in grade unknown of lower secondary general education, both sexes (number)",SHARE,NUMBER,1982,0.0
GUY,Guyana,"Repeaters in grade unknown of lower secondary general education, both sexes (number)",SHARE,NUMBER,1982,0.0
MLI,Mali,"Repeaters in grade unknown of lower secondary general education, both sexes (number)",SHARE,NUMBER,1982,0.0
BGR,Bulgaria,"School life expectancy, primary, female (years)",SHARE,NUMBER,1982,3.968689918518066
GRC,Greece,"School life expectancy, primary, female (years)",SHARE,NUMBER,1982,6.019509792327881
IRQ,Iraq,"School life expectancy, primary, female (years)",SHARE,NUMBER,1982,5.926149845123291
MDG,Madagascar,"School life expectancy, primary, female (years)",SHARE,NUMBER,1982,6.059040069580078
BTN,Bhutan,"School age population, secondary education, female (number)",,,1982,22426.0
BTN,Bhutan,"School age population, tertiary education, male (number)",,,1982,19296.0
BIH,Bosnia and Herzegovina,"School age population, secondary education, female (number)",,,1982,324220.0
BWA,Botswana,"School age population, upper secondary education, both sexes (number)",,,1982,65556.0
CMR,Cameroon,"School age population, last grade of primary education, female (number)",,,1982,112052.0
CAF,Central African Republic,"School age population, primary education, both sexes (number)",,,1982,392193.0
CHN,China,"School age population, lower secondary education, both sexes (number)",,,1982,78065240.0
DMA,Dominica,"School age population, tertiary education, male (number)",,,1982,4374.0
EGY,"Egypt, Arab Rep","School age population, secondary education, female (number)",,,1982,2918817.0
FIN,Finland,"School age population, secondary education, female (number)",,,1982,218083.0
DEU,Germany,"School age population, lower secondary education, both sexes (number)",,,1982,6874930.0
GIN,Guinea,"School age population, last grade of primary education, female (number)",,,1982,59644.0
GNB,Guinea-Bissau,"School age population, last grade of primary education, female (number)",,,1982,9581.0
LBY,Libya,"School age population, secondary education, female (number)",,,1982,243129.0
LTU,Lithuania,"School age population, primary education, both sexes (number)",,,1982,217776.0
NZL,New Zealand,"School age population, primary education, both sexes (number)",,,1982,343375.0
NZL,New Zealand,"School age population, upper secondary education, both sexes (number)",,,1982,179775.0
OMN,Oman,"School age population, tertiary education, male (number)",,,1982,51079.0
PRT,Portugal,"School age population, lower secondary education, both sexes (number)",,,1982,506399.0
SOM,Somalia,"School age population, last grade of primary education, female (number)",,,1982,71419.0
ZAF,South Africa,"School age population, upper secondary education, both sexes (number)",,,1982,1271909.0
GUM,Guam,"Repeaters in Grade 5 of lower secondary general education, female (number)",SHARE,NUMBER,1983,0.0
MOZ,Mozambique,"Repeaters in Grade 5 of lower secondary general education, female (number)",SHARE,NUMBER,1983,0.0
NZL,New Zealand,"Repeaters in Grade 5 of lower secondary general education, female (number)",SHARE,NUMBER,1983,0.0
WSM,Samoa,"Repeaters in Grade 5 of lower secondary general education, female (number)",SHARE,NUMBER,1983,0.0
BOL,Bolivia,"Repeaters in grade unknown of lower secondary general education, both sexes (number)",SHARE,NUMBER,1983,0.0
CRI,Costa Rica,"Repeaters in grade unknown of lower secondary general education, both sexes (number)",SHARE,NUMBER,1983,0.0
GUY,Guyana,"Repeaters in grade unknown of lower secondary general education, both sexes (number)",SHARE,NUMBER,1983,0.0
MLI,Mali,"Repeaters in grade unknown of lower secondary general education, both sexes (number)",SHARE,NUMBER,1983,0.0
BGR,Bulgaria,"School life expectancy, primary, female (years)",SHARE,NUMBER,1983,4.027649879455566
GRC,Greece,"School life expectancy, primary, female (years)",SHARE,NUMBER,1983,6.024980068206787
IRQ,Iraq,"School life expectancy, primary, female (years)",SHARE,NUMBER,1983,5.789480209350586
MDG,Madagascar,"School life expectancy, primary, female (years)",SHARE,NUMBER,1983,5.552750110626221
BTN,Bhutan,"School age population, secondary education, female (number)",,,1983,23294.0
BTN,Bhutan,"School age population, tertiary education, male (number)",,,1983,20009.0
BIH,Bosnia and Herzegovina,"School age population, secondary education, female (number)",,,1983,318915.0
BWA,Botswana,"School age population, upper secondary education, both sexes (number)",,,1983,67940.0
CMR,Cameroon,"School age population, last grade of primary education, female (number)",,,1983,115747.0
CAF,Central African Republic,"School age population, primary education, both sexes (number)",,,1983,393814.0
CHN,China,"School age population, lower secondary education, both sexes (number)",,,1983,82056312.0
DMA,Dominica,"School age population, tertiary education, male (number)",,,1983,4381.0
EGY,"Egypt, Arab Rep","School age population, secondary education, female (number)",,,1983,2973088.0
FIN,Finland,"School age population, secondary education, female (number)",,,1983,212024.0
DEU,Germany,"School age population, lower secondary education, both sexes (number)",,,1983,6460386.0
GIN,Guinea,"School age population, last grade of primary education, female (number)",,,1983,61104.0
GNB,Guinea-Bissau,"School age population, last grade of primary education, female (number)",,,1983,10007.0
LBY,Libya,"School age population, secondary education, female (number)",,,1983,247760.0
LTU,Lithuania,"School age population, primary education, both sexes (number)",,,1983,214388.0
NZL,New Zealand,"School age population, primary education, both sexes (number)",,,1983,332463.0
NZL,New Zealand,"School age population, upper secondary education, both sexes (number)",,,1983,178868.0
OMN,Oman,"School age population, tertiary education, male (number)",,,1983,53796.0
PRT,Portugal,"School age population, lower secondary education, both sexes (number)",,,1983,504479.0
SOM,Somalia,"School age population, last grade of primary education, female (number)",,,1983,73446.0
ZAF,South Africa,"School age population, upper secondary education, both sexes (number)",,,1983,1345380.0
GUM,Guam,"Repeaters in Grade 5 of lower secondary general education, female (number)",SHARE,NUMBER,1984,0.0
MOZ,Mozambique,"Repeaters in Grade 5 of lower secondary general education, female (number)",SHARE,NUMBER,1984,0.0
NZL,New Zealand,"Repeaters in Grade 5 of lower secondary general education, female (number)",SHARE,NUMBER,1984,0.0
WSM,Samoa,"Repeaters in Grade 5 of lower secondary general education, female (number)",SHARE,NUMBER,1984,0.0
BOL,Bolivia,"Repeaters in grade unknown of lower secondary general education, both sexes (number)",SHARE,NUMBER,1984,0.0
CRI,Costa Rica,"Repeaters in grade unknown of lower secondary general education, both sexes (number)",SHARE,NUMBER,1984,0.0
GUY,Guyana,"Repeaters in grade unknown of lower secondary general education, both sexes (number)",SHARE,NUMBER,1984,0.0
MLI,Mali,"Repeaters in grade unknown of lower secondary general education, both sexes (number)",SHARE,NUMBER,1984,0.0
BGR,Bulgaria,"School life expectancy, primary, female (years)",SHARE,NUMBER,1984,4.076759815216064
GRC,Greece,"School life expectancy, primary, female (years)",SHARE,NUMBER,1984,6.003620147705078
IRQ,Iraq,"School life expectancy, primary, female (years)",SHARE,NUMBER,1984,5.616399765014648
BTN,Bhutan,"School age population, secondary education, female (number)",,,1984,24183.0
BTN,Bhutan,"School age population, tertiary education, male (number)",,,1984,20771.0
BIH,Bosnia and Herzegovina,"School age population, secondary education, female (number)",,,1984,313899.0
BWA,Botswana,"School age population, upper secondary education, both sexes (number)",,,1984,70084.0
CMR,Cameroon,"School age population, last grade of primary education, female (number)",,,1984,119134.0
CAF,Central African Republic,"School age population, primary education, both sexes (number)",,,1984,396672.0
CHN,China,"School age population, lower secondary education, both sexes (number)",,,1984,80973000.0
DMA,Dominica,"School age population, tertiary education, male (number)",,,1984,4376.0
EGY,"Egypt, Arab Rep","School age population, secondary education, female (number)",,,1984,3033424.0
FIN,Finland,"School age population, secondary education, female (number)",,,1984,205835.0
DEU,Germany,"School age population, lower secondary education, both sexes (number)",,,1984,6007404.0
GIN,Guinea,"School age population, last grade of primary education, female (number)",,,1984,62556.0
GNB,Guinea-Bissau,"School age population, last grade of primary education, female (number)",,,1984,10453.0
LBY,Libya,"School age population, secondary education, female (number)",,,1984,250705.0
LTU,Lithuania,"School age population, primary education, both sexes (number)",,,1984,212185.0
NZL,New Zealand,"School age population, primary education, both sexes (number)",,,1984,322589.0
NZL,New Zealand,"School age population, upper secondary education, both sexes (number)",,,1984,180493.0
OMN,Oman,"School age population, tertiary education, male (number)",,,1984,56364.0
PRT,Portugal,"School age population, lower secondary education, both sexes (number)",,,1984,504111.0
SOM,Somalia,"School age population, last grade of primary education, female (number)",,,1984,75413.0
ZAF,South Africa,"School age population, upper secondary education, both sexes (number)",,,1984,1449585.0
GUM,Guam,"Repeaters in Grade 5 of lower secondary general education, female (number)",SHARE,NUMBER,1985,0.0
MOZ,Mozambique,"Repeaters in Grade 5 of lower secondary general education, female (number)",SHARE,NUMBER,1985,0.0
NZL,New Zealand,"Repeaters in Grade 5 of lower secondary general education, female (number)",SHARE,NUMBER,1985,0.0
WSM,Samoa,"Repeaters in Grade 5 of lower secondary general education, female (number)",SHARE,NUMBER,1985,0.0
BOL,Bolivia,"Repeaters in grade unknown of lower secondary general education, both sexes (number)",SHARE,NUMBER,1985,0.0
CRI,Costa Rica,"Repeaters in grade unknown of lower secondary general education, both sexes (number)",SHARE,NUMBER,1985,0.0
GUY,Guyana,"Repeaters in grade unknown of lower secondary general education, both sexes (number)",SHARE,NUMBER,1985,0.0
MLI,Mali,"Repeaters in grade unknown of lower secondary general education, both sexes (number)",SHARE,NUMBER,1985,0.0
BGR,Bulgaria,"School life expectancy, primary, female (years)",SHARE,NUMBER,1985,4.143280029296875
GRC,Greece,"School life expectancy, primary, female (years)",SHARE,NUMBER,1985,5.983910083770752
IRQ,Iraq,"School life expectancy, primary, female (years)",SHARE,NUMBER,1985,5.570869922637939
MDG,Madagascar,"School life expectancy, primary, female (years)",SHARE,NUMBER,1985,5.228750228881836
BTN,Bhutan,"School age population, secondary education, female (number)",,,1985,25092.0
BTN,Bhutan,"School age population, tertiary education, male (number)",,,1985,21569.0
BIH,Bosnia and Herzegovina,"School age population, secondary education, female (number)",,,1985,309704.0
BWA,Botswana,"School age population, upper secondary education, both sexes (number)",,,1985,72163.0
CMR,Cameroon,"School age population, last grade of primary education, female (number)",,,1985,122891.0
CAF,Central African Republic,"School age population, primary education, both sexes (number)",,,1985,401374.0
CHN,China,"School age population, lower secondary education, both sexes (number)",,,1985,79461880.0
DMA,Dominica,"School age population, tertiary education, male (number)",,,1985,4360.0
EGY,"Egypt, Arab Rep","School age population, secondary education, female (number)",,,1985,3095143.0
FIN,Finland,"School age population, secondary education, female (number)",,,1985,199464.0
DEU,Germany,"School age population, lower secondary education, both sexes (number)",,,1985,5589148.0
GIN,Guinea,"School age population, last grade of primary education, female (number)",,,1985,64010.0
GNB,Guinea-Bissau,"School age population, last grade of primary education, female (number)",,,1985,10877.0
LBY,Libya,"School age population, secondary education, female (number)",,,1985,252796.0
LTU,Lithuania,"School age population, primary education, both sexes (number)",,,1985,212330.0
NZL,New Zealand,"School age population, primary education, both sexes (number)",,,1985,314838.0
NZL,New Zealand,"School age population, upper secondary education, both sexes (number)",,,1985,183121.0
OMN,Oman,"School age population, tertiary education, male (number)",,,1985,58751.0
PRT,Portugal,"School age population, lower secondary education, both sexes (number)",,,1985,507401.0
SOM,Somalia,"School age population, last grade of primary education, female (number)",,,1985,77920.0
ZAF,South Africa,"School age population, upper secondary education, both sexes (number)",,,1985,1558252.0
GUM,Guam,"Repeaters in Grade 5 of lower secondary general education, female (number)",SHARE,NUMBER,1986,0.0
MOZ,Mozambique,"Repeaters in Grade 5 of lower secondary general education, female (number)",SHARE,NUMBER,1986,0.0
NZL,New Zealand,"Repeaters in Grade 5 of lower secondary general education, female (number)",SHARE,NUMBER,1986,0.0
WSM,Samoa,"Repeaters in Grade 5 of lower secondary general education, female (number)",SHARE,NUMBER,1986,0.0
BOL,Bolivia,"Repeaters in grade unknown of lower secondary general education, both sexes (number)",SHARE,NUMBER,1986,0.0
CRI,Costa Rica,"Repeaters in grade unknown of lower secondary general education, both sexes (number)",SHARE,NUMBER,1986,0.0
GUY,Guyana,"Repeaters in grade unknown of lower secondary general education, both sexes (number)",SHARE,NUMBER,1986,0.0
MLI,Mali,"Repeaters in grade unknown of lower secondary general education, both sexes (number)",SHARE,NUMBER,1986,0.0
BGR,Bulgaria,"School life expectancy, primary, female (years)",SHARE,NUMBER,1986,4.156320095062256
GRC,Greece,"School life expectancy, primary, female (years)",SHARE,NUMBER,1986,5.943319797515869
IRQ,Iraq,"School life expectancy, primary, female (years)",SHARE,NUMBER,1986,5.614500045776367
BTN,Bhutan,"School age population, secondary education, female (number)",,,1986,29512.0
BTN,Bhutan,"School age population, tertiary education, male (number)",,,1986,20979.0
BIH,Bosnia and Herzegovina,"School age population, secondary education, female (number)",,,1986,306300.0
BWA,Botswana,"School age population, upper secondary education, both sexes (number)",,,1986,48878.0
CMR,Cameroon,"School age population, last grade of primary education, female (number)",,,1986,126552.0
CAF,Central African Republic,"School age population, primary education, both sexes (number)",,,1986,408232.0
CHN,China,"School age population, lower secondary education, both sexes (number)",,,1986,76524784.0
DMA,Dominica,"School age population, tertiary education, male (number)",,,1986,4315.0
EGY,"Egypt, Arab Rep","School age population, secondary education, female (number)",,,1986,3158891.0
FIN,Finland,"School age population, secondary education, female (number)",,,1986,191599.0
DEU,Germany,"School age population, lower secondary education, both sexes (number)",,,1986,5234944.0
GIN,Guinea,"School age population, last grade of primary education, female (number)",,,1986,65571.0
GNB,Guinea-Bissau,"School age population, last grade of primary education, female (number)",,,1986,11306.0
LBY,Libya,"School age population, secondary education, female (number)",,,1986,257158.0
LTU,Lithuania,"School age population, primary education, both sexes (number)",,,1986,212848.0
NZL,New Zealand,"School age population, primary education, both sexes (number)",,,1986,309056.0
NZL,New Zealand,"School age population, upper secondary education, both sexes (number)",,,1986,184738.0
OMN,Oman,"School age population, tertiary education, male (number)",,,1986,65814.0
PRT,Portugal,"School age population, lower secondary education, both sexes (number)",,,1986,507749.0
SOM,Somalia,"School age population, last grade of primary education, female (number)",,,1986,80619.0
ZAF,South Africa,"School age population, upper secondary education, both sexes (number)",,,1986,1698750.0
GUM,Guam,"Repeaters in Grade 5 of lower secondary general education, female (number)",SHARE,NUMBER,1987,0.0
MOZ,Mozambique,"Repeaters in Grade 5 of lower secondary general education, female (number)",SHARE,NUMBER,1987,0.0
NZL,New Zealand,"Repeaters in Grade 5 of lower secondary general education, female (number)",SHARE,NUMBER,1987,0.0
WSM,Samoa,"Repeaters in Grade 5 of lower secondary general education, female (number)",SHARE,NUMBER,1987,0.0
BOL,Bolivia,"Repeaters in grade unknown of lower secondary general education, both sexes (number)",SHARE,NUMBER,1987,0.0
CRI,Costa Rica,"Repeaters in grade unknown of lower secondary general education, both sexes (number)",SHARE,NUMBER,1987,0.0
GUY,Guyana,"Repeaters in grade unknown of lower secondary general education, both sexes (number)",SHARE,NUMBER,1987,0.0
MLI,Mali,"Repeaters in grade unknown of lower secondary general education, both sexes (number)",SHARE,NUMBER,1987,0.0
BGR,Bulgaria,"School life expectancy, primary, female (years)",SHARE,NUMBER,1987,4.255720138549805
GRC,Greece,"School life expectancy, primary, female (years)",SHARE,NUMBER,1987,5.789760112762451
IRQ,Iraq,"School life expectancy, primary, female (years)",SHARE,NUMBER,1987,5.662179946899414
BTN,Bhutan,"School age population, secondary education, female (number)",,,1987,30609.0
BTN,Bhutan,"School age population, tertiary education, male (number)",,,1987,21754.0
BIH,Bosnia and Herzegovina,"School age population, secondary education, female (number)",,,1987,303007.0
BWA,Botswana,"School age population, upper secondary education, both sexes (number)",,,1987,50383.0
CMR,Cameroon,"School age population, last grade of primary education, female (number)",,,1987,130638.0
CAF,Central African Republic,"School age population, primary education, both sexes (number)",,,1987,416892.0
CHN,China,"School age population, lower secondary education, both sexes (number)",,,1987,73366512.0
DMA,Dominica,"School age population, tertiary education, male (number)",,,1987,4221.0
EGY,"Egypt, Arab Rep","School age population, secondary education, female (number)",,,1987,3231962.0
FIN,Finland,"School age population, secondary education, female (number)",,,1987,183237.0
DEU,Germany,"School age population, lower secondary education, both sexes (number)",,,1987,4991181.0
GIN,Guinea,"School age population, last grade of primary education, female (number)",,,1987,67032.0
GNB,Guinea-Bissau,"School age population, last grade of primary education, female (number)",,,1987,11741.0
LBY,Libya,"School age population, secondary education, female (number)",,,1987,263235.0
LTU,Lithuania,"School age population, primary education, both sexes (number)",,,1987,213902.0
NZL,New Zealand,"School age population, primary education, both sexes (number)",,,1987,304662.0
NZL,New Zealand,"School age population, upper secondary education, both sexes (number)",,,1987,185280.0
OMN,Oman,"School age population, tertiary education, male (number)",,,1987,72703.0
PRT,Portugal,"School age population, lower secondary education, both sexes (number)",,,1987,510581.0
SOM,Somalia,"School age population, last grade of primary education, female (number)",,,1987,84463.0
ZAF,South Africa,"School age population, upper secondary education, both sexes (number)",,,1987,1687561.0
GUM,Guam,"Repeaters in Grade 5 of lower secondary general education, female (number)",SHARE,NUMBER,1988,0.0
MOZ,Mozambique,"Repeaters in Grade 5 of lower secondary general education, female (number)",SHARE,NUMBER,1988,0.0
NZL,New Zealand,"Repeaters in Grade 5 of lower secondary general education, female (number)",SHARE,NUMBER,1988,0.0
WSM,Samoa,"Repeaters in Grade 5 of lower secondary general education, female (number)",SHARE,NUMBER,1988,0.0
BOL,Bolivia,"Repeaters in grade unknown of lower secondary general education, both sexes (number)",SHARE,NUMBER,1988,0.0
CRI,Costa Rica,"Repeaters in grade unknown of lower secondary general education, both sexes (number)",SHARE,NUMBER,1988,0.0
GUY,Guyana,"Repeaters in grade unknown of lower secondary general education, both sexes (number)",SHARE,NUMBER,1988,0.0
MLI,Mali,"Repeaters in grade unknown of lower secondary general education, both sexes (number)",SHARE,NUMBER,1988,0.0
BGR,Bulgaria,"School life expectancy, primary, female (years)",SHARE,NUMBER,1988,4.248410224914551
GRC,Greece,"School life expectancy, primary, female (years)",SHARE,NUMBER,1988,5.856400012969971
IRQ,Iraq,"School life expectancy, primary, female (years)",SHARE,NUMBER,1988,5.781889915466309
MDG,Madagascar,"School life expectancy, primary, female (years)",SHARE,NUMBER,1988,4.547289848327637
BTN,Bhutan,"School age population, secondary education, female (number)",,,1988,31728.0
BTN,Bhutan,"School age population, tertiary education, male (number)",,,1988,22556.0
BIH,Bosnia and Herzegovina,"School age population, secondary education, female (number)",,,1988,299506.0
BWA,Botswana,"School age population, upper secondary education, both sexes (number)",,,1988,51931.0
CMR,Cameroon,"School age population, last grade of primary education, female (number)",,,1988,135523.0
CAF,Central African Republic,"School age population, primary education, both sexes (number)",,,1988,427913.0
CHN,China,"School age population, lower secondary education, both sexes (number)",,,1988,68794944.0
DMA,Dominica,"School age population, tertiary education, male (number)",,,1988,4114.0
EGY,"Egypt, Arab Rep","School age population, secondary education, female (number)",,,1988,3318058.0
FIN,Finland,"School age population, secondary education, female (number)",,,1988,179195.0
DEU,Germany,"School age population, lower secondary education, both sexes (number)",,,1988,4820289.0
GIN,Guinea,"School age population, last grade of primary education, female (number)",,,1988,68576.0
GNB,Guinea-Bissau,"School age population, last grade of primary education, female (number)",,,1988,12139.0
LBY,Libya,"School age population, secondary education, female (number)",,,1988,270605.0
LTU,Lithuania,"School age population, primary education, both sexes (number)",,,1988,214940.0
NZL,New Zealand,"School age population, primary education, both sexes (number)",,,1988,301209.0
NZL,New Zealand,"School age population, upper secondary education, both sexes (number)",,,1988,184437.0
OMN,Oman,"School age population, tertiary education, male (number)",,,1988,79400.0
PRT,Portugal,"School age population, lower secondary education, both sexes (number)",,,1988,514213.0
SOM,Somalia,"School age population, last grade of primary education, female (number)",,,1988,87740.0
ZAF,South Africa,"School age population, upper secondary education, both sexes (number)",,,1988,1644755.0
GUM,Guam,"Repeaters in Grade 5 of lower secondary general education, female (number)",SHARE,NUMBER,1989,0.0
MOZ,Mozambique,"Repeaters in Grade 5 of lower secondary general education, female (number)",SHARE,NUMBER,1989,0.0
NZL,New Zealand,"Repeaters in Grade 5 of lower secondary general education, female (number)",SHARE,NUMBER,1989,0.0
WSM,Samoa,"Repeaters in Grade 5 of lower secondary general education, female (number)",SHARE,NUMBER,1989,0.0
BOL,Bolivia,"Repeaters in grade unknown of lower secondary general education, both sexes (number)",SHARE,NUMBER,1989,0.0
CRI,Costa Rica,"Repeaters in grade unknown of lower secondary general education, both sexes (number)",SHARE,NUMBER,1989,0.0
GUY,Guyana,"Repeaters in grade unknown of lower secondary general education, both sexes (number)",SHARE,NUMBER,1989,0.0
MLI,Mali,"Repeaters in grade unknown of lower secondary general education, both sexes (number)",SHARE,NUMBER,1989,0.0
BGR,Bulgaria,"School life expectancy, primary, female (years)",SHARE,NUMBER,1989,4.193910121917725
GRC,Greece,"School life expectancy, primary, female (years)",SHARE,NUMBER,1989,5.827610015869141
IRQ,Iraq,"School life expectancy, primary, female (years)",SHARE,NUMBER,1989,5.605279922485352
MDG,Madagascar,"School life expectancy, primary, female (years)",SHARE,NUMBER,1989,4.772280216217041
BTN,Bhutan,"School age population, secondary education, female (number)",,,1989,32877.0
BTN,Bhutan,"School age population, tertiary education, male (number)",,,1989,23374.0
BIH,Bosnia and Herzegovina,"School age population, secondary education, female (number)",,,1989,295300.0
BWA,Botswana,"School age population, upper secondary education, both sexes (number)",,,1989,81591.0
CMR,Cameroon,"School age population, last grade of primary education, female (number)",,,1989,140617.0
CAF,Central African Republic,"School age population, primary education, both sexes (number)",,,1989,441972.0
CHN,China,"School age population, lower secondary education, both sexes (number)",,,1989,64032852.0
DMA,Dominica,"School age population, tertiary education, male (number)",,,1989,4034.0
EGY,"Egypt, Arab Rep","School age population, secondary education, female (number)",,,1989,3416801.0
FIN,Finland,"School age population, secondary education, female (number)",,,1989,179088.0
DEU,Germany,"School age population, lower secondary education, both sexes (number)",,,1989,4766103.0
GIN,Guinea,"School age population, last grade of primary education, female (number)",,,1989,70174.0
GNB,Guinea-Bissau,"School age population, last grade of primary education, female (number)",,,1989,12455.0
LBY,Libya,"School age population, secondary education, female (number)",,,1989,279426.0
LTU,Lithuania,"School age population, primary education, both sexes (number)",,,1989,215964.0
NZL,New Zealand,"School age population, primary education, both sexes (number)",,,1989,299449.0
NZL,New Zealand,"School age population, upper secondary education, both sexes (number)",,,1989,180289.0
OMN,Oman,"School age population, tertiary education, male (number)",,,1989,85901.0
PRT,Portugal,"School age population, lower secondary education, both sexes (number)",,,1989,517436.0
SOM,Somalia,"School age population, last grade of primary education, female (number)",,,1989,86292.0
ZAF,South Africa,"School age population, upper secondary education, both sexes (number)",,,1989,1572269.0
GUM,Guam,"Repeaters in Grade 5 of lower secondary general education, female (number)",SHARE,NUMBER,1990,0.0
MOZ,Mozambique,"Repeaters in Grade 5 of lower secondary general education, female (number)",SHARE,NUMBER,1990,0.0
NZL,New Zealand,"Repeaters in Grade 5 of lower secondary general education, female (number)",SHARE,NUMBER,1990,0.0
WSM,Samoa,"Repeaters in Grade 5 of lower secondary general education, female (number)",SHARE,NUMBER,1990,0.0
BOL,Bolivia,"Repeaters in grade unknown of lower secondary general education, both sexes (number)",SHARE,NUMBER,1990,0.0
CRI,Costa Rica,"Repeaters in grade unknown of lower secondary general education, both sexes (number)",SHARE,NUMBER,1990,0.0
GUY,Guyana,"Repeaters in grade unknown of lower secondary general education, both sexes (number)",SHARE,NUMBER,1990,0.0
MLI,Mali,"Repeaters in grade unknown of lower secondary general education, both sexes (number)",SHARE,NUMBER,1990,0.0
BGR,Bulgaria,"School life expectancy, primary, female (years)",SHARE,NUMBER,1990,3.896009922027588
GRC,Greece,"School life expectancy, primary, female (years)",SHARE,NUMBER,1990,5.790279865264893
MDG,Madagascar,"School life expectancy, primary, female (years)",SHARE,NUMBER,1990,4.627230167388916
BTN,Bhutan,"School age population, secondary education, female (number)",,,1990,34064.0
BTN,Bhutan,"School age population, tertiary education, male (number)",,,1990,24212.0
BIH,Bosnia and Herzegovina,"School age population, secondary education, female (number)",,,1990,290805.0
BWA,Botswana,"School age population, upper secondary education, both sexes (number)",,,1990,84919.0
CMR,Cameroon,"School age population, last grade of primary education, female (number)",,,1990,145635.0
CAF,Central African Republic,"School age population, primary education, both sexes (number)",,,1990,461820.0
CHN,China,"School age population, lower secondary education, both sexes (number)",,,1990,59429652.0
DMA,Dominica,"School age population, tertiary education, male (number)",,,1990,3969.0
EGY,"Egypt, Arab Rep","School age population, secondary education, female (number)",,,1990,3650318.0
FIN,Finland,"School age population, secondary education, female (number)",,,1990,180576.0
DEU,Germany,"School age population, lower secondary education, both sexes (number)",,,1990,4817516.0
GIN,Guinea,"School age population, last grade of primary education, female (number)",,,1990,72008.0
GNB,Guinea-Bissau,"School age population, last grade of primary education, female (number)",,,1990,12605.0
LBY,Libya,"School age population, secondary education, female (number)",,,1990,289394.0
LTU,Lithuania,"School age population, primary education, both sexes (number)",,,1990,217057.0
NZL,New Zealand,"School age population, primary education, both sexes (number)",,,1990,300193.0
NZL,New Zealand,"School age population, upper secondary education, both sexes (number)",,,1990,173998.0
OMN,Oman,"School age population, tertiary education, male (number)",,,1990,92172.0
PRT,Portugal,"School age population, lower secondary education, both sexes (number)",,,1990,509106.0
SOM,Somalia,"School age population, last grade of primary education, female (number)",,,1990,87414.0
ZAF,South Africa,"School age population, upper secondary education, both sexes (number)",,,1990,1479755.0
GUM,Guam,"Repeaters in Grade 5 of lower secondary general education, female (number)",SHARE,NUMBER,1991,0.0
MOZ,Mozambique,"Repeaters in Grade 5 of lower secondary general education, female (number)",SHARE,NUMBER,1991,0.0
NZL,New Zealand,"Repeaters in Grade 5 of lower secondary general education, female (number)",SHARE,NUMBER,1991,0.0
WSM,Samoa,"Repeaters in Grade 5 of lower secondary general education, female (number)",SHARE,NUMBER,1991,0.0
BOL,Bolivia,"Repeaters in grade unknown of lower secondary general education, both sexes (number)",SHARE,NUMBER,1991,0.0
CRI,Costa Rica,"Repeaters in grade unknown of lower secondary general education, both sexes (number)",SHARE,NUMBER,1991,0.0
GUY,Guyana,"Repeaters in grade unknown of lower secondary general education, both sexes (number)",SHARE,NUMBER,1991,0.0
MLI,Mali,"Repeaters in grade unknown of lower secondary general education, both sexes (number)",SHARE,NUMBER,1991,0.0
BGR,Bulgaria,"School life expectancy, primary, female (years)",SHARE,NUMBER,1991,3.808939933776855
GRC,Greece,"School life expectancy, primary, female (years)",SHARE,NUMBER,1991,5.800839900970459
IRQ,Iraq,"School life expectancy, primary, female (years)",SHARE,NUMBER,1991,6.064640045166016
MDG,Madagascar,"School life expectancy, primary, female (years)",SHARE,NUMBER,1991,4.614930152893066
BTN,Bhutan,"School age population, secondary education, female (number)",,,1991,35187.0
BTN,Bhutan,"School age population, tertiary education, male (number)",,,1991,24900.0
BIH,Bosnia and Herzegovina,"School age population, secondary education, female (number)",,,1991,286871.0
BWA,Botswana,"School age population, upper secondary education, both sexes (number)",,,1991,89139.0
CMR,Cameroon,"School age population, last grade of primary education, female (number)",,,1991,151537.0
CAF,Central African Republic,"School age population, primary education, both sexes (number)",,,1991,481719.0
CHN,China,"School age population, lower secondary education, both sexes (number)",,,1991,57159448.0
DMA,Dominica,"School age population, tertiary education, male (number)",,,1991,3892.0
EGY,"Egypt, Arab Rep","School age population, secondary education, female (number)",,,1991,3788507.0
FIN,Finland,"School age population, secondary education, female (number)",,,1991,182874.0
DEU,Germany,"School age population, lower secondary education, both sexes (number)",,,1991,4932487.0
GIN,Guinea,"School age population, last grade of primary education, female (number)",,,1991,75214.0
GNB,Guinea-Bissau,"School age population, last grade of primary education, female (number)",,,1991,12420.0
LBY,Libya,"School age population, secondary education, female (number)",,,1991,300171.0
LTU,Lithuania,"School age population, primary education, both sexes (number)",,,1991,220934.0
NZL,New Zealand,"School age population, primary education, both sexes (number)",,,1991,310842.0
NZL,New Zealand,"School age population, upper secondary education, both sexes (number)",,,1991,170494.0
OMN,Oman,"School age population, tertiary education, male (number)",,,1991,98178.0
PRT,Portugal,"School age population, lower secondary education, both sexes (number)",,,1991,487670.0
SOM,Somalia,"School age population, last grade of primary education, female (number)",,,1991,87809.0
ZAF,South Africa,"School age population, upper secondary education, both sexes (number)",,,1991,1387534.0
GUM,Guam,"Repeaters in Grade 5 of lower secondary general education, female (number)",SHARE,NUMBER,1992,0.0
MOZ,Mozambique,"Repeaters in Grade 5 of lower secondary general education, female (number)",SHARE,NUMBER,1992,0.0
NZL,New Zealand,"Repeaters in Grade 5 of lower secondary general education, female (number)",SHARE,NUMBER,1992,0.0
WSM,Samoa,"Repeaters in Grade 5 of lower secondary general education, female (number)",SHARE,NUMBER,1992,0.0
BOL,Bolivia,"Repeaters in grade unknown of lower secondary general education, both sexes (number)",SHARE,NUMBER,1992,0.0
CRI,Costa Rica,"Repeaters in grade unknown of lower secondary general education, both sexes (number)",SHARE,NUMBER,1992,0.0
GUY,Guyana,"Repeaters in grade unknown of lower secondary general education, both sexes (number)",SHARE,NUMBER,1992,0.0
MLI,Mali,"Repeaters in grade unknown of lower secondary general education, both sexes (number)",SHARE,NUMBER,1992,0.0
BGR,Bulgaria,"School life expectancy, primary, female (years)",SHARE,NUMBER,1992,3.737540006637573
GRC,Greece,"School life expectancy, primary, female (years)",SHARE,NUMBER,1992,5.81289005279541
IRQ,Iraq,"School life expectancy, primary, female (years)",SHARE,NUMBER,1992,5.094099998474121
MDG,Madagascar,"School life expectancy, primary, female (years)",SHARE,NUMBER,1992,4.155809879302979
BTN,Bhutan,"School age population, secondary education, female (number)",,,1992,35846.0
BTN,Bhutan,"School age population, tertiary education, male (number)",,,1992,25281.0
BIH,Bosnia and Herzegovina,"School age population, secondary education, female (number)",,,1992,284393.0
BWA,Botswana,"School age population, upper secondary education, both sexes (number)",,,1992,93932.0
CMR,Cameroon,"School age population, last grade of primary education, female (number)",,,1992,157337.0
CAF,Central African Republic,"School age population, primary education, both sexes (number)",,,1992,501565.0
CHN,China,"School age population, lower secondary education, both sexes (number)",,,1992,56787400.0
DMA,Dominica,"School age population, tertiary education, male (number)",,,1992,3777.0
EGY,"Egypt, Arab Rep","School age population, secondary education, female (number)",,,1992,3923695.0
FIN,Finland,"School age population, secondary education, female (number)",,,1992,186196.0
DEU,Germany,"School age population, lower secondary education, both sexes (number)",,,1992,5068926.0
GIN,Guinea,"School age population, last grade of primary education, female (number)",,,1992,78445.0
GNB,Guinea-Bissau,"School age population, last grade of primary education, female (number)",,,1992,13033.0
LBY,Libya,"School age population, secondary education, female (number)",,,1992,309637.0
LTU,Lithuania,"School age population, primary education, both sexes (number)",,,1992,224578.0
NZL,New Zealand,"School age population, primary education, both sexes (number)",,,1992,313037.0
NZL,New Zealand,"School age population, upper secondary education, both sexes (number)",,,1992,165065.0
OMN,Oman,"School age population, tertiary education, male (number)",,,1992,103820.0
PRT,Portugal,"School age population, lower secondary education, both sexes (number)",,,1992,466289.0
SOM,Somalia,"School age population, last grade of primary education, female (number)",,,1992,83156.0
ZAF,South Africa,"School age population, upper secondary education, both sexes (number)",,,1992,1311188.0
GUM,Guam,"Repeaters in Grade 5 of lower secondary general education, female (number)",SHARE,NUMBER,1993,0.0
MOZ,Mozambique,"Repeaters in Grade 5 of lower secondary general education, female (number)",SHARE,NUMBER,1993,0.0
NZL,New Zealand,"Repeaters in Grade 5 of lower secondary general education, female (number)",SHARE,NUMBER,1993,0.0
WSM,Samoa,"Repeaters in Grade 5 of lower secondary general education, female (number)",SHARE,NUMBER,1993,0.0
BOL,Bolivia,"Repeaters in grade unknown of lower secondary general education, both sexes (number)",SHARE,NUMBER,1993,0.0
CRI,Costa Rica,"Repeaters in grade unknown of lower secondary general education, both sexes (number)",SHARE,NUMBER,1993,0.0
GUY,Guyana,"Repeaters in grade unknown of lower secondary general education, both sexes (number)",SHARE,NUMBER,1993,0.0
MLI,Mali,"Repeaters in grade unknown of lower secondary general education, both sexes (number)",SHARE,NUMBER,1993,0.0
BGR,Bulgaria,"School life expectancy, primary, female (years)",SHARE,NUMBER,1993,3.713579893112183
GRC,Greece,"School life expectancy, primary, female (years)",SHARE,NUMBER,1993,5.796360015869141
IRQ,Iraq,"School life expectancy, primary, female (years)",SHARE,NUMBER,1993,5.045780181884766
MDG,Madagascar,"School life expectancy, primary, female (years)",SHARE,NUMBER,1993,4.122620105743408
BTN,Bhutan,"School age population, secondary education, female (number)",,,1993,33122.0
BTN,Bhutan,"School age population, tertiary education, male (number)",,,1993,23299.0
BIH,Bosnia and Herzegovina,"School age population, secondary education, female (number)",,,1993,265928.0
BWA,Botswana,"School age population, upper secondary education, both sexes (number)",,,1993,98837.0
CMR,Cameroon,"School age population, last grade of primary education, female (number)",,,1993,164738.0
CAF,Central African Republic,"School age population, primary education, both sexes (number)",,,1993,521833.0
CHN,China,"School age population, lower secondary education, both sexes (number)",,,1993,58559904.0
DMA,Dominica,"School age population, tertiary education, male (number)",,,1993,3577.0
EGY,"Egypt, Arab Rep","School age population, secondary education, female (number)",,,1993,4053355.0
FIN,Finland,"School age population, secondary education, female (number)",,,1993,190587.0
DEU,Germany,"School age population, lower secondary education, both sexes (number)",,,1993,5185474.0
GIN,Guinea,"School age population, last grade of primary education, female (number)",,,1993,80347.0
GNB,Guinea-Bissau,"School age population, last grade of primary education, female (number)",,,1993,13750.0
LBY,Libya,"School age population, secondary education, female (number)",,,1993,316816.0
LTU,Lithuania,"School age population, primary education, both sexes (number)",,,1993,228586.0
NZL,New Zealand,"School age population, primary education, both sexes (number)",,,1993,316716.0
NZL,New Zealand,"School age population, upper secondary education, both sexes (number)",,,1993,160920.0
OMN,Oman,"School age population, tertiary education, male (number)",,,1993,108546.0
PRT,Portugal,"School age population, lower secondary education, both sexes (number)",,,1993,448055.0
SOM,Somalia,"School age population, last grade of primary education, female (number)",,,1993,83514.0
ZAF,South Africa,"School age population, upper secondary education, both sexes (number)",,,1993,1313605.0
GUM,Guam,"Repeaters in Grade 5 of lower secondary general education, female (number)",SHARE,NUMBER,1994,0.0
MOZ,Mozambique,"Repeaters in Grade 5 of lower secondary general education, female (number)",SHARE,NUMBER,1994,0.0
NZL,New Zealand,"Repeaters in Grade 5 of lower secondary general education, female (number)",SHARE,NUMBER,1994,0.0
WSM,Samoa,"Repeaters in Grade 5 of lower secondary general education, female (number)",SHARE,NUMBER,1994,0.0
BOL,Bolivia,"Repeaters in grade unknown of lower secondary general education, both sexes (number)",SHARE,NUMBER,1994,0.0
CRI,Costa Rica,"Repeaters in grade unknown of lower secondary general education, both sexes (number)",SHARE,NUMBER,1994,0.0
GUY,Guyana,"Repeaters in grade unknown of lower secondary general education, both sexes (number)",SHARE,NUMBER,1994,0.0
MLI,Mali,"Repeaters in grade unknown of lower secondary general education, both sexes (number)",SHARE,NUMBER,1994,0.0
BGR,Bulgaria,"School life expectancy, primary, female (years)",SHARE,NUMBER,1994,3.736860036849976
GRC,Greece,"School life expectancy, primary, female (years)",SHARE,NUMBER,1994,5.820020198822021
MDG,Madagascar,"School life expectancy, primary, female (years)",SHARE,NUMBER,1994,4.060120105743408
BTN,Bhutan,"School age population, secondary education, female (number)",,,1994,33359.0
BTN,Bhutan,"School age population, tertiary education, male (number)",,,1994,23437.0
BIH,Bosnia and Herzegovina,"School age population, secondary education, female (number)",,,1994,262165.0
BWA,Botswana,"School age population, upper secondary education, both sexes (number)",,,1994,103616.0
CMR,Cameroon,"School age population, last grade of primary education, female (number)",,,1994,171549.0
CAF,Central African Republic,"School age population, primary education, both sexes (number)",,,1994,542265.0
CHN,China,"School age population, lower secondary education, both sexes (number)",,,1994,61206212.0
DMA,Dominica,"School age population, tertiary education, male (number)",,,1994,3352.0
EGY,"Egypt, Arab Rep","School age population, secondary education, female (number)",,,1994,4185542.0
FIN,Finland,"School age population, secondary education, female (number)",,,1994,191669.0
DEU,Germany,"School age population, lower secondary education, both sexes (number)",,,1994,5266750.0
GIN,Guinea,"School age population, last grade of primary education, female (number)",,,1994,82982.0
GNB,Guinea-Bissau,"School age population, last grade of primary education, female (number)",,,1994,14338.0
LBY,Libya,"School age population, secondary education, female (number)",,,1994,322200.0
LTU,Lithuania,"School age population, primary education, both sexes (number)",,,1994,233003.0
NZL,New Zealand,"School age population, primary education, both sexes (number)",,,1994,324091.0
NZL,New Zealand,"School age population, upper secondary education, both sexes (number)",,,1994,158798.0
OMN,Oman,"School age population, tertiary education, male (number)",,,1994,112025.0
PRT,Portugal,"School age population, lower secondary education, both sexes (number)",,,1994,435468.0
SOM,Somalia,"School age population, last grade of primary education, female (number)",,,1994,89950.0
ZAF,South Africa,"School age population, upper secondary education, both sexes (number)",,,1994,1387159.0
GUM,Guam,"Repeaters in Grade 5 of lower secondary general education, female (number)",SHARE,NUMBER,1995,0.0
MOZ,Mozambique,"Repeaters in Grade 5 of lower secondary general education, female (number)",SHARE,NUMBER,1995,0.0
NZL,New Zealand,"Repeaters in Grade 5 of lower secondary general education, female (number)",SHARE,NUMBER,1995,0.0
WSM,Samoa,"Repeaters in Grade 5 of lower secondary general education, female (number)",SHARE,NUMBER,1995,0.0
BOL,Bolivia,"Repeaters in grade unknown of lower secondary general education, both sexes (number)",SHARE,NUMBER,1995,0.0
CRI,Costa Rica,"Repeaters in grade unknown of lower secondary general education, both sexes (number)",SHARE,NUMBER,1995,0.0
GUY,Guyana,"Repeaters in grade unknown of lower secondary general education, both sexes (number)",SHARE,NUMBER,1995,0.0
MLI,Mali,"Repeaters in grade unknown of lower secondary general education, both sexes (number)",SHARE,NUMBER,1995,0.0
BGR,Bulgaria,"School life expectancy, primary, female (years)",SHARE,NUMBER,1995,3.789279937744141
GRC,Greece,"School life expectancy, primary, female (years)",SHARE,NUMBER,1995,5.995480060577393
MDG,Madagascar,"School life expectancy, primary, female (years)",SHARE,NUMBER,1995,4.249249935150146
BTN,Bhutan,"School age population, secondary education, female (number)",,,1995,33809.0
BTN,Bhutan,"School age population, tertiary education, male (number)",,,1995,23779.0
BIH,Bosnia and Herzegovina,"School age population, secondary education, female (number)",,,1995,260054.0
BWA,Botswana,"School age population, upper secondary education, both sexes (number)",,,1995,112634.0
CMR,Cameroon,"School age population, last grade of primary education, female (number)",,,1995,174103.0
CAF,Central African Republic,"School age population, primary education, both sexes (number)",,,1995,561828.0
CHN,China,"School age population, lower secondary education, both sexes (number)",,,1995,64549968.0
DMA,Dominica,"School age population, tertiary education, male (number)",,,1995,3118.0
EGY,"Egypt, Arab Rep","School age population, secondary education, female (number)",,,1995,4324752.0
FIN,Finland,"School age population, secondary education, female (number)",,,1995,191717.0
DEU,Germany,"School age population, lower secondary education, both sexes (number)",,,1995,5326574.0
GIN,Guinea,"School age population, last grade of primary education, female (number)",,,1995,85533.0
GNB,Guinea-Bissau,"School age population, last grade of primary education, female (number)",,,1995,14821.0
LBY,Libya,"School age population, secondary education, female (number)",,,1995,326388.0
LTU,Lithuania,"School age population, primary education, both sexes (number)",,,1995,233540.0
NZL,New Zealand,"School age population, primary education, both sexes (number)",,,1995,333471.0
NZL,New Zealand,"School age population, upper secondary education, both sexes (number)",,,1995,158967.0
OMN,Oman,"School age population, tertiary education, male (number)",,,1995,114236.0
PRT,Portugal,"School age population, lower secondary education, both sexes (number)",,,1995,425025.0
SOM,Somalia,"School age population, last grade of primary education, female (number)",,,1995,92548.0
ZAF,South Africa,"School age population, upper secondary education, both sexes (number)",,,1995,1517225.0
GUM,Guam,"Repeaters in Grade 5 of lower secondary general education, female (number)",SHARE,NUMBER,1996,0.0
MOZ,Mozambique,"Repeaters in Grade 5 of lower secondary general education, female (number)",SHARE,NUMBER,1996,0.0
NZL,New Zealand,"Repeaters in Grade 5 of lower secondary general education, female (number)",SHARE,NUMBER,1996,0.0
WSM,Samoa,"Repeaters in Grade 5 of lower secondary general education, female (number)",SHARE,NUMBER,1996,0.0
BOL,Bolivia,"Repeaters in grade unknown of lower secondary general education, both sexes (number)",SHARE,NUMBER,1996,0.0
CRI,Costa Rica,"Repeaters in grade unknown of lower secondary general education, both sexes (number)",SHARE,NUMBER,1996,0.0
GUY,Guyana,"Repeaters in grade unknown of lower secondary general education, both sexes (number)",SHARE,NUMBER,1996,0.0
MLI,Mali,"Repeaters in grade unknown of lower secondary general education, both sexes (number)",SHARE,NUMBER,1996,0.0
BGR,Bulgaria,"School life expectancy, primary, female (years)",SHARE,NUMBER,1996,3.906800031661987
GRC,Greece,"School life expectancy, primary, female (years)",SHARE,NUMBER,1996,5.862390041351318
IRQ,Iraq,"School life expectancy, primary, female (years)",SHARE,NUMBER,1996,4.575920104980469
MDG,Madagascar,"School life expectancy, primary, female (years)",SHARE,NUMBER,1996,4.277309894561768
BTN,Bhutan,"School age population, secondary education, female (number)",,,1996,34768.0
BTN,Bhutan,"School age population, tertiary education, male (number)",,,1996,24538.0
BIH,Bosnia and Herzegovina,"School age population, secondary education, female (number)",,,1996,269672.0
BWA,Botswana,"School age population, upper secondary education, both sexes (number)",,,1996,116967.0
CMR,Cameroon,"School age population, last grade of primary education, female (number)",,,1996,178905.0
CAF,Central African Republic,"School age population, primary education, both sexes (number)",,,1996,577084.0
CHN,China,"School age population, lower secondary education, both sexes (number)",,,1996,64592056.0
DMA,Dominica,"School age population, tertiary education, male (number)",,,1996,2914.0
EGY,"Egypt, Arab Rep","School age population, secondary education, female (number)",,,1996,4454858.0
FIN,Finland,"School age population, secondary education, female (number)",,,1996,191917.0
DEU,Germany,"School age population, lower secondary education, both sexes (number)",,,1996,5368622.0
GIN,Guinea,"School age population, last grade of primary education, female (number)",,,1996,88226.0
GNB,Guinea-Bissau,"School age population, last grade of primary education, female (number)",,,1996,15148.0
LBY,Libya,"School age population, secondary education, female (number)",,,1996,329354.0
LTU,Lithuania,"School age population, primary education, both sexes (number)",,,1996,231370.0
NZL,New Zealand,"School age population, primary education, both sexes (number)",,,1996,344739.0
NZL,New Zealand,"School age population, upper secondary education, both sexes (number)",,,1996,161313.0
OMN,Oman,"School age population, tertiary education, male (number)",,,1996,117164.0
PRT,Portugal,"School age population, lower secondary education, both sexes (number)",,,1996,411143.0
SOM,Somalia,"School age population, last grade of primary education, female (number)",,,1996,96604.0
ZAF,South Africa,"School age population, upper secondary education, both sexes (number)",,,1996,1688106.0
GUM,Guam,"Repeaters in Grade 5 of lower secondary general education, female (number)",SHARE,NUMBER,1997,0.0
MOZ,Mozambique,"Repeaters in Grade 5 of lower secondary general education, female (number)",SHARE,NUMBER,1997,0.0
NZL,New Zealand,"Repeaters in Grade 5 of lower secondary general education, female (number)",SHARE,NUMBER,1997,0.0
WSM,Samoa,"Repeaters in Grade 5 of lower secondary general education, female (number)",SHARE,NUMBER,1997,0.0
BOL,Bolivia,"Repeaters in grade unknown of lower secondary general education, both sexes (number)",SHARE,NUMBER,1997,0.0
CRI,Costa Rica,"Repeaters in grade unknown of lower secondary general education, both sexes (number)",SHARE,NUMBER,1997,0.0
GUY,Guyana,"Repeaters in grade unknown of lower secondary general education, both sexes (number)",SHARE,NUMBER,1997,0.0
MLI,Mali,"Repeaters in grade unknown of lower secondary general education, both sexes (number)",SHARE,NUMBER,1997,0.0
HTI,Haiti,"Population of compulsory school age, both sexes (number)",SHARE,NUMBER,1997,1282972.0
BGR,Bulgaria,"School life expectancy, primary, female (years)",SHARE,NUMBER,1997,3.960649967193604
GRC,Greece,"School life expectancy, primary, female (years)",SHARE,NUMBER,1997,5.853350162506104
BTN,Bhutan,"School age population, secondary education, female (number)",,,1997,35664.0
BTN,Bhutan,"School age population, tertiary education, male (number)",,,1997,25316.0
BIH,Bosnia and Herzegovina,"School age population, secondary education, female (number)",,,1997,278130.0
BWA,Botswana,"School age population, upper secondary education, both sexes (number)",,,1997,121036.0
CMR,Cameroon,"School age population, last grade of primary education, female (number)",,,1997,185037.0
CAF,Central African Republic,"School age population, primary education, both sexes (number)",,,1997,594206.0
CHN,China,"School age population, lower secondary education, both sexes (number)",,,1997,64844768.0
DMA,Dominica,"School age population, tertiary education, male (number)",,,1997,2794.0
EGY,"Egypt, Arab Rep","School age population, secondary education, female (number)",,,1997,4581059.0
FIN,Finland,"School age population, secondary education, female (number)",,,1997,192905.0
DEU,Germany,"School age population, lower secondary education, both sexes (number)",,,1997,5387573.0
GIN,Guinea,"School age population, last grade of primary education, female (number)",,,1997,90877.0
GNB,Guinea-Bissau,"School age population, last grade of primary education, female (number)",,,1997,15379.0
LBY,Libya,"School age population, secondary education, female (number)",,,1997,332286.0
LTU,Lithuania,"School age population, primary education, both sexes (number)",,,1997,227093.0
NZL,New Zealand,"School age population, primary education, both sexes (number)",,,1997,355251.0
NZL,New Zealand,"School age population, upper secondary education, both sexes (number)",,,1997,163570.0
OMN,Oman,"School age population, tertiary education, male (number)",,,1997,120911.0
PRT,Portugal,"School age population, lower secondary education, both sexes (number)",,,1997,400367.0
SOM,Somalia,"School age population, last grade of primary education, female (number)",,,1997,99319.0
ZAF,South Africa,"School age population, upper secondary education, both sexes (number)",,,1997,2666092.0
GUM,Guam,"Repeaters in Grade 5 of lower secondary general education, female (number)",SHARE,NUMBER,1998,0.0
MOZ,Mozambique,"Repeaters in Grade 5 of lower secondary general education, female (number)",SHARE,NUMBER,1998,0.0
NZL,New Zealand,"Repeaters in Grade 5 of lower secondary general education, female (number)",SHARE,NUMBER,1998,0.0
WSM,Samoa,"Repeaters in Grade 5 of lower secondary general education, female (number)",SHARE,NUMBER,1998,0.0
BOL,Bolivia,"Repeaters in grade unknown of lower secondary general education, both sexes (number)",SHARE,NUMBER,1998,0.0
CRI,Costa Rica,"Repeaters in grade unknown of lower secondary general education, both sexes (number)",SHARE,NUMBER,1998,0.0
GUY,Guyana,"Repeaters in grade unknown of lower secondary general education, both sexes (number)",SHARE,NUMBER,1998,0.0
MLI,Mali,"Repeaters in grade unknown of lower secondary general education, both sexes (number)",SHARE,NUMBER,1998,0.0
ARG,Argentina,"Population of compulsory school age, both sexes (number)",SHARE,NUMBER,1998,6780050.0
DZA,Algeria,"Population of compulsory school age, both sexes (number)",SHARE,NUMBER,1998,7610676.0
HTI,Haiti,"Population of compulsory school age, both sexes (number)",SHARE,NUMBER,1998,1302043.0
LIE,Liechtenstein,"Population of compulsory school age, both sexes (number)",SHARE,NUMBER,1998,3535.0
LVA,Latvia,"Population of compulsory school age, both sexes (number)",SHARE,NUMBER,1998,397925.0
MAR,Morocco,"Population of compulsory school age, both sexes (number)",SHARE,NUMBER,1998,3977924.0
BGR,Bulgaria,"School life expectancy, primary, female (years)",SHARE,NUMBER,1998,4.03603982925415
GRC,Greece,"School life expectancy, primary, female (years)",SHARE,NUMBER,1998,5.941800117492676
MDG,Madagascar,"School life expectancy, primary, female (years)",SHARE,NUMBER,1998,4.403439998626709
BTN,Bhutan,"School age population, secondary education, female (number)",,,1998,36537.0
BTN,Bhutan,"School age population, tertiary education, male (number)",,,1998,26122.0
BIH,Bosnia and Herzegovina,"School age population, secondary education, female (number)",,,1998,279672.0
BWA,Botswana,"School age population, upper secondary education, both sexes (number)",,,1998,82037.0
CMR,Cameroon,"School age population, last grade of primary education, female (number)",,,1998,191977.0
CAF,Central African Republic,"School age population, primary education, both sexes (number)",,,1998,610553.0
CHN,China,"School age population, lower secondary education, both sexes (number)",,,1998,64507904.0
DMA,Dominica,"School age population, tertiary education, male (number)",,,1998,2733.0
EGY,"Egypt, Arab Rep","School age population, secondary education, female (number)",,,1998,4706398.0
FIN,Finland,"School age population, secondary education, female (number)",,,1998,193817.0
DEU,Germany,"School age population, lower secondary education, both sexes (number)",,,1998,5415048.0
GIN,Guinea,"School age population, last grade of primary education, female (number)",,,1998,93724.0
GNB,Guinea-Bissau,"School age population, last grade of primary education, female (number)",,,1998,15544.0
LBY,Libya,"School age population, secondary education, female (number)",,,1998,335136.0
LTU,Lithuania,"School age population, primary education, both sexes (number)",,,1998,221731.0
NZL,New Zealand,"School age population, primary education, both sexes (number)",,,1998,362574.0
NZL,New Zealand,"School age population, upper secondary education, both sexes (number)",,,1998,163481.0
OMN,Oman,"School age population, tertiary education, male (number)",,,1998,126271.0
PRT,Portugal,"School age population, lower secondary education, both sexes (number)",,,1998,384724.0
SOM,Somalia,"School age population, last grade of primary education, female (number)",,,1998,102870.0
ZAF,South Africa,"School age population, upper secondary education, both sexes (number)",,,1998,2849010.0
GUM,Guam,"Repeaters in Grade 5 of lower secondary general education, female (number)",SHARE,NUMBER,1999,0.0
MOZ,Mozambique,"Repeaters in Grade 5 of lower secondary general education, female (number)",SHARE,NUMBER,1999,0.0
NZL,New Zealand,"Repeaters in Grade 5 of lower secondary general education, female (number)",SHARE,NUMBER,1999,0.0
WSM,Samoa,"Repeaters in Grade 5 of lower secondary general education, female (number)",SHARE,NUMBER,1999,0.0
BOL,Bolivia,"Repeaters in grade unknown of lower secondary general education, both sexes (number)",SHARE,NUMBER,1999,0.0
CRI,Costa Rica,"Repeaters in grade unknown of lower secondary general education, both sexes (number)",SHARE,NUMBER,1999,0.0
GUY,Guyana,"Repeaters in grade unknown of lower secondary general education, both sexes (number)",SHARE,NUMBER,1999,0.0
MLI,Mali,"Repeaters in grade unknown of lower secondary general education, both sexes (number)",SHARE,NUMBER,1999,0.0
ARG,Argentina,"Population of compulsory school age, both sexes (number)",SHARE,NUMBER,1999,6835595.0
DZA,Algeria,"Population of compulsory school age, both sexes (number)",SHARE,NUMBER,1999,7569975.0
HTI,Haiti,"Population of compulsory school age, both sexes (number)",SHARE,NUMBER,1999,1317538.0
LIE,Liechtenstein,"Population of compulsory school age, both sexes (number)",SHARE,NUMBER,1999,3575.0
LVA,Latvia,"Population of compulsory school age, both sexes (number)",SHARE,NUMBER,1999,385030.0
MAR,Morocco,"Population of compulsory school age, both sexes (number)",SHARE,NUMBER,1999,3971117.0
BGR,Bulgaria,"School life expectancy, primary, female (years)",SHARE,NUMBER,1999,4.095570087432861
GRC,Greece,"School life expectancy, primary, female (years)",SHARE,NUMBER,1999,5.999289989471436
IRQ,Iraq,"School life expectancy, primary, female (years)",SHARE,NUMBER,1999,5.029910087585449
MDG,Madagascar,"School life expectancy, primary, female (years)",SHARE,NUMBER,1999,4.772709846496582
BTN,Bhutan,"School age population, secondary education, female (number)",,,1999,37528.0
BTN,Bhutan,"School age population, tertiary education, male (number)",,,1999,27108.0
BIH,Bosnia and Herzegovina,"School age population, secondary education, female (number)",,,1999,276664.0
BWA,Botswana,"School age population, upper secondary education, both sexes (number)",,,1999,84040.0
CMR,Cameroon,"School age population, last grade of primary education, female (number)",,,1999,197734.0
CAF,Central African Republic,"School age population, primary education, both sexes (number)",,,1999,626107.0
CHN,China,"School age population, lower secondary education, both sexes (number)",,,1999,68568520.0
DMA,Dominica,"School age population, tertiary education, male (number)",,,1999,2730.0
EGY,"Egypt, Arab Rep","School age population, secondary education, female (number)",,,1999,4830921.0
FIN,Finland,"School age population, secondary education, female (number)",,,1999,193502.0
DEU,Germany,"School age population, lower secondary education, both sexes (number)",,,1999,5455915.0
GIN,Guinea,"School age population, last grade of primary education, female (number)",,,1999,97064.0
GNB,Guinea-Bissau,"School age population, last grade of primary education, female (number)",,,1999,15679.0
LBY,Libya,"School age population, secondary education, female (number)",,,1999,339082.0
LTU,Lithuania,"School age population, primary education, both sexes (number)",,,1999,215249.0
NZL,New Zealand,"School age population, primary education, both sexes (number)",,,1999,365394.0
NZL,New Zealand,"School age population, upper secondary education, both sexes (number)",,,1999,162776.0
OMN,Oman,"School age population, tertiary education, male (number)",,,1999,131488.0
PRT,Portugal,"School age population, lower secondary education, both sexes (number)",,,1999,370682.0
SOM,Somalia,"School age population, last grade of primary education, female (number)",,,1999,106338.0
ZAF,South Africa,"School age population, upper secondary education, both sexes (number)",,,1999,2990523.0
GUM,Guam,"Repeaters in Grade 5 of lower secondary general education, female (number)",SHARE,NUMBER,2000,0.0
MOZ,Mozambique,"Repeaters in Grade 5 of lower secondary general education, female (number)",SHARE,NUMBER,2000,0.0
NZL,New Zealand,"Repeaters in Grade 5 of lower secondary general education, female (number)",SHARE,NUMBER,2000,0.0
WSM,Samoa,"Repeaters in Grade 5 of lower secondary general education, female (number)",SHARE,NUMBER,2000,0.0
BOL,Bolivia,"Repeaters in grade unknown of lower secondary general education, both sexes (number)",SHARE,NUMBER,2000,0.0
CRI,Costa Rica,"Repeaters in grade unknown of lower secondary general education, both sexes (number)",SHARE,NUMBER,2000,0.0
GUY,Guyana,"Repeaters in grade unknown of lower secondary general education, both sexes (number)",SHARE,NUMBER,2000,0.0
MLI,Mali,"Repeaters in grade unknown of lower secondary general education, both sexes (number)",SHARE,NUMBER,2000,0.0
ARG,Argentina,"Population of compulsory school age, both sexes (number)",SHARE,NUMBER,2000,6895121.0
DZA,Algeria,"Population of compulsory school age, both sexes (number)",SHARE,NUMBER,2000,7506254.0
HTI,Haiti,"Population of compulsory school age, both sexes (number)",SHARE,NUMBER,2000,1329000.0
LIE,Liechtenstein,"Population of compulsory school age, both sexes (number)",SHARE,NUMBER,2000,3627.0
LVA,Latvia,"Population of compulsory school age, both sexes (number)",SHARE,NUMBER,2000,369630.0
MAR,Morocco,"Population of compulsory school age, both sexes (number)",SHARE,NUMBER,2000,5942572.0
BGR,Bulgaria,"School life expectancy, primary, female (years)",SHARE,NUMBER,2000,4.134469985961914
GRC,Greece,"School life expectancy, primary, female (years)",SHARE,NUMBER,2000,6.066549777984619
IRQ,Iraq,"School life expectancy, primary, female (years)",SHARE,NUMBER,2000,4.891250133514404
MDG,Madagascar,"School life expectancy, primary, female (years)",SHARE,NUMBER,2000,5.074699878692627
BTN,Bhutan,"School age population, secondary education, female (number)",,,2000,38781.0
BTN,Bhutan,"School age population, tertiary education, male (number)",,,2000,29179.0
BIH,Bosnia and Herzegovina,"School age population, secondary education, female (number)",,,2000,271742.0
BWA,Botswana,"School age population, upper secondary education, both sexes (number)",,,2000,85375.0
CMR,Cameroon,"School age population, last grade of primary education, female (number)",,,2000,202149.0
CAF,Central African Republic,"School age population, primary education, both sexes (number)",,,2000,640775.0
CHN,China,"School age population, lower secondary education, both sexes (number)",,,2000,72926280.0
DMA,Dominica,"School age population, tertiary education, male (number)",,,2000,2773.0
EGY,"Egypt, Arab Rep","School age population, secondary education, female (number)",,,2000,4938542.0
FIN,Finland,"School age population, secondary education, female (number)",,,2000,192382.0
DEU,Germany,"School age population, lower secondary education, both sexes (number)",,,2000,5597827.0
GIN,Guinea,"School age population, last grade of primary education, female (number)",,,2000,100744.0
GNB,Guinea-Bissau,"School age population, last grade of primary education, female (number)",,,2000,15795.0
LBY,Libya,"School age population, secondary education, female (number)",,,2000,343680.0
LTU,Lithuania,"School age population, primary education, both sexes (number)",,,2000,211530.0
MDA,Moldova,"School age population, upper secondary education, both sexes (number)",,,2000,140836.0
NZL,New Zealand,"School age population, primary education, both sexes (number)",,,2000,364020.0
NZL,New Zealand,"School age population, upper secondary education, both sexes (number)",,,2000,164450.0
OMN,Oman,"School age population, tertiary education, male (number)",,,2000,131764.0
PRT,Portugal,"School age population, lower secondary education, both sexes (number)",,,2000,356654.0
SOM,Somalia,"School age population, last grade of primary education, female (number)",,,2000,108541.0
ZAF,South Africa,"School age population, upper secondary education, both sexes (number)",,,2000,3087538.0
GUM,Guam,"Repeaters in Grade 5 of lower secondary general education, female (number)",SHARE,NUMBER,2001,0.0
MOZ,Mozambique,"Repeaters in Grade 5 of lower secondary general education, female (number)",SHARE,NUMBER,2001,0.0
NZL,New Zealand,"Repeaters in Grade 5 of lower secondary general education, female (number)",SHARE,NUMBER,2001,0.0
WSM,Samoa,"Repeaters in Grade 5 of lower secondary general education, female (number)",SHARE,NUMBER,2001,0.0
BOL,Bolivia,"Repeaters in grade unknown of lower secondary general education, both sexes (number)",SHARE,NUMBER,2001,0.0
CRI,Costa Rica,"Repeaters in grade unknown of lower secondary general education, both sexes (number)",SHARE,NUMBER,2001,0.0
GUY,Guyana,"Repeaters in grade unknown of lower secondary general education, both sexes (number)",SHARE,NUMBER,2001,0.0
MLI,Mali,"Repeaters in grade unknown of lower secondary general education, both sexes (number)",SHARE,NUMBER,2001,0.0
ARG,Argentina,"Population of compulsory school age, both sexes (number)",SHARE,NUMBER,2001,6946631.0
DZA,Algeria,"Population of compulsory school age, both sexes (number)",SHARE,NUMBER,2001,7419251.0
HTI,Haiti,"Population of compulsory school age, both sexes (number)",SHARE,NUMBER,2001,1337689.0
LIE,Liechtenstein,"Population of compulsory school age, both sexes (number)",SHARE,NUMBER,2001,3644.0
LVA,Latvia,"Population of compulsory school age, both sexes (number)",SHARE,NUMBER,2001,350879.0
MAR,Morocco,"Population of compulsory school age, both sexes (number)",SHARE,NUMBER,2001,5914844.0
BGR,Bulgaria,"School life expectancy, primary, female (years)",SHARE,NUMBER,2001,4.148839950561523
GRC,Greece,"School life expectancy, primary, female (years)",SHARE,NUMBER,2001,6.043230056762695
MDG,Madagascar,"School life expectancy, primary, female (years)",SHARE,NUMBER,2001,5.101880073547363
BTN,Bhutan,"School age population, secondary education, female (number)",,,2001,40166.0
BTN,Bhutan,"School age population, tertiary education, male (number)",,,2001,31452.0
BIH,Bosnia and Herzegovina,"School age population, secondary education, female (number)",,,2001,264630.0
BWA,Botswana,"School age population, upper secondary education, both sexes (number)",,,2001,86634.0
CMR,Cameroon,"School age population, last grade of primary education, female (number)",,,2001,206527.0
CAF,Central African Republic,"School age population, primary education, both sexes (number)",,,2001,655954.0
CHN,China,"School age population, lower secondary education, both sexes (number)",,,2001,74977352.0
DMA,Dominica,"School age population, tertiary education, male (number)",,,2001,2849.0
EGY,"Egypt, Arab Rep","School age population, secondary education, female (number)",,,2001,5012362.0
FIN,Finland,"School age population, secondary education, female (number)",,,2001,190491.0
DEU,Germany,"School age population, lower secondary education, both sexes (number)",,,2001,5665067.0
GIN,Guinea,"School age population, last grade of primary education, female (number)",,,2001,104209.0
GNB,Guinea-Bissau,"School age population, last grade of primary education, female (number)",,,2001,15918.0
LBY,Libya,"School age population, secondary education, female (number)",,,2001,354095.0
LTU,Lithuania,"School age population, primary education, both sexes (number)",,,2001,205189.0
MDA,Moldova,"School age population, upper secondary education, both sexes (number)",,,2001,146506.0
NZL,New Zealand,"School age population, primary education, both sexes (number)",,,2001,358460.0
NZL,New Zealand,"School age population, upper secondary education, both sexes (number)",,,2001,167240.0
OMN,Oman,"School age population, tertiary education, male (number)",,,2001,136187.0
PRT,Portugal,"School age population, lower secondary education, both sexes (number)",,,2001,351932.0
SOM,Somalia,"School age population, last grade of primary education, female (number)",,,2001,108063.0
ZAF,South Africa,"School age population, upper secondary education, both sexes (number)",,,2001,3180229.0
GUM,Guam,"Repeaters in Grade 5 of lower secondary general education, female (number)",SHARE,NUMBER,2002,0.0
MOZ,Mozambique,"Repeaters in Grade 5 of lower secondary general education, female (number)",SHARE,NUMBER,2002,0.0
NZL,New Zealand,"Repeaters in Grade 5 of lower secondary general education, female (number)",SHARE,NUMBER,2002,0.0
WSM,Samoa,"Repeaters in Grade 5 of lower secondary general education, female (number)",SHARE,NUMBER,2002,0.0
BOL,Bolivia,"Repeaters in grade unknown of lower secondary general education, both sexes (number)",SHARE,NUMBER,2002,0.0
CRI,Costa Rica,"Repeaters in grade unknown of lower secondary general education, both sexes (number)",SHARE,NUMBER,2002,0.0
GUY,Guyana,"Repeaters in grade unknown of lower secondary general education, both sexes (number)",SHARE,NUMBER,2002,0.0
MLI,Mali,"Repeaters in grade unknown of lower secondary general education, both sexes (number)",SHARE,NUMBER,2002,0.0
ARG,Argentina,"Population of compulsory school age, both sexes (number)",SHARE,NUMBER,2002,6985331.0
DZA,Algeria,"Population of compulsory school age, both sexes (number)",SHARE,NUMBER,2002,7302486.0
HTI,Haiti,"Population of compulsory school age, both sexes (number)",SHARE,NUMBER,2002,1343535.0
LIE,Liechtenstein,"Population of compulsory school age, both sexes (number)",SHARE,NUMBER,2002,3751.0
LVA,Latvia,"Population of compulsory school age, both sexes (number)",SHARE,NUMBER,2002,330861.0
MAR,Morocco,"Population of compulsory school age, both sexes (number)",SHARE,NUMBER,2002,5878893.0
BGR,Bulgaria,"School life expectancy, primary, female (years)",SHARE,NUMBER,2002,4.326429843902588
GRC,Greece,"School life expectancy, primary, female (years)",SHARE,NUMBER,2002,6.131820201873779
MDG,Madagascar,"School life expectancy, primary, female (years)",SHARE,NUMBER,2002,5.126639842987061
BTN,Bhutan,"School age population, secondary education, female (number)",,,2002,41737.0
BTN,Bhutan,"School age population, tertiary education, male (number)",,,2002,33828.0
BIH,Bosnia and Herzegovina,"School age population, secondary education, female (number)",,,2002,256768.0
BWA,Botswana,"School age population, upper secondary education, both sexes (number)",,,2002,88076.0
CMR,Cameroon,"School age population, last grade of primary education, female (number)",,,2002,211433.0
CAF,Central African Republic,"School age population, primary education, both sexes (number)",,,2002,666703.0
CHN,China,"School age population, lower secondary education, both sexes (number)",,,2002,75979296.0
DMA,Dominica,"School age population, tertiary education, male (number)",,,2002,2977.0
EGY,"Egypt, Arab Rep","School age population, secondary education, female (number)",,,2002,5057997.0
FIN,Finland,"School age population, secondary education, female (number)",,,2002,189516.0
DEU,Germany,"School age population, lower secondary education, both sexes (number)",,,2002,5648920.0
GIN,Guinea,"School age population, last grade of primary education, female (number)",,,2002,107458.0
GNB,Guinea-Bissau,"School age population, last grade of primary education, female (number)",,,2002,16058.0
LBY,Libya,"School age population, secondary education, female (number)",,,2002,362450.0
LTU,Lithuania,"School age population, primary education, both sexes (number)",,,2002,191518.0
MDA,Moldova,"School age population, upper secondary education, both sexes (number)",,,2002,145491.0
NZL,New Zealand,"School age population, primary education, both sexes (number)",,,2002,356180.0
NZL,New Zealand,"School age population, upper secondary education, both sexes (number)",,,2002,171830.0
OMN,Oman,"School age population, tertiary education, male (number)",,,2002,137842.0
PRT,Portugal,"School age population, lower secondary education, both sexes (number)",,,2002,345579.0
SOM,Somalia,"School age population, last grade of primary education, female (number)",,,2002,103841.0
ZAF,South Africa,"School age population, upper secondary education, both sexes (number)",,,2002,3264966.0
GUM,Guam,"Repeaters in Grade 5 of lower secondary general education, female (number)",SHARE,NUMBER,2003,0.0
MOZ,Mozambique,"Repeaters in Grade 5 of lower secondary general education, female (number)",SHARE,NUMBER,2003,0.0
NZL,New Zealand,"Repeaters in Grade 5 of lower secondary general education, female (number)",SHARE,NUMBER,2003,0.0
WSM,Samoa,"Repeaters in Grade 5 of lower secondary general education, female (number)",SHARE,NUMBER,2003,0.0
BOL,Bolivia,"Repeaters in grade unknown of lower secondary general education, both sexes (number)",SHARE,NUMBER,2003,0.0
CRI,Costa Rica,"Repeaters in grade unknown of lower secondary general education, both sexes (number)",SHARE,NUMBER,2003,0.0
GUY,Guyana,"Repeaters in grade unknown of lower secondary general education, both sexes (number)",SHARE,NUMBER,2003,0.0
MLI,Mali,"Repeaters in grade unknown of lower secondary general education, both sexes (number)",SHARE,NUMBER,2003,0.0
ARG,Argentina,"Population of compulsory school age, both sexes (number)",SHARE,NUMBER,2003,7011393.0
DZA,Algeria,"Population of compulsory school age, both sexes (number)",SHARE,NUMBER,2003,7164152.0
HTI,Haiti,"Population of compulsory school age, both sexes (number)",SHARE,NUMBER,2003,1347769.0
LIE,Liechtenstein,"Population of compulsory school age, both sexes (number)",SHARE,NUMBER,2003,3772.0
LVA,Latvia,"Population of compulsory school age, both sexes (number)",SHARE,NUMBER,2003,310643.0
MAR,Morocco,"Population of compulsory school age, both sexes (number)",SHARE,NUMBER,2003,5843024.0
BGR,Bulgaria,"School life expectancy, primary, female (years)",SHARE,NUMBER,2003,4.399370193481445
GRC,Greece,"School life expectancy, primary, female (years)",SHARE,NUMBER,2003,6.139790058135986
IRQ,Iraq,"School life expectancy, primary, female (years)",SHARE,NUMBER,2003,5.296559810638428
MDG,Madagascar,"School life expectancy, primary, female (years)",SHARE,NUMBER,2003,5.850419998168945
BTN,Bhutan,"School age population, secondary education, female (number)",,,2003,43506.0
BTN,Bhutan,"School age population, tertiary education, male (number)",,,2003,36182.0
BIH,Bosnia and Herzegovina,"School age population, secondary education, female (number)",,,2003,247206.0
BWA,Botswana,"School age population, upper secondary education, both sexes (number)",,,2003,89415.0
CMR,Cameroon,"School age population, last grade of primary education, female (number)",,,2003,216098.0
CAF,Central African Republic,"School age population, primary education, both sexes (number)",,,2003,683358.0
CHN,China,"School age population, lower secondary education, both sexes (number)",,,2003,76546072.0
DMA,Dominica,"School age population, tertiary education, male (number)",,,2003,3084.0
EGY,"Egypt, Arab Rep","School age population, secondary education, female (number)",,,2003,5074674.0
FIN,Finland,"School age population, secondary education, female (number)",,,2003,187933.0
DEU,Germany,"School age population, lower secondary education, both sexes (number)",,,2003,5564637.0
GIN,Guinea,"School age population, last grade of primary education, female (number)",,,2003,110788.0
GNB,Guinea-Bissau,"School age population, last grade of primary education, female (number)",,,2003,15919.0
LBY,Libya,"School age population, secondary education, female (number)",,,2003,367572.0
LTU,Lithuania,"School age population, primary education, both sexes (number)",,,2003,178260.0
MDA,Moldova,"School age population, upper secondary education, both sexes (number)",,,2003,148562.0
NZL,New Zealand,"School age population, primary education, both sexes (number)",,,2003,356610.0
NZL,New Zealand,"School age population, upper secondary education, both sexes (number)",,,2003,177410.0
OMN,Oman,"School age population, tertiary education, male (number)",,,2003,131486.0
PRT,Portugal,"School age population, lower secondary education, both sexes (number)",,,2003,344634.0
SOM,Somalia,"School age population, last grade of primary education, female (number)",,,2003,104356.0
ZAF,South Africa,"School age population, upper secondary education, both sexes (number)",,,2003,3392718.0
GUM,Guam,"Repeaters in Grade 5 of lower secondary general education, female (number)",SHARE,NUMBER,2004,0.0
MOZ,Mozambique,"Repeaters in Grade 5 of lower secondary general education, female (number)",SHARE,NUMBER,2004,0.0
NZL,New Zealand,"Repeaters in Grade 5 of lower secondary general education, female (number)",SHARE,NUMBER,2004,0.0
WSM,Samoa,"Repeaters in Grade 5 of lower secondary general education, female (number)",SHARE,NUMBER,2004,0.0
BOL,Bolivia,"Repeaters in grade unknown of lower secondary general education, both sexes (number)",SHARE,NUMBER,2004,0.0
CRI,Costa Rica,"Repeaters in grade unknown of lower secondary general education, both sexes (number)",SHARE,NUMBER,2004,0.0
GUY,Guyana,"Repeaters in grade unknown of lower secondary general education, both sexes (number)",SHARE,NUMBER,2004,0.0
MLI,Mali,"Repeaters in grade unknown of lower secondary general education, both sexes (number)",SHARE,NUMBER,2004,0.0
ARG,Argentina,"Population of compulsory school age, both sexes (number)",SHARE,NUMBER,2004,7031720.0
DZA,Algeria,"Population of compulsory school age, both sexes (number)",SHARE,NUMBER,2004,7010763.0
HTI,Haiti,"Population of compulsory school age, both sexes (number)",SHARE,NUMBER,2004,1355238.0
LIE,Liechtenstein,"Population of compulsory school age, both sexes (number)",SHARE,NUMBER,2004,3806.0
LVA,Latvia,"Population of compulsory school age, both sexes (number)",SHARE,NUMBER,2004,289901.0
MAR,Morocco,"Population of compulsory school age, both sexes (number)",SHARE,NUMBER,2004,5816589.0
BGR,Bulgaria,"School life expectancy, primary, female (years)",SHARE,NUMBER,2004,4.408349990844727
GRC,Greece,"School life expectancy, primary, female (years)",SHARE,NUMBER,2004,6.164649963378906
IRQ,Iraq,"School life expectancy, primary, female (years)",SHARE,NUMBER,2004,5.21382999420166
MDG,Madagascar,"School life expectancy, primary, female (years)",SHARE,NUMBER,2004,6.63824987411499
BTN,Bhutan,"School age population, secondary education, female (number)",,,2004,45231.0
BTN,Bhutan,"School age population, tertiary education, male (number)",,,2004,38402.0
BIH,Bosnia and Herzegovina,"School age population, secondary education, female (number)",,,2004,234905.0
BWA,Botswana,"School age population, upper secondary education, both sexes (number)",,,2004,90094.0
CMR,Cameroon,"School age population, last grade of primary education, female (number)",,,2004,220216.0
CAF,Central African Republic,"School age population, primary education, both sexes (number)",,,2004,698366.0
CHN,China,"School age population, lower secondary education, both sexes (number)",,,2004,73156640.0
DMA,Dominica,"School age population, tertiary education, male (number)",,,2004,3106.0
EGY,"Egypt, Arab Rep","School age population, secondary education, female (number)",,,2004,5089039.0
FIN,Finland,"School age population, secondary education, female (number)",,,2004,187944.0
DEU,Germany,"School age population, lower secondary education, both sexes (number)",,,2004,5434946.0
GIN,Guinea,"School age population, last grade of primary education, female (number)",,,2004,114736.0
GNB,Guinea-Bissau,"School age population, last grade of primary education, female (number)",,,2004,16136.0
LBY,Libya,"School age population, secondary education, female (number)",,,2004,369738.0
LTU,Lithuania,"School age population, primary education, both sexes (number)",,,2004,163716.0
MDA,Moldova,"School age population, upper secondary education, both sexes (number)",,,2004,147658.0
NZL,New Zealand,"School age population, primary education, both sexes (number)",,,2004,354240.0
NZL,New Zealand,"School age population, upper secondary education, both sexes (number)",,,2004,181970.0
OMN,Oman,"School age population, tertiary education, male (number)",,,2004,140430.0
PRT,Portugal,"School age population, lower secondary education, both sexes (number)",,,2004,345035.0
SOM,Somalia,"School age population, last grade of primary education, female (number)",,,2004,120329.0
ZAF,South Africa,"School age population, upper secondary education, both sexes (number)",,,2004,3523742.0
GUM,Guam,"Repeaters in Grade 5 of lower secondary general education, female (number)",SHARE,NUMBER,2005,0.0
MOZ,Mozambique,"Repeaters in Grade 5 of lower secondary general education, female (number)",SHARE,NUMBER,2005,0.0
NZL,New Zealand,"Repeaters in Grade 5 of lower secondary general education, female (number)",SHARE,NUMBER,2005,0.0
WSM,Samoa,"Repeaters in Grade 5 of lower secondary general education, female (number)",SHARE,NUMBER,2005,0.0
BOL,Bolivia,"Repeaters in grade unknown of lower secondary general education, both sexes (number)",SHARE,NUMBER,2005,0.0
CRI,Costa Rica,"Repeaters in grade unknown of lower secondary general education, both sexes (number)",SHARE,NUMBER,2005,0.0
GUY,Guyana,"Repeaters in grade unknown of lower secondary general education, both sexes (number)",SHARE,NUMBER,2005,0.0
MLI,Mali,"Repeaters in grade unknown of lower secondary general education, both sexes (number)",SHARE,NUMBER,2005,0.0
ARG,Argentina,"Population of compulsory school age, both sexes (number)",SHARE,NUMBER,2005,7052849.0
DZA,Algeria,"Population of compulsory school age, both sexes (number)",SHARE,NUMBER,2005,6818861.0
HTI,Haiti,"Population of compulsory school age, both sexes (number)",SHARE,NUMBER,2005,1361751.0
LIE,Liechtenstein,"Population of compulsory school age, both sexes (number)",SHARE,NUMBER,2005,3764.0
LVA,Latvia,"Population of compulsory school age, both sexes (number)",SHARE,NUMBER,2005,271133.0
MAR,Morocco,"Population of compulsory school age, both sexes (number)",SHARE,NUMBER,2005,5777149.0
BGR,Bulgaria,"School life expectancy, primary, female (years)",SHARE,NUMBER,2005,4.366980075836182
GRC,Greece,"School life expectancy, primary, female (years)",SHARE,NUMBER,2005,6.125669956207275
MDG,Madagascar,"School life expectancy, primary, female (years)",SHARE,NUMBER,2005,6.878369808197021
BTN,Bhutan,"School age population, secondary education, female (number)",,,2005,46756.0
BTN,Bhutan,"School age population, tertiary education, male (number)",,,2005,40365.0
BIH,Bosnia and Herzegovina,"School age population, secondary education, female (number)",,,2005,221353.0
BWA,Botswana,"School age population, upper secondary education, both sexes (number)",,,2005,90035.0
CMR,Cameroon,"School age population, last grade of primary education, female (number)",,,2005,223992.0
CAF,Central African Republic,"School age population, primary education, both sexes (number)",,,2005,714102.0
CHN,China,"School age population, lower secondary education, both sexes (number)",,,2005,67494864.0
DMA,Dominica,"School age population, tertiary education, male (number)",,,2005,3067.0
EGY,"Egypt, Arab Rep","School age population, secondary education, female (number)",,,2005,5087599.0
FIN,Finland,"School age population, secondary education, female (number)",,,2005,189196.0
DEU,Germany,"School age population, lower secondary education, both sexes (number)",,,2005,5248500.0
GIN,Guinea,"School age population, last grade of primary education, female (number)",,,2005,118344.0
GNB,Guinea-Bissau,"School age population, last grade of primary education, female (number)",,,2005,16617.0
LBY,Libya,"School age population, secondary education, female (number)",,,2005,370559.0
LTU,Lithuania,"School age population, primary education, both sexes (number)",,,2005,153732.0
MDA,Moldova,"School age population, upper secondary education, both sexes (number)",,,2005,144418.0
NZL,New Zealand,"School age population, primary education, both sexes (number)",,,2005,353450.0
NZL,New Zealand,"School age population, upper secondary education, both sexes (number)",,,2005,187610.0
OMN,Oman,"School age population, tertiary education, male (number)",,,2005,147601.0
PRT,Portugal,"School age population, lower secondary education, both sexes (number)",,,2005,346034.0
SOM,Somalia,"School age population, last grade of primary education, female (number)",,,2005,136555.0
ZAF,South Africa,"School age population, upper secondary education, both sexes (number)",,,2005,3615317.0
GUM,Guam,"Repeaters in Grade 5 of lower secondary general education, female (number)",SHARE,NUMBER,2006,0.0
MOZ,Mozambique,"Repeaters in Grade 5 of lower secondary general education, female (number)",SHARE,NUMBER,2006,0.0
NZL,New Zealand,"Repeaters in Grade 5 of lower secondary general education, female (number)",SHARE,NUMBER,2006,0.0
WSM,Samoa,"Repeaters in Grade 5 of lower secondary general education, female (number)",SHARE,NUMBER,2006,0.0
BOL,Bolivia,"Repeaters in grade unknown of lower secondary general education, both sexes (number)",SHARE,NUMBER,2006,0.0
CRI,Costa Rica,"Repeaters in grade unknown of lower secondary general education, both sexes (number)",SHARE,NUMBER,2006,0.0
GUY,Guyana,"Repeaters in grade unknown of lower secondary general education, both sexes (number)",SHARE,NUMBER,2006,0.0
MLI,Mali,"Repeaters in grade unknown of lower secondary general education, both sexes (number)",SHARE,NUMBER,2006,0.0
ARG,Argentina,"Population of compulsory school age, both sexes (number)",SHARE,NUMBER,2006,9105161.0
DZA,Algeria,"Population of compulsory school age, both sexes (number)",SHARE,NUMBER,2006,6631497.0
HTI,Haiti,"Population of compulsory school age, both sexes (number)",SHARE,NUMBER,2006,1370351.0
LIE,Liechtenstein,"Population of compulsory school age, both sexes (number)",SHARE,NUMBER,2006,3761.0
LVA,Latvia,"Population of compulsory school age, both sexes (number)",SHARE,NUMBER,2006,255338.0
MAR,Morocco,"Population of compulsory school age, both sexes (number)",SHARE,NUMBER,2006,5720432.0
BGR,Bulgaria,"School life expectancy, primary, female (years)",SHARE,NUMBER,2006,4.275579929351807
GRC,Greece,"School life expectancy, primary, female (years)",SHARE,NUMBER,2006,6.08420991897583
MDG,Madagascar,"School life expectancy, primary, female (years)",SHARE,NUMBER,2006,6.871039867401123
BTN,Bhutan,"School age population, secondary education, female (number)",,,2006,47456.0
BTN,Bhutan,"School age population, tertiary education, male (number)",,,2006,41029.0
BIH,Bosnia and Herzegovina,"School age population, secondary education, female (number)",,,2006,209710.0
BWA,Botswana,"School age population, upper secondary education, both sexes (number)",,,2006,89687.0
CMR,Cameroon,"School age population, last grade of primary education, female (number)",,,2006,227901.0
CAF,Central African Republic,"School age population, primary education, both sexes (number)",,,2006,730891.0
CHN,China,"School age population, lower secondary education, both sexes (number)",,,2006,60023300.0
DMA,Dominica,"School age population, tertiary education, male (number)",,,2006,3014.0
EGY,"Egypt, Arab Rep","School age population, secondary education, female (number)",,,2006,5080648.0
FIN,Finland,"School age population, secondary education, female (number)",,,2006,191953.0
DEU,Germany,"School age population, lower secondary education, both sexes (number)",,,2006,5075862.0
GIN,Guinea,"School age population, last grade of primary education, female (number)",,,2006,121501.0
GNB,Guinea-Bissau,"School age population, last grade of primary education, female (number)",,,2006,17044.0
LBY,Libya,"School age population, secondary education, female (number)",,,2006,370201.0
LTU,Lithuania,"School age population, primary education, both sexes (number)",,,2006,147431.0
MDA,Moldova,"School age population, upper secondary education, both sexes (number)",,,2006,139195.0
NZL,New Zealand,"School age population, primary education, both sexes (number)",,,2006,352230.0
NZL,New Zealand,"School age population, upper secondary education, both sexes (number)",,,2006,192920.0
OMN,Oman,"School age population, tertiary education, male (number)",,,2006,151754.0
PRT,Portugal,"School age population, lower secondary education, both sexes (number)",,,2006,344690.0
SOM,Somalia,"School age population, last grade of primary education, female (number)",,,2006,141584.0
ZAF,South Africa,"School age population, upper secondary education, both sexes (number)",,,2006,3626770.0
GUM,Guam,"Repeaters in Grade 5 of lower secondary general education, female (number)",SHARE,NUMBER,2007,0.0
MOZ,Mozambique,"Repeaters in Grade 5 of lower secondary general education, female (number)",SHARE,NUMBER,2007,0.0
NZL,New Zealand,"Repeaters in Grade 5 of lower secondary general education, female (number)",SHARE,NUMBER,2007,0.0
WSM,Samoa,"Repeaters in Grade 5 of lower secondary general education, female (number)",SHARE,NUMBER,2007,0.0
BOL,Bolivia,"Repeaters in grade unknown of lower secondary general education, both sexes (number)",SHARE,NUMBER,2007,0.0
CRI,Costa Rica,"Repeaters in grade unknown of lower secondary general education, both sexes (number)",SHARE,NUMBER,2007,0.0
GUY,Guyana,"Repeaters in grade unknown of lower secondary general education, both sexes (number)",SHARE,NUMBER,2007,0.0
MLI,Mali,"Repeaters in grade unknown of lower secondary general education, both sexes (number)",SHARE,NUMBER,2007,0.0
ARG,Argentina,"Population of compulsory school age, both sexes (number)",SHARE,NUMBER,2007,9123334.0
DZA,Algeria,"Population of compulsory school age, both sexes (number)",SHARE,NUMBER,2007,6466377.0
HTI,Haiti,"Population of compulsory school age, both sexes (number)",SHARE,NUMBER,2007,1381304.0
LIE,Liechtenstein,"Population of compulsory school age, both sexes (number)",SHARE,NUMBER,2007,3733.0
LVA,Latvia,"Population of compulsory school age, both sexes (number)",SHARE,NUMBER,2007,240196.0
MAR,Morocco,"Population of compulsory school age, both sexes (number)",SHARE,NUMBER,2007,5665825.0
BGR,Bulgaria,"School life expectancy, primary, female (years)",SHARE,NUMBER,2007,4.201940059661865
GRC,Greece,"School life expectancy, primary, female (years)",SHARE,NUMBER,2007,6.002359867095947
IRQ,Iraq,"School life expectancy, primary, female (years)",SHARE,NUMBER,2007,5.694169998168945
MDG,Madagascar,"School life expectancy, primary, female (years)",SHARE,NUMBER,2007,6.963399887084961
BTN,Bhutan,"School age population, secondary education, female (number)",,,2007,47357.0
BTN,Bhutan,"School age population, tertiary education, male (number)",,,2007,40961.0
BIH,Bosnia and Herzegovina,"School age population, secondary education, female (number)",,,2007,199998.0
BWA,Botswana,"School age population, upper secondary education, both sexes (number)",,,2007,89365.0
CMR,Cameroon,"School age population, last grade of primary education, female (number)",,,2007,231020.0
CAF,Central African Republic,"School age population, primary education, both sexes (number)",,,2007,747738.0
CHN,China,"School age population, lower secondary education, both sexes (number)",,,2007,57017772.0
DMA,Dominica,"School age population, tertiary education, male (number)",,,2007,2968.0
EGY,"Egypt, Arab Rep","School age population, secondary education, female (number)",,,2007,5065862.0
FIN,Finland,"School age population, secondary education, female (number)",,,2007,194352.0
DEU,Germany,"School age population, lower secondary education, both sexes (number)",,,2007,4913504.0
GIN,Guinea,"School age population, last grade of primary education, female (number)",,,2007,123748.0
GNB,Guinea-Bissau,"School age population, last grade of primary education, female (number)",,,2007,17529.0
LBY,Libya,"School age population, secondary education, female (number)",,,2007,365073.0
LTU,Lithuania,"School age population, primary education, both sexes (number)",,,2007,142243.0
MDA,Moldova,"School age population, upper secondary education, both sexes (number)",,,2007,134063.0
NZL,New Zealand,"School age population, primary education, both sexes (number)",,,2007,350970.0
NZL,New Zealand,"School age population, upper secondary education, both sexes (number)",,,2007,193510.0
OMN,Oman,"School age population, tertiary education, male (number)",,,2007,158437.0
PRT,Portugal,"School age population, lower secondary education, both sexes (number)",,,2007,337639.0
SOM,Somalia,"School age population, last grade of primary education, female (number)",,,2007,145235.0
ZAF,South Africa,"School age population, upper secondary education, both sexes (number)",,,2007,3564692.0
GUM,Guam,"Repeaters in Grade 5 of lower secondary general education, female (number)",SHARE,NUMBER,2008,0.0
MOZ,Mozambique,"Repeaters in Grade 5 of lower secondary general education, female (number)",SHARE,NUMBER,2008,0.0
NZL,New Zealand,"Repeaters in Grade 5 of lower secondary general education, female (number)",SHARE,NUMBER,2008,0.0
WSM,Samoa,"Repeaters in Grade 5 of lower secondary general education, female (number)",SHARE,NUMBER,2008,0.0
BOL,Bolivia,"Repeaters in grade unknown of lower secondary general education, both sexes (number)",SHARE,NUMBER,2008,0.0
CRI,Costa Rica,"Repeaters in grade unknown of lower secondary general education, both sexes (number)",SHARE,NUMBER,2008,0.0
GUY,Guyana,"Repeaters in grade unknown of lower secondary general education, both sexes (number)",SHARE,NUMBER,2008,0.0
MLI,Mali,"Repeaters in grade unknown of lower secondary general education, both sexes (number)",SHARE,NUMBER,2008,0.0
ARG,Argentina,"Population of compulsory school age, both sexes (number)",SHARE,NUMBER,2008,9135420.0
DZA,Algeria,"Population of compulsory school age, both sexes (number)",SHARE,NUMBER,2008,6315771.0
HTI,Haiti,"Population of compulsory school age, both sexes (number)",SHARE,NUMBER,2008,1389702.0
LIE,Liechtenstein,"Population of compulsory school age, both sexes (number)",SHARE,NUMBER,2008,3705.0
LVA,Latvia,"Population of compulsory school age, both sexes (number)",SHARE,NUMBER,2008,227833.0
MAR,Morocco,"Population of compulsory school age, both sexes (number)",SHARE,NUMBER,2008,5616229.0
BGR,Bulgaria,"School life expectancy, primary, female (years)",SHARE,NUMBER,2008,4.138259887695313
MDG,Madagascar,"School life expectancy, primary, female (years)",SHARE,NUMBER,2008,7.140069961547852
BTN,Bhutan,"School age population, secondary education, female (number)",,,2008,46827.0
BTN,Bhutan,"School age population, tertiary education, male (number)",,,2008,41040.0
BIH,Bosnia and Herzegovina,"School age population, secondary education, female (number)",,,2008,193729.0
BWA,Botswana,"School age population, upper secondary education, both sexes (number)",,,2008,89224.0
CMR,Cameroon,"School age population, last grade of primary education, female (number)",,,2008,234097.0
CAF,Central African Republic,"School age population, primary education, both sexes (number)",,,2008,763736.0
CHN,China,"School age population, lower secondary education, both sexes (number)",,,2008,55031616.0
DMA,Dominica,"School age population, tertiary education, male (number)",,,2008,2948.0
EGY,"Egypt, Arab Rep","School age population, secondary education, female (number)",,,2008,5057616.0
FIN,Finland,"School age population, secondary education, female (number)",,,2008,195213.0
DEU,Germany,"School age population, lower secondary education, both sexes (number)",,,2008,4853613.0
GIN,Guinea,"School age population, last grade of primary education, female (number)",,,2008,125845.0
GNB,Guinea-Bissau,"School age population, last grade of primary education, female (number)",,,2008,17940.0
LBY,Libya,"School age population, secondary education, female (number)",,,2008,360085.0
LTU,Lithuania,"School age population, primary education, both sexes (number)",,,2008,136402.0
MDA,Moldova,"School age population, upper secondary education, both sexes (number)",,,2008,127401.0
NZL,New Zealand,"School age population, primary education, both sexes (number)",,,2008,350520.0
NZL,New Zealand,"School age population, upper secondary education, both sexes (number)",,,2008,191910.0
OMN,Oman,"School age population, tertiary education, male (number)",,,2008,161818.0
PRT,Portugal,"School age population, lower secondary education, both sexes (number)",,,2008,332259.0
SOM,Somalia,"School age population, last grade of primary education, female (number)",,,2008,150069.0
ZAF,South Africa,"School age population, upper secondary education, both sexes (number)",,,2008,3503373.0
GUM,Guam,"Repeaters in Grade 5 of lower secondary general education, female (number)",SHARE,NUMBER,2009,0.0
MOZ,Mozambique,"Repeaters in Grade 5 of lower secondary general education, female (number)",SHARE,NUMBER,2009,0.0
NZL,New Zealand,"Repeaters in Grade 5 of lower secondary general education, female (number)",SHARE,NUMBER,2009,0.0
WSM,Samoa,"Repeaters in Grade 5 of lower secondary general education, female (number)",SHARE,NUMBER,2009,0.0
BOL,Bolivia,"Repeaters in grade unknown of lower secondary general education, both sexes (number)",SHARE,NUMBER,2009,0.0
CRI,Costa Rica,"Repeaters in grade unknown of lower secondary general education, both sexes (number)",SHARE,NUMBER,2009,0.0
GUY,Guyana,"Repeaters in grade unknown of lower secondary general education, both sexes (number)",SHARE,NUMBER,2009,0.0
MLI,Mali,"Repeaters in grade unknown of lower secondary general education, both sexes (number)",SHARE,NUMBER,2009,0.0
ARG,Argentina,"Population of compulsory school age, both sexes (number)",SHARE,NUMBER,2009,9131351.0
DZA,Algeria,"Population of compulsory school age, both sexes (number)",SHARE,NUMBER,2009,6183521.0
HTI,Haiti,"Population of compulsory school age, both sexes (number)",SHARE,NUMBER,2009,1395932.0
LIE,Liechtenstein,"Population of compulsory school age, both sexes (number)",SHARE,NUMBER,2009,3664.0
LVA,Latvia,"Population of compulsory school age, both sexes (number)",SHARE,NUMBER,2009,217828.0
MAR,Morocco,"Population of compulsory school age, both sexes (number)",SHARE,NUMBER,2009,5571807.0
BGR,Bulgaria,"School life expectancy, primary, female (years)",SHARE,NUMBER,2009,4.070899963378906
MDG,Madagascar,"School life expectancy, primary, female (years)",SHARE,NUMBER,2009,7.537799835205078
BTN,Bhutan,"School age population, secondary education, female (number)",,,2009,45979.0
BTN,Bhutan,"School age population, tertiary education, male (number)",,,2009,41417.0
BIH,Bosnia and Herzegovina,"School age population, secondary education, female (number)",,,2009,188369.0
BWA,Botswana,"School age population, upper secondary education, both sexes (number)",,,2009,89664.0
CMR,Cameroon,"School age population, last grade of primary education, female (number)",,,2009,238364.0
CAF,Central African Republic,"School age population, primary education, both sexes (number)",,,2009,779415.0
CHN,China,"School age population, lower secondary education, both sexes (number)",,,2009,53226796.0
DMA,Dominica,"School age population, tertiary education, male (number)",,,2009,2979.0
EGY,"Egypt, Arab Rep","School age population, secondary education, female (number)",,,2009,5062879.0
FIN,Finland,"School age population, secondary education, female (number)",,,2009,194977.0
DEU,Germany,"School age population, lower secondary education, both sexes (number)",,,2009,4800662.0
GIN,Guinea,"School age population, last grade of primary education, female (number)",,,2009,129653.0
GNB,Guinea-Bissau,"School age population, last grade of primary education, female (number)",,,2009,18398.0
LBY,Libya,"School age population, secondary education, female (number)",,,2009,355554.0
LTU,Lithuania,"School age population, primary education, both sexes (number)",,,2009,129561.0
MDA,Moldova,"School age population, upper secondary education, both sexes (number)",,,2009,120783.0
NZL,New Zealand,"School age population, primary education, both sexes (number)",,,2009,350960.0
NZL,New Zealand,"School age population, upper secondary education, both sexes (number)",,,2009,188450.0
OMN,Oman,"School age population, tertiary education, male (number)",,,2009,198857.0
PRT,Portugal,"School age population, lower secondary education, both sexes (number)",,,2009,328527.0
SOM,Somalia,"School age population, last grade of primary education, female (number)",,,2009,154971.0
ZAF,South Africa,"School age population, upper secondary education, both sexes (number)",,,2009,3425468.0
GUM,Guam,"Repeaters in Grade 5 of lower secondary general education, female (number)",SHARE,NUMBER,2010,0.0
MOZ,Mozambique,"Repeaters in Grade 5 of lower secondary general education, female (number)",SHARE,NUMBER,2010,0.0
NZL,New Zealand,"Repeaters in Grade 5 of lower secondary general education, female (number)",SHARE,NUMBER,2010,0.0
WSM,Samoa,"Repeaters in Grade 5 of lower secondary general education, female (number)",SHARE,NUMBER,2010,0.0
BOL,Bolivia,"Repeaters in grade unknown of lower secondary general education, both sexes (number)",SHARE,NUMBER,2010,0.0
CRI,Costa Rica,"Repeaters in grade unknown of lower secondary general education, both sexes (number)",SHARE,NUMBER,2010,0.0
GUY,Guyana,"Repeaters in grade unknown of lower secondary general education, both sexes (number)",SHARE,NUMBER,2010,0.0
MLI,Mali,"Repeaters in grade unknown of lower secondary general education, both sexes (number)",SHARE,NUMBER,2010,0.0
ARG,Argentina,"Population of compulsory school age, both sexes (number)",SHARE,NUMBER,2010,9125517.0
DZA,Algeria,"Population of compulsory school age, both sexes (number)",SHARE,NUMBER,2010,6090881.0
HTI,Haiti,"Population of compulsory school age, both sexes (number)",SHARE,NUMBER,2010,1401699.0
LIE,Liechtenstein,"Population of compulsory school age, both sexes (number)",SHARE,NUMBER,2010,3624.0
LVA,Latvia,"Population of compulsory school age, both sexes (number)",SHARE,NUMBER,2010,210906.0
MAR,Morocco,"Population of compulsory school age, both sexes (number)",SHARE,NUMBER,2010,5540154.0
BGR,Bulgaria,"School life expectancy, primary, female (years)",SHARE,NUMBER,2010,4.052579879760742
GRC,Greece,"School life expectancy, primary, female (years)",SHARE,NUMBER,2010,6.012800216674805
MDG,Madagascar,"School life expectancy, primary, female (years)",SHARE,NUMBER,2010,7.240059852600098
BTN,Bhutan,"School age population, secondary education, female (number)",,,2010,45040.0
BTN,Bhutan,"School age population, tertiary education, male (number)",,,2010,42057.0
BIH,Bosnia and Herzegovina,"School age population, secondary education, female (number)",,,2010,187862.0
BWA,Botswana,"School age population, upper secondary education, both sexes (number)",,,2010,90535.0
CMR,Cameroon,"School age population, last grade of primary education, female (number)",,,2010,245329.0
CAF,Central African Republic,"School age population, primary education, both sexes (number)",,,2010,797231.0
CHN,China,"School age population, lower secondary education, both sexes (number)",,,2010,51536888.0
DMA,Dominica,"School age population, tertiary education, male (number)",,,2010,3050.0
EGY,"Egypt, Arab Rep","School age population, secondary education, female (number)",,,2010,5086003.0
FIN,Finland,"School age population, secondary education, female (number)",,,2010,192601.0
DEU,Germany,"School age population, lower secondary education, both sexes (number)",,,2010,4755420.0
GIN,Guinea,"School age population, last grade of primary education, female (number)",,,2010,132684.0
GNB,Guinea-Bissau,"School age population, last grade of primary education, female (number)",,,2010,18934.0
LBY,Libya,"School age population, secondary education, female (number)",,,2010,351912.0
LTU,Lithuania,"School age population, primary education, both sexes (number)",,,2010,121944.0
MDA,Moldova,"School age population, upper secondary education, both sexes (number)",,,2010,115824.0
NZL,New Zealand,"School age population, primary education, both sexes (number)",,,2010,351900.0
NZL,New Zealand,"School age population, upper secondary education, both sexes (number)",,,2010,188060.0
OMN,Oman,"School age population, tertiary education, male (number)",,,2010,152248.0
PRT,Portugal,"School age population, lower secondary education, both sexes (number)",,,2010,330418.0
SOM,Somalia,"School age population, last grade of primary education, female (number)",,,2010,158766.0
ZAF,South Africa,"School age population, upper secondary education, both sexes (number)",,,2010,3369067.0
GUM,Guam,"Repeaters in Grade 5 of lower secondary general education, female (number)",SHARE,NUMBER,2011,0.0
MOZ,Mozambique,"Repeaters in Grade 5 of lower secondary general education, female (number)",SHARE,NUMBER,2011,0.0
NZL,New Zealand,"Repeaters in Grade 5 of lower secondary general education, female (number)",SHARE,NUMBER,2011,0.0
WSM,Samoa,"Repeaters in Grade 5 of lower secondary general education, female (number)",SHARE,NUMBER,2011,0.0
BOL,Bolivia,"Repeaters in grade unknown of lower secondary general education, both sexes (number)",SHARE,NUMBER,2011,0.0
CRI,Costa Rica,"Repeaters in grade unknown of lower secondary general education, both sexes (number)",SHARE,NUMBER,2011,0.0
GUY,Guyana,"Repeaters in grade unknown of lower secondary general education, both sexes (number)",SHARE,NUMBER,2011,0.0
MLI,Mali,"Repeaters in grade unknown of lower secondary general education, both sexes (number)",SHARE,NUMBER,2011,0.0
ARG,Argentina,"Population of compulsory school age, both sexes (number)",SHARE,NUMBER,2011,9122286.0
DZA,Algeria,"Population of compulsory school age, both sexes (number)",SHARE,NUMBER,2011,6042406.0
HTI,Haiti,"Population of compulsory school age, both sexes (number)",SHARE,NUMBER,2011,1396877.0
LIE,Liechtenstein,"Population of compulsory school age, both sexes (number)",SHARE,NUMBER,2011,3553.0
LVA,Latvia,"Population of compulsory school age, both sexes (number)",SHARE,NUMBER,2011,206571.0
MAR,Morocco,"Population of compulsory school age, both sexes (number)",SHARE,NUMBER,2011,5525036.0
BGR,Bulgaria,"School life expectancy, primary, female (years)",SHARE,NUMBER,2011,4.033830165863037
GRC,Greece,"School life expectancy, primary, female (years)",SHARE,NUMBER,2011,5.953030109405518
MDG,Madagascar,"School life expectancy, primary, female (years)",SHARE,NUMBER,2011,7.188290119171143
BTN,Bhutan,"School age population, secondary education, female (number)",,,2011,44019.0
BTN,Bhutan,"School age population, tertiary education, male (number)",,,2011,42906.0
BIH,Bosnia and Herzegovina,"School age population, secondary education, female (number)",,,2011,182685.0
BWA,Botswana,"School age population, upper secondary education, both sexes (number)",,,2011,90967.0
CMR,Cameroon,"School age population, last grade of primary education, female (number)",,,2011,254184.0
CAF,Central African Republic,"School age population, primary education, both sexes (number)",,,2011,814674.0
CHN,China,"School age population, lower secondary education, both sexes (number)",,,2011,49904504.0
DMA,Dominica,"School age population, tertiary education, male (number)",,,2011,3109.0
EGY,"Egypt, Arab Rep","School age population, secondary education, female (number)",,,2011,5113066.0
FIN,Finland,"School age population, secondary education, female (number)",,,2011,189795.0
DEU,Germany,"School age population, lower secondary education, both sexes (number)",,,2011,4718962.0
GIN,Guinea,"School age population, last grade of primary education, female (number)",,,2011,132980.0
GNB,Guinea-Bissau,"School age population, last grade of primary education, female (number)",,,2011,19942.0
LBY,Libya,"School age population, secondary education, female (number)",,,2011,349275.0
LTU,Lithuania,"School age population, primary education, both sexes (number)",,,2011,114152.0
MDA,Moldova,"School age population, upper secondary education, both sexes (number)",,,2011,110546.0
NZL,New Zealand,"School age population, primary education, both sexes (number)",,,2011,350600.0
NZL,New Zealand,"School age population, upper secondary education, both sexes (number)",,,2011,187230.0
OMN,Oman,"School age population, tertiary education, male (number)",,,2011,153815.0
PRT,Portugal,"School age population, lower secondary education, both sexes (number)",,,2011,332548.0
SOM,Somalia,"School age population, last grade of primary education, female (number)",,,2011,162765.0
ZAF,South Africa,"School age population, upper secondary education, both sexes (number)",,,2011,3299155.0
GUM,Guam,"Repeaters in Grade 5 of lower secondary general education, female (number)",SHARE,NUMBER,2012,0.0
MOZ,Mozambique,"Repeaters in Grade 5 of lower secondary general education, female (number)",SHARE,NUMBER,2012,0.0
NZL,New Zealand,"Repeaters in Grade 5 of lower secondary general education, female (number)",SHARE,NUMBER,2012,0.0
WSM,Samoa,"Repeaters in Grade 5 of lower secondary general education, female (number)",SHARE,NUMBER,2012,0.0
BOL,Bolivia,"Repeaters in grade unknown of lower secondary general education, both sexes (number)",SHARE,NUMBER,2012,0.0
CRI,Costa Rica,"Repeaters in grade unknown of lower secondary general education, both sexes (number)",SHARE,NUMBER,2012,0.0
GUY,Guyana,"Repeaters in grade unknown of lower secondary general education, both sexes (number)",SHARE,NUMBER,2012,0.0
MLI,Mali,"Repeaters in grade unknown of lower secondary general education, both sexes (number)",SHARE,NUMBER,2012,0.0
ARG,Argentina,"Population of compulsory school age, both sexes (number)",SHARE,NUMBER,2012,9114598.0
DZA,Algeria,"Population of compulsory school age, both sexes (number)",SHARE,NUMBER,2012,6050533.0
HTI,Haiti,"Population of compulsory school age, both sexes (number)",SHARE,NUMBER,2012,1401963.0
LIE,Liechtenstein,"Population of compulsory school age, both sexes (number)",SHARE,NUMBER,2012,3544.0
LVA,Latvia,"Population of compulsory school age, both sexes (number)",SHARE,NUMBER,2012,205931.0
MAR,Morocco,"Population of compulsory school age, both sexes (number)",SHARE,NUMBER,2012,5521378.0
BGR,Bulgaria,"School life expectancy, primary, female (years)",SHARE,NUMBER,2012,3.992419958114624
GRC,Greece,"School life expectancy, primary, female (years)",SHARE,NUMBER,2012,5.9510498046875
MDG,Madagascar,"School life expectancy, primary, female (years)",SHARE,NUMBER,2012,7.204969882965088
BTN,Bhutan,"School age population, secondary education, female (number)",,,2012,42983.0
BTN,Bhutan,"School age population, tertiary education, male (number)",,,2012,43821.0
BIH,Bosnia and Herzegovina,"School age population, secondary education, female (number)",,,2012,179522.0
BWA,Botswana,"School age population, upper secondary education, both sexes (number)",,,2012,90102.0
CMR,Cameroon,"School age population, last grade of primary education, female (number)",,,2012,260284.0
CAF,Central African Republic,"School age population, primary education, both sexes (number)",,,2012,831641.0
CHN,China,"School age population, lower secondary education, both sexes (number)",,,2012,48700460.0
DMA,Dominica,"School age population, tertiary education, male (number)",,,2012,3169.0
EGY,"Egypt, Arab Rep","School age population, secondary education, female (number)",,,2012,5157311.0
FIN,Finland,"School age population, secondary education, female (number)",,,2012,185333.0
DEU,Germany,"School age population, lower secondary education, both sexes (number)",,,2012,4691001.0
GIN,Guinea,"School age population, last grade of primary education, female (number)",,,2012,135882.0
GNB,Guinea-Bissau,"School age population, last grade of primary education, female (number)",,,2012,20494.0
LBY,Libya,"School age population, secondary education, female (number)",,,2012,315080.0
LTU,Lithuania,"School age population, primary education, both sexes (number)",,,2012,109361.0
MDA,Moldova,"School age population, upper secondary education, both sexes (number)",,,2012,103161.0
NZL,New Zealand,"School age population, primary education, both sexes (number)",,,2012,351520.0
NZL,New Zealand,"School age population, upper secondary education, both sexes (number)",,,2012,186680.0
OMN,Oman,"School age population, tertiary education, male (number)",,,2012,161636.0
PRT,Portugal,"School age population, lower secondary education, both sexes (number)",,,2012,335977.0
SOM,Somalia,"School age population, last grade of primary education, female (number)",,,2012,163627.0
ZAF,South Africa,"School age population, upper secondary education, both sexes (number)",,,2012,3248224.0
MOZ,Mozambique,"Repeaters in Grade 5 of lower secondary general education, female (number)",SHARE,NUMBER,2013,0.0
NZL,New Zealand,"Repeaters in Grade 5 of lower secondary general education, female (number)",SHARE,NUMBER,2013,0.0
WSM,Samoa,"Repeaters in Grade 5 of lower secondary general education, female (number)",SHARE,NUMBER,2013,0.0
BOL,Bolivia,"Repeaters in grade unknown of lower secondary general education, both sexes (number)",SHARE,NUMBER,2013,0.0
CRI,Costa Rica,"Repeaters in grade unknown of lower secondary general education, both sexes (number)",SHARE,NUMBER,2013,0.0
MLI,Mali,"Repeaters in grade unknown of lower secondary general education, both sexes (number)",SHARE,NUMBER,2013,0.0
ARG,Argentina,"Population of compulsory school age, both sexes (number)",SHARE,NUMBER,2013,9102425.0
DZA,Algeria,"Population of compulsory school age, both sexes (number)",SHARE,NUMBER,2013,6115513.0
HTI,Haiti,"Population of compulsory school age, both sexes (number)",SHARE,NUMBER,2013,1404865.0
LIE,Liechtenstein,"Population of compulsory school age, both sexes (number)",SHARE,NUMBER,2013,3476.0
LVA,Latvia,"Population of compulsory school age, both sexes (number)",SHARE,NUMBER,2013,208245.0
MAR,Morocco,"Population of compulsory school age, both sexes (number)",SHARE,NUMBER,2013,5523911.0
BGR,Bulgaria,"School life expectancy, primary, female (years)",SHARE,NUMBER,2013,3.957779884338379
GRC,Greece,"School life expectancy, primary, female (years)",SHARE,NUMBER,2013,5.936490058898926
MDG,Madagascar,"School life expectancy, primary, female (years)",SHARE,NUMBER,2013,7.194829940795898
BTN,Bhutan,"School age population, secondary education, female (number)",,,2013,42184.0
BTN,Bhutan,"School age population, tertiary education, male (number)",,,2013,44506.0
BIH,Bosnia and Herzegovina,"School age population, secondary education, female (number)",,,2013,178879.0
BWA,Botswana,"School age population, upper secondary education, both sexes (number)",,,2013,88251.0
CMR,Cameroon,"School age population, last grade of primary education, female (number)",,,2013,266765.0
CAF,Central African Republic,"School age population, primary education, both sexes (number)",,,2013,848707.0
CHN,China,"School age population, lower secondary education, both sexes (number)",,,2013,48751276.0
DMA,Dominica,"School age population, tertiary education, male (number)",,,2013,3207.0
EGY,"Egypt, Arab Rep","School age population, secondary education, female (number)",,,2013,5206760.0
FIN,Finland,"School age population, secondary education, female (number)",,,2013,182083.0
DEU,Germany,"School age population, lower secondary education, both sexes (number)",,,2013,4627433.0
GIN,Guinea,"School age population, last grade of primary education, female (number)",,,2013,138250.0
GNB,Guinea-Bissau,"School age population, last grade of primary education, female (number)",,,2013,21003.0
LBY,Libya,"School age population, secondary education, female (number)",,,2013,323309.0
LTU,Lithuania,"School age population, primary education, both sexes (number)",,,2013,107148.0
MDA,Moldova,"School age population, upper secondary education, both sexes (number)",,,2013,96186.0
NZL,New Zealand,"School age population, primary education, both sexes (number)",,,2013,357300.0
NZL,New Zealand,"School age population, upper secondary education, both sexes (number)",,,2013,186420.0
OMN,Oman,"School age population, tertiary education, male (number)",,,2013,163264.0
PRT,Portugal,"School age population, lower secondary education, both sexes (number)",,,2013,341195.0
SOM,Somalia,"School age population, last grade of primary education, female (number)",,,2013,168169.0
ZAF,South Africa,"School age population, upper secondary education, both sexes (number)",,,2013,3177439.0
MOZ,Mozambique,"Repeaters in Grade 5 of lower secondary general education, female (number)",SHARE,NUMBER,2014,0.0
NZL,New Zealand,"Repeaters in Grade 5 of lower secondary general education, female (number)",SHARE,NUMBER,2014,0.0
WSM,Samoa,"Repeaters in Grade 5 of lower secondary general education, female (number)",SHARE,NUMBER,2014,0.0
BOL,Bolivia,"Repeaters in grade unknown of lower secondary general education, both sexes (number)",SHARE,NUMBER,2014,0.0
CRI,Costa Rica,"Repeaters in grade unknown of lower secondary general education, both sexes (number)",SHARE,NUMBER,2014,0.0
MLI,Mali,"Repeaters in grade unknown of lower secondary general education, both sexes (number)",SHARE,NUMBER,2014,0.0
ARG,Argentina,"Population of compulsory school age, both sexes (number)",SHARE,NUMBER,2014,9095208.0
DZA,Algeria,"Population of compulsory school age, both sexes (number)",SHARE,NUMBER,2014,6240259.0
HTI,Haiti,"Population of compulsory school age, both sexes (number)",SHARE,NUMBER,2014,1409660.0
LIE,Liechtenstein,"Population of compulsory school age, both sexes (number)",SHARE,NUMBER,2014,3443.0
LVA,Latvia,"Population of compulsory school age, both sexes (number)",SHARE,NUMBER,2014,211896.0
MAR,Morocco,"Population of compulsory school age, both sexes (number)",SHARE,NUMBER,2014,5539113.0
BGR,Bulgaria,"School life expectancy, primary, female (years)",SHARE,NUMBER,2014,3.963249921798706
GRC,Greece,"School life expectancy, primary, female (years)",SHARE,NUMBER,2014,5.886380195617676
MDG,Madagascar,"School life expectancy, primary, female (years)",SHARE,NUMBER,2014,7.243030071258545
BTN,Bhutan,"School age population, secondary education, female (number)",,,2014,41706.0
BTN,Bhutan,"School age population, tertiary education, male (number)",,,2014,44763.0
BIH,Bosnia and Herzegovina,"School age population, secondary education, female (number)",,,2014,172578.0
BWA,Botswana,"School age population, upper secondary education, both sexes (number)",,,2014,86962.0
CMR,Cameroon,"School age population, last grade of primary education, female (number)",,,2014,276530.0
CAF,Central African Republic,"School age population, primary education, both sexes (number)",,,2014,866625.0
CHN,China,"School age population, lower secondary education, both sexes (number)",,,2014,48402728.0
DMA,Dominica,"School age population, tertiary education, male (number)",,,2014,3090.0
EGY,"Egypt, Arab Rep","School age population, secondary education, female (number)",,,2014,5278648.0
FIN,Finland,"School age population, secondary education, female (number)",,,2014,178122.0
DEU,Germany,"School age population, lower secondary education, both sexes (number)",,,2014,4541987.0
GIN,Guinea,"School age population, last grade of primary education, female (number)",,,2014,139921.0
GNB,Guinea-Bissau,"School age population, last grade of primary education, female (number)",,,2014,21798.0
LBY,Libya,"School age population, secondary education, female (number)",,,2014,331977.0
LTU,Lithuania,"School age population, primary education, both sexes (number)",,,2014,106438.0
MDA,Moldova,"School age population, upper secondary education, both sexes (number)",,,2014,75691.0
NZL,New Zealand,"School age population, primary education, both sexes (number)",,,2014,365130.0
NZL,New Zealand,"School age population, upper secondary education, both sexes (number)",,,2014,185310.0
OMN,Oman,"School age population, tertiary education, male (number)",,,2014,155551.0
PRT,Portugal,"School age population, lower secondary education, both sexes (number)",,,2014,337383.0
SOM,Somalia,"School age population, last grade of primary education, female (number)",,,2014,174392.0
ZAF,South Africa,"School age population, upper secondary education, both sexes (number)",,,2014,3063477.0
MOZ,Mozambique,"Repeaters in Grade 5 of lower secondary general education, female (number)",SHARE,NUMBER,2015,0.0
NZL,New Zealand,"Repeaters in Grade 5 of lower secondary general education, female (number)",SHARE,NUMBER,2015,0.0
WSM,Samoa,"Repeaters in Grade 5 of lower secondary general education, female (number)",SHARE,NUMBER,2015,0.0
BOL,Bolivia,"Repeaters in grade unknown of lower secondary general education, both sexes (number)",SHARE,NUMBER,2015,0.0
CRI,Costa Rica,"Repeaters in grade unknown of lower secondary general education, both sexes (number)",SHARE,NUMBER,2015,0.0
GUY,Guyana,"Repeaters in grade unknown of lower secondary general education, both sexes (number)",SHARE,NUMBER,2015,0.0
MLI,Mali,"Repeaters in grade unknown of lower secondary general education, both sexes (number)",SHARE,NUMBER,2015,0.0
ARG,Argentina,"Population of compulsory school age, both sexes (number)",SHARE,NUMBER,2015,9829367.0
DZA,Algeria,"Population of compulsory school age, both sexes (number)",SHARE,NUMBER,2015,6452235.0
HTI,Haiti,"Population of compulsory school age, both sexes (number)",SHARE,NUMBER,2015,1415776.0
LIE,Liechtenstein,"Population of compulsory school age, both sexes (number)",SHARE,NUMBER,2015,3414.0
LVA,Latvia,"Population of compulsory school age, both sexes (number)",SHARE,NUMBER,2015,214828.0
MAR,Morocco,"Population of compulsory school age, both sexes (number)",SHARE,NUMBER,2015,5571490.0
BGR,Bulgaria,"School life expectancy, primary, female (years)",SHARE,NUMBER,2015,3.928750038146973
GRC,Greece,"School life expectancy, primary, female (years)",SHARE,NUMBER,2015,5.969810009002686
MDG,Madagascar,"School life expectancy, primary, female (years)",SHARE,NUMBER,2015,7.335030078887939
BTN,Bhutan,"School age population, secondary education, female (number)",,,2015,41538.0
BTN,Bhutan,"School age population, tertiary education, male (number)",,,2015,44538.0
BIH,Bosnia and Herzegovina,"School age population, secondary education, female (number)",,,2015,164296.0
BWA,Botswana,"School age population, upper secondary education, both sexes (number)",,,2015,87244.0
CMR,Cameroon,"School age population, last grade of primary education, female (number)",,,2015,287324.0
CAF,Central African Republic,"School age population, primary education, both sexes (number)",,,2015,884717.0
CHN,China,"School age population, lower secondary education, both sexes (number)",,,2015,48184352.0
DMA,Dominica,"School age population, tertiary education, male (number)",,,2015,3227.0
EGY,"Egypt, Arab Rep","School age population, secondary education, female (number)",,,2015,5350755.0
FIN,Finland,"School age population, secondary education, female (number)",,,2015,175112.0
DEU,Germany,"School age population, lower secondary education, both sexes (number)",,,2015,4495495.0
GIN,Guinea,"School age population, last grade of primary education, female (number)",,,2015,141208.0
GNB,Guinea-Bissau,"School age population, last grade of primary education, female (number)",,,2015,22435.0
LBY,Libya,"School age population, secondary education, female (number)",,,2015,339377.0
LTU,Lithuania,"School age population, primary education, both sexes (number)",,,2015,105827.0
MDA,Moldova,"School age population, upper secondary education, both sexes (number)",,,2015,68659.0
NZL,New Zealand,"School age population, primary education, both sexes (number)",,,2015,373770.0
NZL,New Zealand,"School age population, upper secondary education, both sexes (number)",,,2015,187030.0
OMN,Oman,"School age population, tertiary education, male (number)",,,2015,153166.0
PRT,Portugal,"School age population, lower secondary education, both sexes (number)",,,2015,330817.0
SOM,Somalia,"School age population, last grade of primary education, female (number)",,,2015,179865.0
ZAF,South Africa,"School age population, upper secondary education, both sexes (number)",,,2015,2952338.0
MOZ,Mozambique,"Repeaters in Grade 5 of lower secondary general education, female (number)",SHARE,NUMBER,2016,0.0
NZL,New Zealand,"Repeaters in Grade 5 of lower secondary general education, female (number)",SHARE,NUMBER,2016,0.0
WSM,Samoa,"Repeaters in Grade 5 of lower secondary general education, female (number)",SHARE,NUMBER,2016,0.0
BOL,Bolivia,"Repeaters in grade unknown of lower secondary general education, both sexes (number)",SHARE,NUMBER,2016,0.0
CRI,Costa Rica,"Repeaters in grade unknown of lower secondary general education, both sexes (number)",SHARE,NUMBER,2016,0.0
GUY,Guyana,"Repeaters in grade unknown of lower secondary general education, both sexes (number)",SHARE,NUMBER,2016,0.0
MLI,Mali,"Repeaters in grade unknown of lower secondary general education, both sexes (number)",SHARE,NUMBER,2016,0.0
ARG,Argentina,"Population of compulsory school age, both sexes (number)",SHARE,NUMBER,2016,9860755.0
DZA,Algeria,"Population of compulsory school age, both sexes (number)",SHARE,NUMBER,2016,6702429.0
HTI,Haiti,"Population of compulsory school age, both sexes (number)",SHARE,NUMBER,2016,1422553.0
LIE,Liechtenstein,"Population of compulsory school age, both sexes (number)",SHARE,NUMBER,2016,3436.0
LVA,Latvia,"Population of compulsory school age, both sexes (number)",SHARE,NUMBER,2016,214938.0
MAR,Morocco,"Population of compulsory school age, both sexes (number)",SHARE,NUMBER,2016,5615988.0
BGR,Bulgaria,"School life expectancy, primary, female (years)",SHARE,NUMBER,2016,3.854010105133057
GRC,Greece,"School life expectancy, primary, female (years)",SHARE,NUMBER,2016,5.930170059204102
MDG,Madagascar,"School life expectancy, primary, female (years)",SHARE,NUMBER,2016,7.144629955291748
BTN,Bhutan,"School age population, secondary education, female (number)",,,2016,41752.0
BTN,Bhutan,"School age population, tertiary education, male (number)",,,2016,43822.0
BIH,Bosnia and Herzegovina,"School age population, secondary education, female (number)",,,2016,155674.0
BWA,Botswana,"School age population, upper secondary education, both sexes (number)",,,2016,88628.0
CMR,Cameroon,"School age population, last grade of primary education, female (number)",,,2016,297339.0
CAF,Central African Republic,"School age population, primary education, both sexes (number)",,,2016,905690.0
CHN,China,"School age population, lower secondary education, both sexes (number)",,,2016,47192012.0
DMA,Dominica,"School age population, tertiary education, male (number)",,,2016,3067.0
EGY,"Egypt, Arab Rep","School age population, secondary education, female (number)",,,2016,5428075.0
FIN,Finland,"School age population, secondary education, female (number)",,,2016,173103.0
DEU,Germany,"School age population, lower secondary education, both sexes (number)",,,2016,4497881.0
GIN,Guinea,"School age population, last grade of primary education, female (number)",,,2016,143953.0
GNB,Guinea-Bissau,"School age population, last grade of primary education, female (number)",,,2016,22998.0
LBY,Libya,"School age population, secondary education, female (number)",,,2016,346705.0
LTU,Lithuania,"School age population, primary education, both sexes (number)",,,2016,107096.0
MDA,Moldova,"School age population, upper secondary education, both sexes (number)",,,2016,63089.0
NZL,New Zealand,"School age population, primary education, both sexes (number)",,,2016,382490.0
NZL,New Zealand,"School age population, upper secondary education, both sexes (number)",,,2016,188660.0
OMN,Oman,"School age population, tertiary education, male (number)",,,2016,156999.0
PRT,Portugal,"School age population, lower secondary education, both sexes (number)",,,2016,321081.0
SOM,Somalia,"School age population, last grade of primary education, female (number)",,,2016,185398.0
ZAF,South Africa,"School age population, upper secondary education, both sexes (number)",,,2016,2893140.0
MOZ,Mozambique,"Repeaters in Grade 5 of lower secondary general education, female (number)",SHARE,NUMBER,2017,0.0
NZL,New Zealand,"Repeaters in Grade 5 of lower secondary general education, female (number)",SHARE,NUMBER,2017,0.0
WSM,Samoa,"Repeaters in Grade 5 of lower secondary general education, female (number)",SHARE,NUMBER,2017,0.0
BOL,Bolivia,"Repeaters in grade unknown of lower secondary general education, both sexes (number)",SHARE,NUMBER,2017,0.0
CRI,Costa Rica,"Repeaters in grade unknown of lower secondary general education, both sexes (number)",SHARE,NUMBER,2017,0.0
GUY,Guyana,"Repeaters in grade unknown of lower secondary general education, both sexes (number)",SHARE,NUMBER,2017,0.0
MLI,Mali,"Repeaters in grade unknown of lower secondary general education, both sexes (number)",SHARE,NUMBER,2017,0.0
ARG,Argentina,"Population of compulsory school age, both sexes (number)",SHARE,NUMBER,2017,9896812.0
DZA,Algeria,"Population of compulsory school age, both sexes (number)",SHARE,NUMBER,2017,6978751.0
HTI,Haiti,"Population of compulsory school age, both sexes (number)",SHARE,NUMBER,2017,1431616.0
LIE,Liechtenstein,"Population of compulsory school age, both sexes (number)",SHARE,NUMBER,2017,3401.0
LVA,Latvia,"Population of compulsory school age, both sexes (number)",SHARE,NUMBER,2017,214156.0
MAR,Morocco,"Population of compulsory school age, both sexes (number)",SHARE,NUMBER,2017,5672282.0
BGR,Bulgaria,"School life expectancy, primary, female (years)",SHARE,NUMBER,2017,3.796469926834106
GRC,Greece,"School life expectancy, primary, female (years)",SHARE,NUMBER,2017,5.907440185546875
BTN,Bhutan,"School age population, secondary education, female (number)",,,2017,42275.0
BTN,Bhutan,"School age population, tertiary education, male (number)",,,2017,42673.0
BIH,Bosnia and Herzegovina,"School age population, secondary education, female (number)",,,2017,147688.0
BWA,Botswana,"School age population, upper secondary education, both sexes (number)",,,2017,90422.0
CMR,Cameroon,"School age population, last grade of primary education, female (number)",,,2017,305800.0
CAF,Central African Republic,"School age population, primary education, both sexes (number)",,,2017,929298.0
CHN,China,"School age population, lower secondary education, both sexes (number)",,,2017,47345952.0
DMA,Dominica,"School age population, tertiary education, male (number)",,,2017,3029.0
EGY,"Egypt, Arab Rep","School age population, secondary education, female (number)",,,2017,5499743.0
FIN,Finland,"School age population, secondary education, female (number)",,,2017,172370.0
DEU,Germany,"School age population, lower secondary education, both sexes (number)",,,2017,4453056.0
GIN,Guinea,"School age population, last grade of primary education, female (number)",,,2017,147480.0
GNB,Guinea-Bissau,"School age population, last grade of primary education, female (number)",,,2017,23635.0
LBY,Libya,"School age population, secondary education, female (number)",,,2017,354458.0
LTU,Lithuania,"School age population, primary education, both sexes (number)",,,2017,109633.0
MDA,Moldova,"School age population, upper secondary education, both sexes (number)",,,2017,92003.0
NZL,New Zealand,"School age population, primary education, both sexes (number)",,,2017,390180.0
NZL,New Zealand,"School age population, upper secondary education, both sexes (number)",,,2017,189460.0
OMN,Oman,"School age population, tertiary education, male (number)",,,2017,155016.0
PRT,Portugal,"School age population, lower secondary education, both sexes (number)",,,2017,317992.0
SOM,Somalia,"School age population, last grade of primary education, female (number)",,,2017,192849.0
ZAF,South Africa,"School age population, upper secondary education, both sexes (number)",,,2017,2754383.0
MOZ,Mozambique,"Repeaters in Grade 5 of lower secondary general education, female (number)",SHARE,NUMBER,2018,0.0
NZL,New Zealand,"Repeaters in Grade 5 of lower secondary general education, female (number)",SHARE,NUMBER,2018,0.0
WSM,Samoa,"Repeaters in Grade 5 of lower secondary general education, female (number)",SHARE,NUMBER,2018,0.0
BOL,Bolivia,"Repeaters in grade unknown of lower secondary general education, both sexes (number)",SHARE,NUMBER,2018,0.0
CRI,Costa Rica,"Repeaters in grade unknown of lower secondary general education, both sexes (number)",SHARE,NUMBER,2018,0.0
GUY,Guyana,"Repeaters in grade unknown of lower secondary general education, both sexes (number)",SHARE,NUMBER,2018,0.0
MLI,Mali,"Repeaters in grade unknown of lower secondary general education, both sexes (number)",SHARE,NUMBER,2018,0.0
ARG,Argentina,"Population of compulsory school age, both sexes (number)",SHARE,NUMBER,2018,9930445.0
DZA,Algeria,"Population of compulsory school age, both sexes (number)",SHARE,NUMBER,2018,7279551.0
HTI,Haiti,"Population of compulsory school age, both sexes (number)",SHARE,NUMBER,2018,1442315.0
LIE,Liechtenstein,"Population of compulsory school age, both sexes (number)",SHARE,NUMBER,2018,3424.0
LVA,Latvia,"Population of compulsory school age, both sexes (number)",SHARE,NUMBER,2018,215508.0
MAR,Morocco,"Population of compulsory school age, both sexes (number)",SHARE,NUMBER,2018,5747015.0
BGR,Bulgaria,"School life expectancy, primary, female (years)",SHARE,NUMBER,2018,3.734879970550537
GRC,Greece,"School life expectancy, primary, female (years)",SHARE,NUMBER,2018,5.858290195465088
MDG,Madagascar,"School life expectancy, primary, female (years)",SHARE,NUMBER,2018,7.039619922637939
BTN,Bhutan,"School age population, secondary education, female (number)",,,2018,42542.0
BTN,Bhutan,"School age population, tertiary education, male (number)",,,2018,41093.0
BIH,Bosnia and Herzegovina,"School age population, secondary education, female (number)",,,2018,141636.0
BWA,Botswana,"School age population, upper secondary education, both sexes (number)",,,2018,92363.0
CMR,Cameroon,"School age population, last grade of primary education, female (number)",,,2018,314820.0
CAF,Central African Republic,"School age population, primary education, both sexes (number)",,,2018,952887.0
CHN,China,"School age population, lower secondary education, both sexes (number)",,,2018,47818788.0
DMA,Dominica,"School age population, tertiary education, male (number)",,,2018,3017.0
EGY,"Egypt, Arab Rep","School age population, secondary education, female (number)",,,2018,5583371.0
FIN,Finland,"School age population, secondary education, female (number)",,,2018,173069.0
DEU,Germany,"School age population, lower secondary education, both sexes (number)",,,2018,4443003.0
GIN,Guinea,"School age population, last grade of primary education, female (number)",,,2018,151477.0
GNB,Guinea-Bissau,"School age population, last grade of primary education, female (number)",,,2018,24276.0
LBY,Libya,"School age population, secondary education, female (number)",,,2018,362132.0
LTU,Lithuania,"School age population, primary education, both sexes (number)",,,2018,111855.0
MDA,Moldova,"School age population, upper secondary education, both sexes (number)",,,2018,86880.0
NZL,New Zealand,"School age population, primary education, both sexes (number)",,,2018,393980.0
NZL,New Zealand,"School age population, upper secondary education, both sexes (number)",,,2018,188360.0
OMN,Oman,"School age population, tertiary education, male (number)",,,2018,144730.0
PRT,Portugal,"School age population, lower secondary education, both sexes (number)",,,2018,316063.0
SOM,Somalia,"School age population, last grade of primary education, female (number)",,,2018,199660.0
ZAF,South Africa,"School age population, upper secondary education, both sexes (number)",,,2018,2705916.0
MOZ,Mozambique,"Repeaters in Grade 5 of lower secondary general education, female (number)",SHARE,NUMBER,2019,0.0
NZL,New Zealand,"Repeaters in Grade 5 of lower secondary general education, female (number)",SHARE,NUMBER,2019,0.0
WSM,Samoa,"Repeaters in Grade 5 of lower secondary general education, female (number)",SHARE,NUMBER,2019,0.0
BOL,Bolivia,"Repeaters in grade unknown of lower secondary general education, both sexes (number)",SHARE,NUMBER,2019,0.0
CRI,Costa Rica,"Repeaters in grade unknown of lower secondary general education, both sexes (number)",SHARE,NUMBER,2019,0.0
GUY,Guyana,"Repeaters in grade unknown of lower secondary general education, both sexes (number)",SHARE,NUMBER,2019,0.0
ARG,Argentina,"Population of compulsory school age, both sexes (number)",SHARE,NUMBER,2019,9969226.0
DZA,Algeria,"Population of compulsory school age, both sexes (number)",SHARE,NUMBER,2019,7610408.0
HTI,Haiti,"Population of compulsory school age, both sexes (number)",SHARE,NUMBER,2019,1450704.0
LIE,Liechtenstein,"Population of compulsory school age, both sexes (number)",SHARE,NUMBER,2019,3451.0
LVA,Latvia,"Population of compulsory school age, both sexes (number)",SHARE,NUMBER,2019,217460.0
MAR,Morocco,"Population of compulsory school age, both sexes (number)",SHARE,NUMBER,2019,5823193.0
BGR,Bulgaria,"School life expectancy, primary, female (years)",SHARE,NUMBER,2019,3.636660099029541
GRC,Greece,"School life expectancy, primary, female (years)",SHARE,NUMBER,2019,5.861629962921143
MDG,Madagascar,"School life expectancy, primary, female (years)",SHARE,NUMBER,2019,6.671549797058105
BTN,Bhutan,"School age population, secondary education, female (number)",,,2019,42520.0
BTN,Bhutan,"School age population, tertiary education, male (number)",,,2019,39679.0
BIH,Bosnia and Herzegovina,"School age population, secondary education, female (number)",,,2019,137760.0
BWA,Botswana,"School age population, upper secondary education, both sexes (number)",,,2019,93575.0
CMR,Cameroon,"School age population, last grade of primary education, female (number)",,,2019,323911.0
CAF,Central African Republic,"School age population, primary education, both sexes (number)",,,2019,974615.0
CHN,China,"School age population, lower secondary education, both sexes (number)",,,2019,48646712.0
DMA,Dominica,"School age population, tertiary education, male (number)",,,2019,3005.0
EGY,"Egypt, Arab Rep","School age population, secondary education, female (number)",,,2019,5672633.0
FIN,Finland,"School age population, secondary education, female (number)",,,2019,173671.0
DEU,Germany,"School age population, lower secondary education, both sexes (number)",,,2019,4454531.0
GIN,Guinea,"School age population, last grade of primary education, female (number)",,,2019,155018.0
GNB,Guinea-Bissau,"School age population, last grade of primary education, female (number)",,,2019,25058.0
LBY,Libya,"School age population, secondary education, female (number)",,,2019,369474.0
LTU,Lithuania,"School age population, primary education, both sexes (number)",,,2019,114257.0
MDA,Moldova,"School age population, upper secondary education, both sexes (number)",,,2019,84618.0
NZL,New Zealand,"School age population, primary education, both sexes (number)",,,2019,394890.0
NZL,New Zealand,"School age population, upper secondary education, both sexes (number)",,,2019,187280.0
OMN,Oman,"School age population, tertiary education, male (number)",,,2019,142726.0
PRT,Portugal,"School age population, lower secondary education, both sexes (number)",,,2019,311107.0
SOM,Somalia,"School age population, last grade of primary education, female (number)",,,2019,206804.0
ZAF,South Africa,"School age population, upper secondary education, both sexes (number)",,,2019,2661916.0
MOZ,Mozambique,"Repeaters in Grade 5 of lower secondary general education, female (number)",SHARE,NUMBER,2020,0.0
NZL,New Zealand,"Repeaters in Grade 5 of lower secondary general education, female (number)",SHARE,NUMBER,2020,0.0
WSM,Samoa,"Repeaters in Grade 5 of lower secondary general education, female (number)",SHARE,NUMBER,2020,0.0
BOL,Bolivia,"Repeaters in grade unknown of lower secondary general education, both sexes (number)",SHARE,NUMBER,2020,0.0
CRI,Costa Rica,"Repeaters in grade unknown of lower secondary general education, both sexes (number)",SHARE,NUMBER,2020,0.0
ARG,Argentina,"Population of compulsory school age, both sexes (number)",SHARE,NUMBER,2020,10014925.0
DZA,Algeria,"Population of compulsory school age, both sexes (number)",SHARE,NUMBER,2020,7928613.0
HTI,Haiti,"Population of compulsory school age, both sexes (number)",SHARE,NUMBER,2020,1458056.0
LIE,Liechtenstein,"Population of compulsory school age, both sexes (number)",SHARE,NUMBER,2020,3455.0
LVA,Latvia,"Population of compulsory school age, both sexes (number)",SHARE,NUMBER,2020,220171.0
MAR,Morocco,"Population of compulsory school age, both sexes (number)",SHARE,NUMBER,2020,5899773.0
BGR,Bulgaria,"School life expectancy, primary, female (years)",SHARE,NUMBER,2020,3.555490016937256
GRC,Greece,"School life expectancy, primary, female (years)",SHARE,NUMBER,2020,5.881669998168945
BTN,Bhutan,"School age population, secondary education, female (number)",,,2020,42139.0
BTN,Bhutan,"School age population, tertiary education, male (number)",,,2020,38544.0
BIH,Bosnia and Herzegovina,"School age population, secondary education, female (number)",,,2020,135207.0
BWA,Botswana,"School age population, upper secondary education, both sexes (number)",,,2020,94421.0
CMR,Cameroon,"School age population, last grade of primary education, female (number)",,,2020,332879.0
CAF,Central African Republic,"School age population, primary education, both sexes (number)",,,2020,993685.0
CHN,China,"School age population, lower secondary education, both sexes (number)",,,2020,49547940.0
DMA,Dominica,"School age population, tertiary education, male (number)",,,2020,2984.0
EGY,"Egypt, Arab Rep","School age population, secondary education, female (number)",,,2020,5775844.0
FIN,Finland,"School age population, secondary education, female (number)",,,2020,175516.0
DEU,Germany,"School age population, lower secondary education, both sexes (number)",,,2020,4459736.0
GIN,Guinea,"School age population, last grade of primary education, female (number)",,,2020,159288.0
GNB,Guinea-Bissau,"School age population, last grade of primary education, female (number)",,,2020,25345.0
LBY,Libya,"School age population, secondary education, female (number)",,,2020,376064.0
LTU,Lithuania,"School age population, primary education, both sexes (number)",,,2020,115425.0
MDA,Moldova,"School age population, upper secondary education, both sexes (number)",,,2020,81217.0
NZL,New Zealand,"School age population, primary education, both sexes (number)",,,2020,396880.0
NZL,New Zealand,"School age population, upper secondary education, both sexes (number)",,,2020,188280.0
OMN,Oman,"School age population, tertiary education, male (number)",,,2020,131329.0
PRT,Portugal,"School age population, lower secondary education, both sexes (number)",,,2020,307032.0
SOM,Somalia,"School age population, last grade of primary education, female (number)",,,2020,214373.0
ZAF,South Africa,"School age population, upper secondary education, both sexes (number)",,,2020,2679495.0
MOZ,Mozambique,"Repeaters in Grade 5 of lower secondary general education, female (number)",SHARE,NUMBER,2021,0.0
NZL,New Zealand,"Repeaters in Grade 5 of lower secondary general education, female (number)",SHARE,NUMBER,2021,0.0
WSM,Samoa,"Repeaters in Grade 5 of lower secondary general education, female (number)",SHARE,NUMBER,2021,0.0
BOL,Bolivia,"Repeaters in grade unknown of lower secondary general education, both sexes (number)",SHARE,NUMBER,2021,0.0
CRI,Costa Rica,"Repeaters in grade unknown of lower secondary general education, both sexes (number)",SHARE,NUMBER,2021,0.0
ARG,Argentina,"Population of compulsory school age, both sexes (number)",SHARE,NUMBER,2021,10045193.0
DZA,Algeria,"Population of compulsory school age, both sexes (number)",SHARE,NUMBER,2021,8245454.0
HTI,Haiti,"Population of compulsory school age, both sexes (number)",SHARE,NUMBER,2021,1465679.0
LIE,Liechtenstein,"Population of compulsory school age, both sexes (number)",SHARE,NUMBER,2021,3465.0
LVA,Latvia,"Population of compulsory school age, both sexes (number)",SHARE,NUMBER,2021,223787.0
MAR,Morocco,"Population of compulsory school age, both sexes (number)",SHARE,NUMBER,2021,5967161.0
BGR,Bulgaria,"School life expectancy, primary, female (years)",SHARE,NUMBER,2021,3.484859943389893
GRC,Greece,"School life expectancy, primary, female (years)",SHARE,NUMBER,2021,5.90457010269165
BTN,Bhutan,"School age population, secondary education, female (number)",,,2021,41436.0
BTN,Bhutan,"School age population, tertiary education, male (number)",,,2021,37760.0
BIH,Bosnia and Herzegovina,"School age population, secondary education, female (number)",,,2021,133488.0
BWA,Botswana,"School age population, upper secondary education, both sexes (number)",,,2021,95964.0
CMR,Cameroon,"School age population, last grade of primary education, female (number)",,,2021,342214.0
CAF,Central African Republic,"School age population, primary education, both sexes (number)",,,2021,1009601.0
CHN,China,"School age population, lower secondary education, both sexes (number)",,,2021,50759392.0
DMA,Dominica,"School age population, tertiary education, male (number)",,,2021,2949.0
EGY,"Egypt, Arab Rep","School age population, secondary education, female (number)",,,2021,5890275.0
FIN,Finland,"School age population, secondary education, female (number)",,,2021,177357.0
DEU,Germany,"School age population, lower secondary education, both sexes (number)",,,2021,4469312.0
GIN,Guinea,"School age population, last grade of primary education, female (number)",,,2021,163699.0
GNB,Guinea-Bissau,"School age population, last grade of primary education, female (number)",,,2021,25622.0
LBY,Libya,"School age population, secondary education, female (number)",,,2021,381502.0
LTU,Lithuania,"School age population, primary education, both sexes (number)",,,2021,115032.0
MDA,Moldova,"School age population, upper secondary education, both sexes (number)",,,2021,82138.0
NZL,New Zealand,"School age population, primary education, both sexes (number)",,,2021,393030.0
NZL,New Zealand,"School age population, upper secondary education, both sexes (number)",,,2021,188540.0
OMN,Oman,"School age population, tertiary education, male (number)",,,2021,138397.0
PRT,Portugal,"School age population, lower secondary education, both sexes (number)",,,2021,303430.0
SOM,Somalia,"School age population, last grade of primary education, female (number)",,,2021,220517.0
ZAF,South Africa,"School age population, upper secondary education, both sexes (number)",,,2021,2748887.0
MOZ,Mozambique,"Repeaters in Grade 5 of lower secondary general education, female (number)",SHARE,NUMBER,2022,0.0
NZL,New Zealand,"Repeaters in Grade 5 of lower secondary general education, female (number)",SHARE,NUMBER,2022,0.0
WSM,Samoa,"Repeaters in Grade 5 of lower secondary general education, female (number)",SHARE,NUMBER,2022,0.0
BOL,Bolivia,"Repeaters in grade unknown of lower secondary general education, both sexes (number)",SHARE,NUMBER,2022,0.0
CRI,Costa Rica,"Repeaters in grade unknown of lower secondary general education, both sexes (number)",SHARE,NUMBER,2022,0.0
ARG,Argentina,"Population of compulsory school age, both sexes (number)",SHARE,NUMBER,2022,10058456.0
DZA,Algeria,"Population of compulsory school age, both sexes (number)",SHARE,NUMBER,2022,8551361.0
HTI,Haiti,"Population of compulsory school age, both sexes (number)",SHARE,NUMBER,2022,1472842.0
LIE,Liechtenstein,"Population of compulsory school age, both sexes (number)",SHARE,NUMBER,2022,3497.0
LVA,Latvia,"Population of compulsory school age, both sexes (number)",SHARE,NUMBER,2022,226062.0
MAR,Morocco,"Population of compulsory school age, both sexes (number)",SHARE,NUMBER,2022,6024063.0
BTN,Bhutan,"School age population, secondary education, female (number)",,,2022,39592.0
BTN,Bhutan,"School age population, tertiary education, male (number)",,,2022,37110.0
BIH,Bosnia and Herzegovina,"School age population, secondary education, female (number)",,,2022,132045.0
BWA,Botswana,"School age population, upper secondary education, both sexes (number)",,,2022,98548.0
CMR,Cameroon,"School age population, last grade of primary education, female (number)",,,2022,350664.0
CAF,Central African Republic,"School age population, primary education, both sexes (number)",,,2022,1017768.0
CHN,China,"School age population, lower secondary education, both sexes (number)",,,2022,51989148.0
DMA,Dominica,"School age population, tertiary education, male (number)",,,2022,2911.0
EGY,"Egypt, Arab Rep","School age population, secondary education, female (number)",,,2022,6011857.0
FIN,Finland,"School age population, secondary education, female (number)",,,2022,180079.0
DEU,Germany,"School age population, lower secondary education, both sexes (number)",,,2022,4483479.0
GIN,Guinea,"School age population, last grade of primary education, female (number)",,,2022,168268.0
GNB,Guinea-Bissau,"School age population, last grade of primary education, female (number)",,,2022,26015.0
LBY,Libya,"School age population, secondary education, female (number)",,,2022,385358.0
LTU,Lithuania,"School age population, primary education, both sexes (number)",,,2022,114071.0
MDA,Moldova,"School age population, upper secondary education, both sexes (number)",,,2022,82728.0
NZL,New Zealand,"School age population, primary education, both sexes (number)",,,2022,389050.0
NZL,New Zealand,"School age population, upper secondary education, both sexes (number)",,,2022,191950.0
OMN,Oman,"School age population, tertiary education, male (number)",,,2022,168954.0
PRT,Portugal,"School age population, lower secondary education, both sexes (number)",,,2022,295318.0
SOM,Somalia,"School age population, last grade of primary education, female (number)",,,2022,228019.0
ZAF,South Africa,"School age population, upper secondary education, both sexes (number)",,,2022,2866051.0
MOZ,Mozambique,"Repeaters in Grade 5 of lower secondary general education, female (number)",SHARE,NUMBER,2023,0.0
NZL,New Zealand,"Repeaters in Grade 5 of lower secondary general education, female (number)",SHARE,NUMBER,2023,0.0
WSM,Samoa,"Repeaters in Grade 5 of lower secondary general education, female (number)",SHARE,NUMBER,2023,0.0
ARG,Argentina,"Population of compulsory school age, both sexes (number)",SHARE,NUMBER,2023,10029560.0
DZA,Algeria,"Population of compulsory school age, both sexes (number)",SHARE,NUMBER,2023,8835618.0
HTI,Haiti,"Population of compulsory school age, both sexes (number)",SHARE,NUMBER,2023,1478020.0
LIE,Liechtenstein,"Population of compulsory school age, both sexes (number)",SHARE,NUMBER,2023,3437.0
LVA,Latvia,"Population of compulsory school age, both sexes (number)",SHARE,NUMBER,2023,219432.0
MAR,Morocco,"Population of compulsory school age, both sexes (number)",SHARE,NUMBER,2023,6055463.0
BTN,Bhutan,"School age population, secondary education, female (number)",,,2023,38735.0
BTN,Bhutan,"School age population, tertiary education, male (number)",,,2023,36949.0
BIH,Bosnia and Herzegovina,"School age population, secondary education, female (number)",,,2023,132105.0
BWA,Botswana,"School age population, upper secondary education, both sexes (number)",,,2023,101803.0
CMR,Cameroon,"School age population, last grade of primary education, female (number)",,,2023,357410.0
CAF,Central African Republic,"School age population, primary education, both sexes (number)",,,2023,1027599.0
CHN,China,"School age population, lower secondary education, both sexes (number)",,,2023,52720024.0
DMA,Dominica,"School age population, tertiary education, male (number)",,,2023,2841.0
EGY,"Egypt, Arab Rep","School age population, secondary education, female (number)",,,2023,6186082.0
FIN,Finland,"School age population, secondary education, female (number)",,,2023,182296.0
DEU,Germany,"School age population, lower secondary education, both sexes (number)",,,2023,4513388.0
GIN,Guinea,"School age population, last grade of primary education, female (number)",,,2023,171447.0
GNB,Guinea-Bissau,"School age population, last grade of primary education, female (number)",,,2023,26804.0
LBY,Libya,"School age population, secondary education, female (number)",,,2023,389584.0
LTU,Lithuania,"School age population, primary education, both sexes (number)",,,2023,116051.0
MDA,Moldova,"School age population, upper secondary education, both sexes (number)",,,2023,133808.0
NZL,New Zealand,"School age population, primary education, both sexes (number)",,,2023,384315.0
NZL,New Zealand,"School age population, upper secondary education, both sexes (number)",,,2023,195491.0
OMN,Oman,"School age population, tertiary education, male (number)",,,2023,135679.0
PRT,Portugal,"School age population, lower secondary education, both sexes (number)",,,2023,300429.0
SOM,Somalia,"School age population, last grade of primary education, female (number)",,,2023,255667.0
ZAF,South Africa,"School age population, upper secondary education, both sexes (number)",,,2023,2994873.0
