INDICATOR,skew_before,skew_after,abs_skew_before,abs_skew_after
HD.HCI.HLOS,0.2701973817626067,0.2701973817626759,0.2701973817626067,0.2701973817626759
HD.HCI.HLOS.FE,0.21178341214067378,0.2117834121407418,0.21178341214067378,0.2117834121407418
HD.HCI.HLOS.MA,0.23892707173215455,0.23892707173213726,0.23892707173215455,0.23892707173213726
HD.HCI.LAYS,-0.554971428148344,-0.5518682984383426,0.554971428148344,0.5518682984383426
HD.HCI.LAYS.FE,-0.6805657796937921,-0.602075584889078,0.6805657796937921,0.602075584889078
HD.HCI.LAYS.MA,-0.4145329656866352,-0.3911016404062242,0.4145329656866352,0.3911016404062242
SE.CLO.15Y.LDGAP.M.PS.2000.1,0.8149681266020015,0.9285987925075906,0.8149681266020015,0.9285987925075906
SE.CLO.15Y.LDGAP.M.PS.2000.2,1.2080226336591153,1.1605134276144682,1.2080226336591153,1.1605134276144682
SE.CLO.15Y.LDGAP.M.PS.2000.3,1.0235295397014579,0.9103870645879153,1.0235295397014579,0.9103870645879153
SE.CLO.15Y.LDGAP.M.PS.2000.4,0.4774787611303773,1.0763979123713139,0.4774787611303773,1.0763979123713139
SE.CLO.15Y.LDGAP.M.PS.2000.5,1.0615052203503637,1.138943477593301,1.0615052203503637,1.138943477593301
SE.CLO.15Y.LDGAP.M.PS.2000.A,0.9002339902488748,1.184140392140566,0.9002339902488748,1.184140392140566
SE.CLO.15Y.LDGAP.M.PS.2000.F,1.119564338459523,1.1942819352633012,1.119564338459523,1.1942819352633012
SE.CLO.15Y.LDGAP.M.PS.2000.M,0.7286361451642998,1.1397262334801708,0.7286361451642998,1.1397262334801708
SE.CLO.15Y.LDGAP.M.PS.2000.R,1.279665978379474,1.2421996366033492,1.279665978379474,1.2421996366033492
SE.CLO.15Y.LDGAP.M.PS.2000.U,1.0217492657328604,1.0217492657328584,1.0217492657328604,1.0217492657328584
SE.CLO.15Y.LDGAP.M.PS.2006.1,1.1957677432899472,0.9790697249345272,1.1957677432899472,0.9790697249345272
SE.CLO.15Y.LDGAP.M.PS.2006.2,0.6686953183380833,0.5488358054297401,0.6686953183380833,0.5488358054297401
SE.CLO.15Y.LDGAP.M.PS.2006.3,0.8342721624328889,0.7282087105018308,0.8342721624328889,0.7282087105018308
SE.CLO.15Y.LDGAP.M.PS.2006.4,0.1280182377941422,-0.10696734979941468,0.1280182377941422,0.10696734979941468
SE.CLO.15Y.LDGAP.M.PS.2006.5,0.43684770903658343,0.3337258548915764,0.43684770903658343,0.3337258548915764
SE.CLO.15Y.LDGAP.M.PS.2006.A,0.43496018220130167,0.27895822270329,0.43496018220130167,0.27895822270329
SE.CLO.15Y.LDGAP.M.PS.2006.F,0.3965793401695024,0.22905298569644883,0.3965793401695024,0.22905298569644883
SE.CLO.15Y.LDGAP.M.PS.2006.M,0.5375239782611204,0.39992429339636637,0.5375239782611204,0.39992429339636637
SE.CLO.15Y.LDGAP.M.PS.2006.R,0.9266808136272667,0.8883298345203879,0.9266808136272667,0.8883298345203879
SE.CLO.15Y.LDGAP.M.PS.2006.U,0.11116684962854943,-0.09363499395163268,0.11116684962854943,0.09363499395163268
SE.CLO.15Y.LDGAP.M.PS.2009.1,0.9515476158120267,0.6211904188533626,0.9515476158120267,0.6211904188533626
SE.CLO.15Y.LDGAP.M.PS.2009.2,0.825599303793851,0.7831378387155649,0.825599303793851,0.7831378387155649
SE.CLO.15Y.LDGAP.M.PS.2009.3,0.6830755757447539,0.8509857256656924,0.6830755757447539,0.8509857256656924
SE.CLO.15Y.LDGAP.M.PS.2009.4,0.5318696783021281,0.671485704459922,0.5318696783021281,0.671485704459922
SE.CLO.15Y.LDGAP.M.PS.2009.5,0.6928408979072429,0.5622691861076369,0.6928408979072429,0.5622691861076369
SE.CLO.15Y.LDGAP.M.PS.2009.A,0.6737651098921392,0.47919380665023753,0.6737651098921392,0.47919380665023753
SE.CLO.15Y.LDGAP.M.PS.2009.F,0.370761016748557,0.6921540153686538,0.370761016748557,0.6921540153686538
SE.CLO.15Y.LDGAP.M.PS.2009.M,0.6166308091699872,0.6357427750238203,0.6166308091699872,0.6357427750238203
SE.CLO.15Y.LDGAP.M.PS.2009.R,1.1500053033924433,1.5156941006867921,1.1500053033924433,1.5156941006867921
SE.CLO.15Y.LDGAP.M.PS.2009.U,0.3453294019243311,0.6092652066912283,0.3453294019243311,0.6092652066912283
SE.CLO.15Y.LDGAP.M.PS.2012.1,0.9463253491665756,0.5948888077887943,0.9463253491665756,0.5948888077887943
SE.CLO.15Y.LDGAP.M.PS.2012.2,0.5960083754684586,0.10570604853485183,0.5960083754684586,0.10570604853485183
SE.CLO.15Y.LDGAP.M.PS.2012.3,0.46939816490503794,0.29020858791771253,0.46939816490503794,0.29020858791771253
SE.CLO.15Y.LDGAP.M.PS.2012.4,0.2805177358679458,-0.022242245961382624,0.2805177358679458,0.022242245961382624
SE.CLO.15Y.LDGAP.M.PS.2012.5,0.4836352037157375,0.443651824343302,0.4836352037157375,0.443651824343302
SE.CLO.15Y.LDGAP.M.PS.2012.A,0.2843026985271255,0.016305142757185788,0.2843026985271255,0.016305142757185788
SE.CLO.15Y.LDGAP.M.PS.2012.F,0.4794215573245651,0.13726892029183463,0.4794215573245651,0.13726892029183463
SE.CLO.15Y.LDGAP.M.PS.2012.M,0.5953104977983843,0.4535970263054356,0.5953104977983843,0.4535970263054356
SE.CLO.15Y.LDGAP.M.PS.2012.R,1.1782544634478933,1.1064704134470875,1.1782544634478933,1.1064704134470875
SE.CLO.15Y.LDGAP.M.PS.2012.U,0.2294431260632566,-0.2434288041676164,0.2294431260632566,0.2434288041676164
SE.CLO.15Y.LDGAP.M.PS.2015.1,0.8483421951477815,0.6096391799203759,0.8483421951477815,0.6096391799203759
SE.CLO.15Y.LDGAP.M.PS.2015.2,0.314516617840741,0.42924611419561576,0.314516617840741,0.42924611419561576
SE.CLO.15Y.LDGAP.M.PS.2015.3,0.21997066584681163,-0.16284135769770042,0.21997066584681163,0.16284135769770042
SE.CLO.15Y.LDGAP.M.PS.2015.4,-0.013447065536174967,-0.2794941091878756,0.013447065536174967,0.2794941091878756
SE.CLO.15Y.LDGAP.M.PS.2015.5,0.6657025562336029,0.6107810187263123,0.6657025562336029,0.6107810187263123
SE.CLO.15Y.LDGAP.M.PS.2015.A,0.2855995827392204,-0.11285831204669622,0.2855995827392204,0.11285831204669622
SE.CLO.15Y.LDGAP.M.PS.2015.F,0.22971204523173316,-0.2672582009471145,0.22971204523173316,0.2672582009471145
SE.CLO.15Y.LDGAP.M.PS.2015.M,0.4369045131900102,0.1775729179588054,0.4369045131900102,0.1775729179588054
SE.CLO.15Y.LDGAP.M.PS.2015.R,1.508503630290692,1.453246490003856,1.508503630290692,1.453246490003856
SE.CLO.15Y.LDGAP.M.PS.2015.U,0.09628640472718106,-0.02119011987400073,0.09628640472718106,0.02119011987400073
SE.CLO.15Y.LDGAP.M.PS.2018.1,0.8473318897227023,1.0396698996563352,0.8473318897227023,1.0396698996563352
SE.CLO.15Y.LDGAP.M.PS.2018.2,1.0645791021056679,1.0287605585581612,1.0645791021056679,1.0287605585581612
SE.CLO.15Y.LDGAP.M.PS.2018.3,0.5406823916158064,0.9539837306162037,0.5406823916158064,0.9539837306162037
SE.CLO.15Y.LDGAP.M.PS.2018.4,0.46223874528194914,0.3022910400543821,0.46223874528194914,0.3022910400543821
SE.CLO.15Y.LDGAP.M.PS.2018.5,0.8192105961035123,0.7471730703128275,0.8192105961035123,0.7471730703128275
SE.CLO.15Y.LDGAP.M.PS.2018.A,0.4964175797627578,0.7844229362262012,0.4964175797627578,0.7844229362262012
SE.CLO.15Y.LDGAP.M.PS.2018.F,0.6743326082899255,0.8914080003107535,0.6743326082899255,0.8914080003107535
SE.CLO.15Y.LDGAP.M.PS.2018.M,0.30886773664108397,0.3975175858420513,0.30886773664108397,0.3975175858420513
SE.CLO.15Y.LDGAP.M.PS.2018.R,1.199752326605255,1.4247496140633937,1.199752326605255,1.4247496140633937
SE.CLO.15Y.LDGAP.M.PS.2018.U,0.7280735191583182,0.9680838846804858,0.7280735191583182,0.9680838846804858
SE.CLO.15Y.LDGAP.M.PSD.2017.1,1.0515970936467172,0.64839359604246,1.0515970936467172,0.64839359604246
SE.CLO.15Y.LDGAP.M.PSD.2017.2,0.9897483460906865,0.9897483460906888,0.9897483460906865,0.9897483460906888
SE.CLO.15Y.LDGAP.M.PSD.2017.3,1.3988603041888403,1.3988603041888426,1.3988603041888403,1.3988603041888426
SE.CLO.15Y.LDGAP.M.PSD.2017.4,0.7846481642654286,0.7846481642654337,0.7846481642654286,0.7846481642654337
SE.CLO.15Y.LDGAP.M.PSD.2017.5,0.03220202698495163,0.03220202698494599,0.03220202698495163,0.03220202698494599
SE.CLO.15Y.LDGAP.M.PSD.2017.A,1.3583311444885857,1.3583311444885833,1.3583311444885857,1.3583311444885833
SE.CLO.15Y.LDGAP.M.PSD.2017.F,1.1907946595001893,1.1907946595001817,1.1907946595001893,1.1907946595001817
SE.CLO.15Y.LDGAP.M.PSD.2017.M,1.4579449865779401,1.4579449865779397,1.4579449865779401,1.4579449865779397
SE.CLO.15Y.LDGAP.M.PSD.2017.R,1.07828297025781,1.07828297025781,1.07828297025781,1.07828297025781
SE.CLO.15Y.LDGAP.M.PSD.2017.U,0.9297181221976725,0.9297181221976757,0.9297181221976725,0.9297181221976757
SE.CLO.15Y.LDGAP.R.PS.2000.1,0.8404613803199678,1.1001220762145951,0.8404613803199678,1.1001220762145951
SE.CLO.15Y.LDGAP.R.PS.2000.2,0.29003039812951376,0.09811877357288375,0.29003039812951376,0.09811877357288375
SE.CLO.15Y.LDGAP.R.PS.2000.3,0.29711610544367306,0.239559501519916,0.29711610544367306,0.239559501519916
SE.CLO.15Y.LDGAP.R.PS.2000.4,0.3809132423860938,0.3054796292675124,0.3809132423860938,0.3054796292675124
SE.CLO.15Y.LDGAP.R.PS.2000.5,0.11192768314823907,0.1119276831482391,0.11192768314823907,0.1119276831482391
SE.CLO.15Y.LDGAP.R.PS.2000.A,0.3183120372743861,0.3183120372743861,0.3183120372743861,0.3183120372743861
SE.CLO.15Y.LDGAP.R.PS.2000.F,0.4342570222005646,0.28203083011760743,0.4342570222005646,0.28203083011760743
SE.CLO.15Y.LDGAP.R.PS.2000.M,0.3194820945431645,0.3194820945431645,0.3194820945431645,0.3194820945431645
SE.CLO.15Y.LDGAP.R.PS.2000.R,0.7647002218102378,0.4289434052643255,0.7647002218102378,0.4289434052643255
SE.CLO.15Y.LDGAP.R.PS.2000.U,0.37028356035327686,0.17792576833796828,0.37028356035327686,0.17792576833796828
SE.CLO.15Y.LDGAP.R.PS.2006.1,0.3887869073849754,0.8294761373606566,0.3887869073849754,0.8294761373606566
SE.CLO.15Y.LDGAP.R.PS.2006.2,0.5749987202273317,0.26370258946886277,0.5749987202273317,0.26370258946886277
SE.CLO.15Y.LDGAP.R.PS.2006.3,0.12551633174894986,0.16450617391927752,0.12551633174894986,0.16450617391927752
SE.CLO.15Y.LDGAP.R.PS.2006.4,0.6539548766775551,0.40855993603990953,0.6539548766775551,0.40855993603990953
SE.CLO.15Y.LDGAP.R.PS.2006.5,0.5885122275087474,0.13301606123535534,0.5885122275087474,0.13301606123535534
SE.CLO.15Y.LDGAP.R.PS.2006.A,0.20807498485224724,0.03609660933446727,0.20807498485224724,0.03609660933446727
SE.CLO.15Y.LDGAP.R.PS.2006.F,0.3724537935608488,-0.0641625549841011,0.3724537935608488,0.0641625549841011
SE.CLO.15Y.LDGAP.R.PS.2006.M,0.5241185201598385,0.43827467804818604,0.5241185201598385,0.43827467804818604
SE.CLO.15Y.LDGAP.R.PS.2006.R,1.2656153964763008,1.3692098808457103,1.2656153964763008,1.3692098808457103
SE.CLO.15Y.LDGAP.R.PS.2006.U,0.29003104206218705,-0.08158661873508702,0.29003104206218705,0.08158661873508702
SE.CLO.15Y.LDGAP.R.PS.2009.1,0.9641673687003488,0.9901574508362955,0.9641673687003488,0.9901574508362955
SE.CLO.15Y.LDGAP.R.PS.2009.2,0.621719420079764,0.4122878583909711,0.621719420079764,0.4122878583909711
SE.CLO.15Y.LDGAP.R.PS.2009.3,0.64516069478879,0.5715321437215513,0.64516069478879,0.5715321437215513
SE.CLO.15Y.LDGAP.R.PS.2009.4,0.5806218782927415,0.49050115529001476,0.5806218782927415,0.49050115529001476
SE.CLO.15Y.LDGAP.R.PS.2009.5,0.5749913421619861,0.6722088164744737,0.5749913421619861,0.6722088164744737
SE.CLO.15Y.LDGAP.R.PS.2009.A,0.39925654215755957,0.41356647003900404,0.39925654215755957,0.41356647003900404
SE.CLO.15Y.LDGAP.R.PS.2009.F,0.28819032173029185,0.023343392085169182,0.28819032173029185,0.023343392085169182
SE.CLO.15Y.LDGAP.R.PS.2009.M,0.9780215647965131,0.8377490025725953,0.9780215647965131,0.8377490025725953
SE.CLO.15Y.LDGAP.R.PS.2009.R,1.3181966498051718,1.281613597825187,1.3181966498051718,1.281613597825187
SE.CLO.15Y.LDGAP.R.PS.2009.U,0.48202776985507473,0.3573343455724688,0.48202776985507473,0.3573343455724688
SE.CLO.15Y.LDGAP.R.PS.2012.1,0.3131330257454546,-0.03663405003462031,0.3131330257454546,0.03663405003462031
SE.CLO.15Y.LDGAP.R.PS.2012.2,0.2935231501798165,0.09868602235216105,0.2935231501798165,0.09868602235216105
SE.CLO.15Y.LDGAP.R.PS.2012.3,0.3000551878019317,0.3000551878019317,0.3000551878019317,0.3000551878019317
SE.CLO.15Y.LDGAP.R.PS.2012.4,0.3245715181784069,0.3245715181784078,0.3245715181784069,0.3245715181784078
SE.CLO.15Y.LDGAP.R.PS.2012.5,0.028657304177564936,-0.18125949514882253,0.028657304177564936,0.18125949514882253
SE.CLO.15Y.LDGAP.R.PS.2012.A,0.08180018264749075,-0.18455884101692135,0.08180018264749075,0.18455884101692135
SE.CLO.15Y.LDGAP.R.PS.2012.F,0.07366373895382605,-0.4154695642302534,0.07366373895382605,0.4154695642302534
SE.CLO.15Y.LDGAP.R.PS.2012.M,0.3172855214168439,0.40297999317497646,0.3172855214168439,0.40297999317497646
SE.CLO.15Y.LDGAP.R.PS.2012.R,0.7518760601376997,0.7100318617502298,0.7518760601376997,0.7100318617502298
SE.CLO.15Y.LDGAP.R.PS.2012.U,0.17882100336316947,0.034010867347324884,0.17882100336316947,0.034010867347324884
SE.CLO.15Y.LDGAP.R.PS.2015.1,0.41737916380325985,0.5230839747447449,0.41737916380325985,0.5230839747447449
SE.CLO.15Y.LDGAP.R.PS.2015.2,0.1938406029150533,0.19384060291505706,0.1938406029150533,0.19384060291505706
SE.CLO.15Y.LDGAP.R.PS.2015.3,0.22331121383959343,0.22331121383959163,0.22331121383959343,0.22331121383959163
SE.CLO.15Y.LDGAP.R.PS.2015.4,0.10472202242833992,0.10472202242833992,0.10472202242833992,0.10472202242833992
SE.CLO.15Y.LDGAP.R.PS.2015.5,0.39893293314040534,0.31102578298355776,0.39893293314040534,0.31102578298355776
SE.CLO.15Y.LDGAP.R.PS.2015.A,0.10396889006712287,0.10396889006712494,0.10396889006712287,0.10396889006712494
SE.CLO.15Y.LDGAP.R.PS.2015.F,0.1724223615046674,0.031795276942652446,0.1724223615046674,0.031795276942652446
SE.CLO.15Y.LDGAP.R.PS.2015.M,0.46575801088123,0.4657580108812328,0.46575801088123,0.4657580108812328
SE.CLO.15Y.LDGAP.R.PS.2015.R,1.2442793672732422,1.3103395351558835,1.2442793672732422,1.3103395351558835
SE.CLO.15Y.LDGAP.R.PS.2015.U,0.0728852910414355,0.0728852910414355,0.0728852910414355,0.0728852910414355
SE.CLO.15Y.LDGAP.R.PS.2018.1,0.7148341539263284,0.5158811478392309,0.7148341539263284,0.5158811478392309
SE.CLO.15Y.LDGAP.R.PS.2018.2,0.5709311348687969,0.7707119412250009,0.5709311348687969,0.7707119412250009
SE.CLO.15Y.LDGAP.R.PS.2018.3,0.4016378977166347,0.3888979628864029,0.4016378977166347,0.3888979628864029
SE.CLO.15Y.LDGAP.R.PS.2018.4,0.29434515439216413,0.7116093663368207,0.29434515439216413,0.7116093663368207
SE.CLO.15Y.LDGAP.R.PS.2018.5,0.353774111070099,0.3737495553781625,0.353774111070099,0.3737495553781625
SE.CLO.15Y.LDGAP.R.PS.2018.A,0.20074167688492847,0.20074167688492528,0.20074167688492847,0.20074167688492528
SE.CLO.15Y.LDGAP.R.PS.2018.F,0.2925283421838062,0.24401616342501406,0.2925283421838062,0.24401616342501406
SE.CLO.15Y.LDGAP.R.PS.2018.M,0.6434956499727776,0.6608973126301241,0.6434956499727776,0.6608973126301241
SE.CLO.15Y.LDGAP.R.PS.2018.R,1.1190585383637957,0.9129993082576611,1.1190585383637957,0.9129993082576611
SE.CLO.15Y.LDGAP.R.PS.2018.U,0.16536062184118647,0.1653606218411875,0.16536062184118647,0.1653606218411875
SE.CLO.15Y.LDGAP.R.PSD.2017.1,1.3040212941764895,1.3040212941764913,1.3040212941764895,1.3040212941764913
SE.CLO.15Y.LDGAP.R.PSD.2017.2,1.5541127142035887,1.5541127142035889,1.5541127142035887,1.5541127142035889
SE.CLO.15Y.LDGAP.R.PSD.2017.3,0.5376860814039283,0.5376860814039283,0.5376860814039283,0.5376860814039283
SE.CLO.15Y.LDGAP.R.PSD.2017.4,-0.24906255702021246,-0.24906255702020957,0.24906255702021246,0.24906255702020957
SE.CLO.15Y.LDGAP.R.PSD.2017.5,0.8764760084393164,0.08716411056186435,0.8764760084393164,0.08716411056186435
SE.CLO.15Y.LDGAP.R.PSD.2017.A,-0.2854560356952337,-0.2854560356952303,0.2854560356952337,0.2854560356952303
SE.CLO.15Y.LDGAP.R.PSD.2017.F,0.2958746639785708,0.2958746639785708,0.2958746639785708,0.2958746639785708
SE.CLO.15Y.LDGAP.R.PSD.2017.M,-0.17176264362260046,2.2794379355128003,0.17176264362260046,2.2794379355128003
SE.CLO.15Y.LDGAP.R.PSD.2017.R,0.8920791342526985,0.8920791342526985,0.8920791342526985,0.8920791342526985
SE.CLO.15Y.LDGAP.R.PSD.2017.U,-1.130911497029476,-1.1309114970294722,1.130911497029476,1.1309114970294722
SE.CLO.15Y.LDGAP.S.PS.2000.1,0.8928930142268222,0.6514400156071615,0.8928930142268222,0.6514400156071615
SE.CLO.15Y.LDGAP.S.PS.2000.2,0.9761804075331574,0.6987400348234768,0.9761804075331574,0.6987400348234768
SE.CLO.15Y.LDGAP.S.PS.2000.3,0.5870732550908337,0.3856763157446231,0.5870732550908337,0.3856763157446231
SE.CLO.15Y.LDGAP.S.PS.2000.4,0.3165492217377111,0.22978496073727073,0.3165492217377111,0.22978496073727073
SE.CLO.15Y.LDGAP.S.PS.2000.5,0.8944182623238546,0.792355348114137,0.8944182623238546,0.792355348114137
SE.CLO.15Y.LDGAP.S.PS.2000.A,0.5918774218846017,0.35422685487288114,0.5918774218846017,0.35422685487288114
SE.CLO.15Y.LDGAP.S.PS.2000.F,0.5498091588124108,0.4953534637076965,0.5498091588124108,0.4953534637076965
SE.CLO.15Y.LDGAP.S.PS.2000.M,0.4940941696389758,0.22785544092776316,0.4940941696389758,0.22785544092776316
SE.CLO.15Y.LDGAP.S.PS.2000.R,0.8848339844908965,0.8277982003490566,0.8848339844908965,0.8277982003490566
SE.CLO.15Y.LDGAP.S.PS.2000.U,0.6873042779467379,0.6224514687705419,0.6873042779467379,0.6224514687705419
SE.CLO.15Y.LDGAP.S.PS.2006.1,0.6544650969349499,0.285242420763212,0.6544650969349499,0.285242420763212
SE.CLO.15Y.LDGAP.S.PS.2006.2,0.48515783365511905,0.22034412255769398,0.48515783365511905,0.22034412255769398
SE.CLO.15Y.LDGAP.S.PS.2006.3,0.25066980578531517,0.04843850788600672,0.25066980578531517,0.04843850788600672
SE.CLO.15Y.LDGAP.S.PS.2006.4,0.344765422430457,0.11143096637720026,0.344765422430457,0.11143096637720026
SE.CLO.15Y.LDGAP.S.PS.2006.5,0.047553660252185014,0.07977765412990942,0.047553660252185014,0.07977765412990942
SE.CLO.15Y.LDGAP.S.PS.2006.A,0.14902704895027954,-0.13007950657004272,0.14902704895027954,0.13007950657004272
SE.CLO.15Y.LDGAP.S.PS.2006.F,0.3074593230463809,0.017198423626679105,0.3074593230463809,0.017198423626679105
SE.CLO.15Y.LDGAP.S.PS.2006.M,-0.005976334806140304,-0.248991445643701,0.005976334806140304,0.248991445643701
SE.CLO.15Y.LDGAP.S.PS.2006.R,0.9762809457771855,0.5839921777219469,0.9762809457771855,0.5839921777219469
SE.CLO.15Y.LDGAP.S.PS.2006.U,0.237814079781958,-0.032996920793725376,0.237814079781958,0.032996920793725376
SE.CLO.15Y.LDGAP.S.PS.2009.1,0.5253302609641016,-0.06089248639352932,0.5253302609641016,0.06089248639352932
SE.CLO.15Y.LDGAP.S.PS.2009.2,0.6096105503493383,0.6894056528760021,0.6096105503493383,0.6894056528760021
SE.CLO.15Y.LDGAP.S.PS.2009.3,0.56459619557573,0.560249939830875,0.56459619557573,0.560249939830875
SE.CLO.15Y.LDGAP.S.PS.2009.4,0.6338525561124121,0.5838325201850295,0.6338525561124121,0.5838325201850295
SE.CLO.15Y.LDGAP.S.PS.2009.5,0.6384212782777543,0.5792869193460739,0.6384212782777543,0.5792869193460739
SE.CLO.15Y.LDGAP.S.PS.2009.A,0.11073717553095713,0.08334180820271911,0.11073717553095713,0.08334180820271911
SE.CLO.15Y.LDGAP.S.PS.2009.F,0.3556599187272828,-0.1863303665687306,0.3556599187272828,0.1863303665687306
SE.CLO.15Y.LDGAP.S.PS.2009.M,0.46554826647508807,0.4357147288312271,0.46554826647508807,0.4357147288312271
SE.CLO.15Y.LDGAP.S.PS.2009.R,1.5304740806621462,1.5681807406505077,1.5304740806621462,1.5681807406505077
SE.CLO.15Y.LDGAP.S.PS.2009.U,0.43522694304727877,0.20101550262736168,0.43522694304727877,0.20101550262736168
SE.CLO.15Y.LDGAP.S.PS.2012.1,0.901422339262383,0.5699948666460634,0.901422339262383,0.5699948666460634
SE.CLO.15Y.LDGAP.S.PS.2012.2,0.41563952744567184,0.28785075543664823,0.41563952744567184,0.28785075543664823
SE.CLO.15Y.LDGAP.S.PS.2012.3,0.29323420834476427,0.06566896113506437,0.29323420834476427,0.06566896113506437
SE.CLO.15Y.LDGAP.S.PS.2012.4,0.4547951716859588,0.4547951716859603,0.4547951716859588,0.4547951716859603
SE.CLO.15Y.LDGAP.S.PS.2012.5,0.010467798980007888,0.14475573097925581,0.010467798980007888,0.14475573097925581
SE.CLO.15Y.LDGAP.S.PS.2012.A,0.45959985163983696,0.32360518849503817,0.45959985163983696,0.32360518849503817
SE.CLO.15Y.LDGAP.S.PS.2012.F,0.5305344384952246,0.2502117040961037,0.5305344384952246,0.2502117040961037
SE.CLO.15Y.LDGAP.S.PS.2012.M,0.49746336815373216,0.36201618846889827,0.49746336815373216,0.36201618846889827
SE.CLO.15Y.LDGAP.S.PS.2012.R,0.7310268706483146,0.611945483188457,0.7310268706483146,0.611945483188457
SE.CLO.15Y.LDGAP.S.PS.2012.U,0.349286966506199,0.14944045510506213,0.349286966506199,0.14944045510506213
SE.CLO.15Y.LDGAP.S.PS.2015.1,0.48616558536566784,0.5699066346431512,0.48616558536566784,0.5699066346431512
SE.CLO.15Y.LDGAP.S.PS.2015.2,0.17099999051172365,0.11320246043418386,0.17099999051172365,0.11320246043418386
SE.CLO.15Y.LDGAP.S.PS.2015.3,0.28195109238423016,0.09417715155181325,0.28195109238423016,0.09417715155181325
SE.CLO.15Y.LDGAP.S.PS.2015.4,0.14506556176485896,0.35288999275105015,0.14506556176485896,0.35288999275105015
SE.CLO.15Y.LDGAP.S.PS.2015.5,0.6087029441210398,0.7847564802779788,0.6087029441210398,0.7847564802779788
SE.CLO.15Y.LDGAP.S.PS.2015.A,0.5054508332893988,0.4069205096850533,0.5054508332893988,0.4069205096850533
SE.CLO.15Y.LDGAP.S.PS.2015.F,0.4911130263290661,0.0870119971423058,0.4911130263290661,0.0870119971423058
SE.CLO.15Y.LDGAP.S.PS.2015.M,0.3898462982676265,0.2751995076024676,0.3898462982676265,0.2751995076024676
SE.CLO.15Y.LDGAP.S.PS.2015.R,1.1502052362244848,1.3803254478628273,1.1502052362244848,1.3803254478628273
SE.CLO.15Y.LDGAP.S.PS.2015.U,0.24283701931061466,0.10465730642984014,0.24283701931061466,0.10465730642984014
SE.CLO.15Y.LDGAP.S.PS.2018.1,0.6687997470549791,0.8574709845959932,0.6687997470549791,0.8574709845959932
SE.CLO.15Y.LDGAP.S.PS.2018.2,0.8821003098835504,0.7413504284372906,0.8821003098835504,0.7413504284372906
SE.CLO.15Y.LDGAP.S.PS.2018.3,0.42695586836229393,0.4916332482679658,0.42695586836229393,0.4916332482679658
SE.CLO.15Y.LDGAP.S.PS.2018.4,0.6988100154572088,0.6020659794535492,0.6988100154572088,0.6020659794535492
SE.CLO.15Y.LDGAP.S.PS.2018.5,0.8909723042526558,0.8221792356857465,0.8909723042526558,0.8221792356857465
SE.CLO.15Y.LDGAP.S.PS.2018.A,0.43631171649774264,0.190717633607818,0.43631171649774264,0.190717633607818
SE.CLO.15Y.LDGAP.S.PS.2018.F,0.49257162678628313,0.11515232013668267,0.49257162678628313,0.11515232013668267
SE.CLO.15Y.LDGAP.S.PS.2018.M,0.3795912685293825,0.174282276914561,0.3795912685293825,0.174282276914561
SE.CLO.15Y.LDGAP.S.PS.2018.R,1.3036172991387256,1.3597282774567057,1.3036172991387256,1.3597282774567057
SE.CLO.15Y.LDGAP.S.PS.2018.U,0.39988538309417654,0.33816297002593243,0.39988538309417654,0.33816297002593243
SE.CLO.15Y.LDGAP.S.PSD.2017.1,0.7130395728519786,0.7130395728519787,0.7130395728519786,0.7130395728519787
SE.CLO.15Y.LDGAP.S.PSD.2017.2,0.9828082811942579,0.9828082811942579,0.9828082811942579,0.9828082811942579
SE.CLO.15Y.LDGAP.S.PSD.2017.3,0.3961899161537471,0.39618991615375565,0.3961899161537471,0.39618991615375565
SE.CLO.15Y.LDGAP.S.PSD.2017.4,-0.47143993300541853,-0.47143993300541837,0.47143993300541853,0.47143993300541837
SE.CLO.15Y.LDGAP.S.PSD.2017.5,0.17323982402587698,-0.33196798824141976,0.17323982402587698,0.33196798824141976
SE.CLO.15Y.LDGAP.S.PSD.2017.A,-0.8384754604069328,-0.8384754604069327,0.8384754604069328,0.8384754604069327
SE.CLO.15Y.LDGAP.S.PSD.2017.F,-0.24833899092266484,-0.2483389909226649,0.24833899092266484,0.2483389909226649
SE.CLO.15Y.LDGAP.S.PSD.2017.M,-1.4017696809828757,-1.4017696809828757,1.4017696809828757,1.4017696809828757
SE.CLO.15Y.LDGAP.S.PSD.2017.R,-0.11773045184640836,-0.11773045184641226,0.11773045184640836,0.11773045184641226
SE.CLO.15Y.LDGAP.S.PSD.2017.U,-1.1522123511916007,-1.152212351191596,1.1522123511916007,1.152212351191596
SE.CLO.15Y.LDSEV.M.PS.2000.1,1.2659989981311577,0.9855627085933495,1.2659989981311577,0.9855627085933495
SE.CLO.15Y.LDSEV.M.PS.2000.2,1.1836640911372158,1.069164823875419,1.1836640911372158,1.069164823875419
SE.CLO.15Y.LDSEV.M.PS.2000.3,1.1448906859528245,1.1233184085929955,1.1448906859528245,1.1233184085929955
SE.CLO.15Y.LDSEV.M.PS.2000.4,0.7996457607306835,1.6600308648022364,0.7996457607306835,1.6600308648022364
SE.CLO.15Y.LDSEV.M.PS.2000.5,1.4480069036110697,1.2696867393008693,1.4480069036110697,1.2696867393008693
SE.CLO.15Y.LDSEV.M.PS.2000.A,1.2804279462174954,1.4279998657579482,1.2804279462174954,1.4279998657579482
SE.CLO.15Y.LDSEV.M.PS.2000.F,1.2889115290005042,1.417754122917588,1.2889115290005042,1.417754122917588
SE.CLO.15Y.LDSEV.M.PS.2000.M,1.0884557013359797,1.4794303748604398,1.0884557013359797,1.4794303748604398
SE.CLO.15Y.LDSEV.M.PS.2000.R,1.442211410424357,1.3810090090644407,1.442211410424357,1.3810090090644407
SE.CLO.15Y.LDSEV.M.PS.2000.U,1.3430698783250439,1.3714141154626365,1.3430698783250439,1.3714141154626365
SE.CLO.15Y.LDSEV.M.PS.2006.1,1.2581338903487973,0.9854028581051434,1.2581338903487973,0.9854028581051434
SE.CLO.15Y.LDSEV.M.PS.2006.2,0.8520402517993894,0.9380976446027145,0.8520402517993894,0.9380976446027145
SE.CLO.15Y.LDSEV.M.PS.2006.3,1.2137995141399684,1.1220657869370856,1.2137995141399684,1.1220657869370856
SE.CLO.15Y.LDSEV.M.PS.2006.4,0.6273227389597564,0.8762054097037694,0.6273227389597564,0.8762054097037694
SE.CLO.15Y.LDSEV.M.PS.2006.5,0.9898226804706374,0.871856123257958,0.9898226804706374,0.871856123257958
SE.CLO.15Y.LDSEV.M.PS.2006.A,0.8042709128876239,0.5655291167196829,0.8042709128876239,0.5655291167196829
SE.CLO.15Y.LDSEV.M.PS.2006.F,0.7413796288885149,0.43050313031108184,0.7413796288885149,0.43050313031108184
SE.CLO.15Y.LDSEV.M.PS.2006.M,0.974979450214131,0.703583431029134,0.974979450214131,0.703583431029134
SE.CLO.15Y.LDSEV.M.PS.2006.R,0.8398985297569889,1.4086407519859887,0.8398985297569889,1.4086407519859887
SE.CLO.15Y.LDSEV.M.PS.2006.U,0.6700970825211336,0.691433800520467,0.6700970825211336,0.691433800520467
SE.CLO.15Y.LDSEV.M.PS.2009.1,1.1728327460597145,0.8650126627370154,1.1728327460597145,0.8650126627370154
SE.CLO.15Y.LDSEV.M.PS.2009.2,1.044740912046011,1.039245034262895,1.044740912046011,1.039245034262895
SE.CLO.15Y.LDSEV.M.PS.2009.3,1.1010456222512472,1.1970826179784462,1.1010456222512472,1.1970826179784462
SE.CLO.15Y.LDSEV.M.PS.2009.4,1.076356373872308,1.2245275270098992,1.076356373872308,1.2245275270098992
SE.CLO.15Y.LDSEV.M.PS.2009.5,1.0918236580908645,1.138226860509618,1.0918236580908645,1.138226860509618
SE.CLO.15Y.LDSEV.M.PS.2009.A,1.0297458021678503,0.8764574436941976,1.0297458021678503,0.8764574436941976
SE.CLO.15Y.LDSEV.M.PS.2009.F,0.9053548352600295,0.9843630864827868,0.9053548352600295,0.9843630864827868
SE.CLO.15Y.LDSEV.M.PS.2009.M,1.0633157291925983,1.0853384937777755,1.0633157291925983,1.0853384937777755
SE.CLO.15Y.LDSEV.M.PS.2009.R,1.2358005471428246,1.6324281741878655,1.2358005471428246,1.6324281741878655
SE.CLO.15Y.LDSEV.M.PS.2009.U,0.9280569714794181,1.077556854972246,0.9280569714794181,1.077556854972246
SE.CLO.15Y.LDSEV.M.PS.2012.1,0.9955490571353642,0.5656273579757788,0.9955490571353642,0.5656273579757788
SE.CLO.15Y.LDSEV.M.PS.2012.2,0.8785789763424534,0.4342636543505614,0.8785789763424534,0.4342636543505614
SE.CLO.15Y.LDSEV.M.PS.2012.3,0.9415962503189051,0.3760399875813,0.9415962503189051,0.3760399875813
SE.CLO.15Y.LDSEV.M.PS.2012.4,0.7563716093809825,0.6248236008599646,0.7563716093809825,0.6248236008599646
SE.CLO.15Y.LDSEV.M.PS.2012.5,0.8669985981485991,0.7262927562492123,0.8669985981485991,0.7262927562492123
SE.CLO.15Y.LDSEV.M.PS.2012.A,0.779620942036784,0.36242917866087687,0.779620942036784,0.36242917866087687
SE.CLO.15Y.LDSEV.M.PS.2012.F,0.9224419994722061,0.3065286424153381,0.9224419994722061,0.3065286424153381
SE.CLO.15Y.LDSEV.M.PS.2012.M,1.0030488429209055,0.5574470439072522,1.0030488429209055,0.5574470439072522
SE.CLO.15Y.LDSEV.M.PS.2012.R,1.3205712411133648,1.4294750259289057,1.3205712411133648,1.4294750259289057
SE.CLO.15Y.LDSEV.M.PS.2012.U,0.7334678250444079,0.28705170037568634,0.7334678250444079,0.28705170037568634
SE.CLO.15Y.LDSEV.M.PS.2015.1,0.803140327130697,0.661626850782659,0.803140327130697,0.661626850782659
SE.CLO.15Y.LDSEV.M.PS.2015.2,0.5861970438705848,0.6568476914708133,0.5861970438705848,0.6568476914708133
SE.CLO.15Y.LDSEV.M.PS.2015.3,0.654957279927536,0.5370668102004075,0.654957279927536,0.5370668102004075
SE.CLO.15Y.LDSEV.M.PS.2015.4,0.5764509545329467,0.09084088572695911,0.5764509545329467,0.09084088572695911
SE.CLO.15Y.LDSEV.M.PS.2015.5,0.8770429080438068,1.305023567497875,0.8770429080438068,1.305023567497875
SE.CLO.15Y.LDSEV.M.PS.2015.A,0.7175122744371254,0.40473351118648415,0.7175122744371254,0.40473351118648415
SE.CLO.15Y.LDSEV.M.PS.2015.F,0.6950368068355806,0.28409973654261667,0.6950368068355806,0.28409973654261667
SE.CLO.15Y.LDSEV.M.PS.2015.M,0.8350901651450898,0.51950624354621,0.8350901651450898,0.51950624354621
SE.CLO.15Y.LDSEV.M.PS.2015.R,1.4960372601860936,1.5317719363649203,1.4960372601860936,1.5317719363649203
SE.CLO.15Y.LDSEV.M.PS.2015.U,0.5604362705720057,0.49002957360110694,0.5604362705720057,0.49002957360110694
SE.CLO.15Y.LDSEV.M.PS.2018.1,0.7206739690331364,1.1761725509324943,0.7206739690331364,1.1761725509324943
SE.CLO.15Y.LDSEV.M.PS.2018.2,0.8916059739577262,1.3559360272974053,0.8916059739577262,1.3559360272974053
SE.CLO.15Y.LDSEV.M.PS.2018.3,0.7995618985132142,1.2530825837014947,0.7995618985132142,1.2530825837014947
SE.CLO.15Y.LDSEV.M.PS.2018.4,0.6480682778389678,1.613901025704102,0.6480682778389678,1.613901025704102
SE.CLO.15Y.LDSEV.M.PS.2018.5,1.0874287974499592,1.2189040817671037,1.0874287974499592,1.2189040817671037
SE.CLO.15Y.LDSEV.M.PS.2018.A,0.7350599588635971,1.2339323645453135,0.7350599588635971,1.2339323645453135
SE.CLO.15Y.LDSEV.M.PS.2018.F,0.8459400615588616,1.3402388238761611,0.8459400615588616,1.3402388238761611
SE.CLO.15Y.LDSEV.M.PS.2018.M,0.6129369865249206,1.1718574439705847,0.6129369865249206,1.1718574439705847
SE.CLO.15Y.LDSEV.M.PS.2018.R,0.8135421370872344,1.34021645546955,0.8135421370872344,1.34021645546955
SE.CLO.15Y.LDSEV.M.PS.2018.U,0.8509630196434286,1.3515955694464794,0.8509630196434286,1.3515955694464794
SE.CLO.15Y.LDSEV.M.PSD.2017.1,1.332521989623735,1.3505934072332237,1.332521989623735,1.3505934072332237
SE.CLO.15Y.LDSEV.M.PSD.2017.2,1.2507816485636323,1.2507816485636323,1.2507816485636323,1.2507816485636323
SE.CLO.15Y.LDSEV.M.PSD.2017.3,1.6656952707762707,1.6656952707762707,1.6656952707762707,1.6656952707762707
SE.CLO.15Y.LDSEV.M.PSD.2017.4,0.18061731752915514,0.18061731752915128,0.18061731752915514,0.18061731752915128
SE.CLO.15Y.LDSEV.M.PSD.2017.5,-1.1487560861262143,-1.1487560861262143,1.1487560861262143,1.1487560861262143
SE.CLO.15Y.LDSEV.M.PSD.2017.A,1.337842708750109,1.3378427087501092,1.337842708750109,1.3378427087501092
SE.CLO.15Y.LDSEV.M.PSD.2017.F,1.2072541177611926,1.2072541177611928,1.2072541177611926,1.2072541177611928
SE.CLO.15Y.LDSEV.M.PSD.2017.M,0.7564000491666296,0.7564000491666315,0.7564000491666296,0.7564000491666315
SE.CLO.15Y.LDSEV.M.PSD.2017.R,1.255132366959711,1.2551323669597108,1.255132366959711,1.2551323669597108
SE.CLO.15Y.LDSEV.M.PSD.2017.U,0.36963543167658586,0.3696354316765832,0.36963543167658586,0.3696354316765832
SE.CLO.15Y.LDSEV.R.PS.2000.1,0.945405411360149,1.371693194187408,0.945405411360149,1.371693194187408
SE.CLO.15Y.LDSEV.R.PS.2000.2,0.8524231279694995,0.6329918124506091,0.8524231279694995,0.6329918124506091
SE.CLO.15Y.LDSEV.R.PS.2000.3,0.7919822744572316,0.39827054635135534,0.7919822744572316,0.39827054635135534
SE.CLO.15Y.LDSEV.R.PS.2000.4,0.8212930565065285,1.230918484267351,0.8212930565065285,1.230918484267351
SE.CLO.15Y.LDSEV.R.PS.2000.5,0.7015443386979615,0.7383376863367778,0.7015443386979615,0.7383376863367778
SE.CLO.15Y.LDSEV.R.PS.2000.A,0.8276810628556983,0.8850100262582924,0.8276810628556983,0.8850100262582924
SE.CLO.15Y.LDSEV.R.PS.2000.F,0.7136247540323647,0.8127775767034041,0.7136247540323647,0.8127775767034041
SE.CLO.15Y.LDSEV.R.PS.2000.M,0.7749969440791297,0.49853462213074323,0.7749969440791297,0.49853462213074323
SE.CLO.15Y.LDSEV.R.PS.2000.R,1.0895698012043045,0.8693239823008735,1.0895698012043045,0.8693239823008735
SE.CLO.15Y.LDSEV.R.PS.2000.U,0.8290961577784017,0.4268904722562055,0.8290961577784017,0.4268904722562055
SE.CLO.15Y.LDSEV.R.PS.2006.1,0.9304895959084791,0.8551253945347432,0.9304895959084791,0.8551253945347432
SE.CLO.15Y.LDSEV.R.PS.2006.2,0.8141044205980799,0.40001464647700674,0.8141044205980799,0.40001464647700674
SE.CLO.15Y.LDSEV.R.PS.2006.3,0.6887594100618287,0.6677716835437619,0.6887594100618287,0.6677716835437619
SE.CLO.15Y.LDSEV.R.PS.2006.4,0.9411550743274847,0.8927281179327081,0.9411550743274847,0.8927281179327081
SE.CLO.15Y.LDSEV.R.PS.2006.5,0.8826783215609544,0.8905943380483118,0.8826783215609544,0.8905943380483118
SE.CLO.15Y.LDSEV.R.PS.2006.A,0.6708283932290694,0.6368352985293687,0.6708283932290694,0.6368352985293687
SE.CLO.15Y.LDSEV.R.PS.2006.F,0.685835802075469,0.4764264879437364,0.685835802075469,0.4764264879437364
SE.CLO.15Y.LDSEV.R.PS.2006.M,0.7831915214183045,0.7176014737889513,0.7831915214183045,0.7176014737889513
SE.CLO.15Y.LDSEV.R.PS.2006.R,1.2376283772460293,1.5778111314806982,1.2376283772460293,1.5778111314806982
SE.CLO.15Y.LDSEV.R.PS.2006.U,0.6859180134817373,0.49458765426492524,0.6859180134817373,0.49458765426492524
SE.CLO.15Y.LDSEV.R.PS.2009.1,1.1363991531754458,1.3004679654305447,1.1363991531754458,1.3004679654305447
SE.CLO.15Y.LDSEV.R.PS.2009.2,0.7866432615157678,0.7832543093543565,0.7866432615157678,0.7832543093543565
SE.CLO.15Y.LDSEV.R.PS.2009.3,0.6601087317983614,0.9985723158260912,0.6601087317983614,0.9985723158260912
SE.CLO.15Y.LDSEV.R.PS.2009.4,1.0759056867885304,1.0727369303069658,1.0759056867885304,1.0727369303069658
SE.CLO.15Y.LDSEV.R.PS.2009.5,0.8364879887368163,1.0713818320711705,0.8364879887368163,1.0713818320711705
SE.CLO.15Y.LDSEV.R.PS.2009.A,0.7946278210669909,0.8076250521682882,0.7946278210669909,0.8076250521682882
SE.CLO.15Y.LDSEV.R.PS.2009.F,0.6636374419317141,0.7192944538264089,0.6636374419317141,0.7192944538264089
SE.CLO.15Y.LDSEV.R.PS.2009.M,1.069222577134628,1.136885738316802,1.069222577134628,1.136885738316802
SE.CLO.15Y.LDSEV.R.PS.2009.R,1.3908466680714893,1.2911167486444581,1.3908466680714893,1.2911167486444581
SE.CLO.15Y.LDSEV.R.PS.2009.U,0.86086955310612,0.5500642381469837,0.86086955310612,0.5500642381469837
SE.CLO.15Y.LDSEV.R.PS.2012.1,0.6648926020364724,0.41273730267431413,0.6648926020364724,0.41273730267431413
SE.CLO.15Y.LDSEV.R.PS.2012.2,0.8306173553175626,0.7804848588235255,0.8306173553175626,0.7804848588235255
SE.CLO.15Y.LDSEV.R.PS.2012.3,0.9047781074496247,0.7540892219289184,0.9047781074496247,0.7540892219289184
SE.CLO.15Y.LDSEV.R.PS.2012.4,0.9043062019295812,0.8198876201921407,0.9043062019295812,0.8198876201921407
SE.CLO.15Y.LDSEV.R.PS.2012.5,0.662740587759363,0.8497340614094462,0.662740587759363,0.8497340614094462
SE.CLO.15Y.LDSEV.R.PS.2012.A,0.573904333092269,0.32347985955230174,0.573904333092269,0.32347985955230174
SE.CLO.15Y.LDSEV.R.PS.2012.F,0.6742009375433808,-0.03363993052807641,0.6742009375433808,0.03363993052807641
SE.CLO.15Y.LDSEV.R.PS.2012.M,0.7547250633159545,0.8167004521557383,0.7547250633159545,0.8167004521557383
SE.CLO.15Y.LDSEV.R.PS.2012.R,1.2225987718979894,1.2044216698850219,1.2225987718979894,1.2044216698850219
SE.CLO.15Y.LDSEV.R.PS.2012.U,0.6146225376903411,0.6071925679097601,0.6146225376903411,0.6071925679097601
SE.CLO.15Y.LDSEV.R.PS.2015.1,0.7576208005951586,1.0518983531176254,0.7576208005951586,1.0518983531176254
SE.CLO.15Y.LDSEV.R.PS.2015.2,0.7378572192979466,0.7134040969334516,0.7378572192979466,0.7134040969334516
SE.CLO.15Y.LDSEV.R.PS.2015.3,0.8507728006073377,0.9773319761685438,0.8507728006073377,0.9773319761685438
SE.CLO.15Y.LDSEV.R.PS.2015.4,0.6107455040714238,0.542351626655362,0.6107455040714238,0.542351626655362
SE.CLO.15Y.LDSEV.R.PS.2015.5,0.8534911983671426,0.9138863549328426,0.8534911983671426,0.9138863549328426
SE.CLO.15Y.LDSEV.R.PS.2015.A,0.698272004606613,0.504491929641136,0.698272004606613,0.504491929641136
SE.CLO.15Y.LDSEV.R.PS.2015.F,0.7594632867626877,0.5118534328916943,0.7594632867626877,0.5118534328916943
SE.CLO.15Y.LDSEV.R.PS.2015.M,0.8902713004763283,0.8072139537967439,0.8902713004763283,0.8072139537967439
SE.CLO.15Y.LDSEV.R.PS.2015.R,1.2432791561226697,1.3193215412507062,1.2432791561226697,1.3193215412507062
SE.CLO.15Y.LDSEV.R.PS.2015.U,0.5499789603031753,0.5606047604227874,0.5499789603031753,0.5606047604227874
SE.CLO.15Y.LDSEV.R.PS.2018.1,0.9530177768101963,0.7242903357256939,0.9530177768101963,0.7242903357256939
SE.CLO.15Y.LDSEV.R.PS.2018.2,0.9287374537138042,1.0035634669941813,0.9287374537138042,1.0035634669941813
SE.CLO.15Y.LDSEV.R.PS.2018.3,0.8909271411216741,0.9141850626847533,0.8909271411216741,0.9141850626847533
SE.CLO.15Y.LDSEV.R.PS.2018.4,0.7832104469528777,1.2467559199799085,0.7832104469528777,1.2467559199799085
SE.CLO.15Y.LDSEV.R.PS.2018.5,0.973627540607579,1.052013212422866,0.973627540607579,1.052013212422866
SE.CLO.15Y.LDSEV.R.PS.2018.A,0.6787098001088464,0.7698206182403231,0.6787098001088464,0.7698206182403231
SE.CLO.15Y.LDSEV.R.PS.2018.F,0.8664538153738132,1.032337814663592,0.8664538153738132,1.032337814663592
SE.CLO.15Y.LDSEV.R.PS.2018.M,0.9473953011113039,1.11000284362425,0.9473953011113039,1.11000284362425
SE.CLO.15Y.LDSEV.R.PS.2018.R,1.1021085666063772,1.1322416208590083,1.1021085666063772,1.1322416208590083
SE.CLO.15Y.LDSEV.R.PS.2018.U,0.7684806572439821,0.7889620678042034,0.7684806572439821,0.7889620678042034
SE.CLO.15Y.LDSEV.R.PSD.2017.1,1.0835326188428205,1.0835326188428205,1.0835326188428205,1.0835326188428205
SE.CLO.15Y.LDSEV.R.PSD.2017.2,1.2879580230834973,1.2879580230834975,1.2879580230834973,1.2879580230834975
SE.CLO.15Y.LDSEV.R.PSD.2017.3,-0.48016169663461333,-0.48016169663461344,0.48016169663461333,0.48016169663461344
SE.CLO.15Y.LDSEV.R.PSD.2017.4,0.4072121429644595,0.4072121429644595,0.4072121429644595,0.4072121429644595
SE.CLO.15Y.LDSEV.R.PSD.2017.5,0.6480950613467049,1.3971279537479386,0.6480950613467049,1.3971279537479386
SE.CLO.15Y.LDSEV.R.PSD.2017.A,-0.016291196207263034,-0.01629119620726056,0.016291196207263034,0.01629119620726056
SE.CLO.15Y.LDSEV.R.PSD.2017.F,-0.3463981490268861,-0.34639814902688604,0.3463981490268861,0.34639814902688604
SE.CLO.15Y.LDSEV.R.PSD.2017.M,0.43388802761334844,0.4338880276133483,0.43388802761334844,0.4338880276133483
SE.CLO.15Y.LDSEV.R.PSD.2017.R,-0.4846487050260948,-0.4846487050260948,0.4846487050260948,0.4846487050260948
SE.CLO.15Y.LDSEV.R.PSD.2017.U,-0.24685348749494335,0.8833744977531615,0.24685348749494335,0.8833744977531615
SE.CLO.15Y.LDSEV.S.PS.2000.1,1.1709857123189615,1.0048304525597542,1.1709857123189615,1.0048304525597542
SE.CLO.15Y.LDSEV.S.PS.2000.2,1.1587635316005427,0.9871553922450006,1.1587635316005427,0.9871553922450006
SE.CLO.15Y.LDSEV.S.PS.2000.3,0.8332637311718368,0.9193447353098505,0.8332637311718368,0.9193447353098505
SE.CLO.15Y.LDSEV.S.PS.2000.4,0.9391685359360893,0.7170934808484934,0.9391685359360893,0.7170934808484934
SE.CLO.15Y.LDSEV.S.PS.2000.5,1.2132012909313248,1.5757996608566727,1.2132012909313248,1.5757996608566727
SE.CLO.15Y.LDSEV.S.PS.2000.A,0.9483746266832259,0.6400605376958309,0.9483746266832259,0.6400605376958309
SE.CLO.15Y.LDSEV.S.PS.2000.F,0.9613126677741113,1.145720505355441,0.9613126677741113,1.145720505355441
SE.CLO.15Y.LDSEV.S.PS.2000.M,0.858023060751098,0.5822024937165039,0.858023060751098,0.5822024937165039
SE.CLO.15Y.LDSEV.S.PS.2000.R,1.116024490799911,1.3165599077926007,1.116024490799911,1.3165599077926007
SE.CLO.15Y.LDSEV.S.PS.2000.U,1.0804419655735882,0.7309957230237155,1.0804419655735882,0.7309957230237155
SE.CLO.15Y.LDSEV.S.PS.2006.1,0.7216119277902024,0.6479224336056106,0.7216119277902024,0.6479224336056106
SE.CLO.15Y.LDSEV.S.PS.2006.2,0.8174675438037213,0.7106550919189563,0.8174675438037213,0.7106550919189563
SE.CLO.15Y.LDSEV.S.PS.2006.3,0.7670067827510841,0.40816322605085487,0.7670067827510841,0.40816322605085487
SE.CLO.15Y.LDSEV.S.PS.2006.4,0.7166869590523732,0.8650709804923155,0.7166869590523732,0.8650709804923155
SE.CLO.15Y.LDSEV.S.PS.2006.5,0.7808424990704513,0.637802762054442,0.7808424990704513,0.637802762054442
SE.CLO.15Y.LDSEV.S.PS.2006.A,0.5749800050402302,0.18736708096103769,0.5749800050402302,0.18736708096103769
SE.CLO.15Y.LDSEV.S.PS.2006.F,0.5845362581710173,0.23411472348340992,0.5845362581710173,0.23411472348340992
SE.CLO.15Y.LDSEV.S.PS.2006.M,0.5226790646955222,0.48168618865141904,0.5226790646955222,0.48168618865141904
SE.CLO.15Y.LDSEV.S.PS.2006.R,1.1566546672741471,0.9416066277584767,1.1566546672741471,0.9416066277584767
SE.CLO.15Y.LDSEV.S.PS.2006.U,0.6269214274259689,0.41374753548588594,0.6269214274259689,0.41374753548588594
SE.CLO.15Y.LDSEV.S.PS.2009.1,0.7245840813038458,0.35061471447700376,0.7245840813038458,0.35061471447700376
SE.CLO.15Y.LDSEV.S.PS.2009.2,0.8532561792929593,0.8250469573340359,0.8532561792929593,0.8250469573340359
SE.CLO.15Y.LDSEV.S.PS.2009.3,0.9395665992996298,1.0085415749738817,0.9395665992996298,1.0085415749738817
SE.CLO.15Y.LDSEV.S.PS.2009.4,1.1076467657110274,1.1782118621515458,1.1076467657110274,1.1782118621515458
SE.CLO.15Y.LDSEV.S.PS.2009.5,0.7905656120474376,1.1420159014808515,0.7905656120474376,1.1420159014808515
SE.CLO.15Y.LDSEV.S.PS.2009.A,0.6369438029134618,0.6548439153282805,0.6369438029134618,0.6548439153282805
SE.CLO.15Y.LDSEV.S.PS.2009.F,0.7740853754199758,0.6305108363726023,0.7740853754199758,0.6305108363726023
SE.CLO.15Y.LDSEV.S.PS.2009.M,0.8455496313344821,0.8381017654966916,0.8455496313344821,0.8381017654966916
SE.CLO.15Y.LDSEV.S.PS.2009.R,1.4165341826164133,1.6441094558407023,1.4165341826164133,1.6441094558407023
SE.CLO.15Y.LDSEV.S.PS.2009.U,0.8064640482499074,0.972006600292522,0.8064640482499074,0.972006600292522
SE.CLO.15Y.LDSEV.S.PS.2012.1,1.0023640275838572,0.8693621994427176,1.0023640275838572,0.8693621994427176
SE.CLO.15Y.LDSEV.S.PS.2012.2,0.7513278117260801,0.6598404968355984,0.7513278117260801,0.6598404968355984
SE.CLO.15Y.LDSEV.S.PS.2012.3,0.8570529829045119,0.777771665479065,0.8570529829045119,0.777771665479065
SE.CLO.15Y.LDSEV.S.PS.2012.4,1.0851819982342732,0.7049541796940336,1.0851819982342732,0.7049541796940336
SE.CLO.15Y.LDSEV.S.PS.2012.5,0.6564641219824096,0.7732638161098262,0.6564641219824096,0.7732638161098262
SE.CLO.15Y.LDSEV.S.PS.2012.A,0.958715639912736,0.5313784018732153,0.958715639912736,0.5313784018732153
SE.CLO.15Y.LDSEV.S.PS.2012.F,0.9357533625128406,0.7839813935220753,0.9357533625128406,0.7839813935220753
SE.CLO.15Y.LDSEV.S.PS.2012.M,0.9576500290242792,0.8048116736104807,0.9576500290242792,0.8048116736104807
SE.CLO.15Y.LDSEV.S.PS.2012.R,1.1544156439036433,1.4586042764860991,1.1544156439036433,1.4586042764860991
SE.CLO.15Y.LDSEV.S.PS.2012.U,0.8964987441182302,0.49225929895272474,0.8964987441182302,0.49225929895272474
SE.CLO.15Y.LDSEV.S.PS.2015.1,0.7977160856460281,0.8090188926044087,0.7977160856460281,0.8090188926044087
SE.CLO.15Y.LDSEV.S.PS.2015.2,0.6618185647130856,0.7152246733885029,0.6618185647130856,0.7152246733885029
SE.CLO.15Y.LDSEV.S.PS.2015.3,0.8538956158605532,0.8193001427056505,0.8538956158605532,0.8193001427056505
SE.CLO.15Y.LDSEV.S.PS.2015.4,0.8614150205714336,0.7823243329565518,0.8614150205714336,0.7823243329565518
SE.CLO.15Y.LDSEV.S.PS.2015.5,0.9056488275634287,1.3300370863641509,0.9056488275634287,1.3300370863641509
SE.CLO.15Y.LDSEV.S.PS.2015.A,0.9652742753364197,0.44654978095627496,0.9652742753364197,0.44654978095627496
SE.CLO.15Y.LDSEV.S.PS.2015.F,0.9496298060607914,0.5810274421429172,0.9496298060607914,0.5810274421429172
SE.CLO.15Y.LDSEV.S.PS.2015.M,0.8890633690213532,0.6433291212468984,0.8890633690213532,0.6433291212468984
SE.CLO.15Y.LDSEV.S.PS.2015.R,1.1592203494143754,1.4453691027377393,1.1592203494143754,1.4453691027377393
SE.CLO.15Y.LDSEV.S.PS.2015.U,0.8100277362658197,0.5213778045343294,0.8100277362658197,0.5213778045343294
SE.CLO.15Y.LDSEV.S.PS.2018.1,0.7421894194336686,0.8392227538967053,0.7421894194336686,0.8392227538967053
SE.CLO.15Y.LDSEV.S.PS.2018.2,0.9646477711681759,0.9109174439217439,0.9646477711681759,0.9109174439217439
SE.CLO.15Y.LDSEV.S.PS.2018.3,0.8278396689691009,1.0116453902465987,0.8278396689691009,1.0116453902465987
SE.CLO.15Y.LDSEV.S.PS.2018.4,0.9691963654303288,1.0038668844797978,0.9691963654303288,1.0038668844797978
SE.CLO.15Y.LDSEV.S.PS.2018.5,1.1895857874563416,1.4634594838758537,1.1895857874563416,1.4634594838758537
SE.CLO.15Y.LDSEV.S.PS.2018.A,0.7685272394309118,0.6137430495558038,0.7685272394309118,0.6137430495558038
SE.CLO.15Y.LDSEV.S.PS.2018.F,0.7956535278732925,0.9038024549888966,0.7956535278732925,0.9038024549888966
SE.CLO.15Y.LDSEV.S.PS.2018.M,0.7878657086180175,0.633981609067152,0.7878657086180175,0.633981609067152
SE.CLO.15Y.LDSEV.S.PS.2018.R,1.267243638663298,1.3123307155355612,1.267243638663298,1.3123307155355612
SE.CLO.15Y.LDSEV.S.PS.2018.U,0.8429239409558944,0.6953553965771935,0.8429239409558944,0.6953553965771935
SE.CLO.15Y.LDSEV.S.PSD.2017.1,0.899689780117189,0.899689780117189,0.899689780117189,0.899689780117189
SE.CLO.15Y.LDSEV.S.PSD.2017.2,0.9334063482702087,0.9334063482702111,0.9334063482702087,0.9334063482702111
SE.CLO.15Y.LDSEV.S.PSD.2017.3,-1.273018528654348,-1.2730185286543463,1.273018528654348,1.2730185286543463
SE.CLO.15Y.LDSEV.S.PSD.2017.4,-1.095786741628187,-1.095786741628187,1.095786741628187,1.095786741628187
SE.CLO.15Y.LDSEV.S.PSD.2017.5,1.1052861147612172,0.7412529425664353,1.1052861147612172,0.7412529425664353
SE.CLO.15Y.LDSEV.S.PSD.2017.A,-1.3124809302776668,-1.312480930277667,1.3124809302776668,1.312480930277667
SE.CLO.15Y.LDSEV.S.PSD.2017.F,-1.9710091771419438,-1.9710091771419438,1.9710091771419438,1.9710091771419438
SE.CLO.15Y.LDSEV.S.PSD.2017.M,-0.6247613973848354,-0.6247613973848334,0.6247613973848354,0.6247613973848334
SE.CLO.15Y.LDSEV.S.PSD.2017.R,-1.8764243608053652,-1.876424360805364,1.8764243608053652,1.876424360805364
SE.CLO.15Y.LDSEV.S.PSD.2017.U,-0.08558968452812177,-0.08558968452812177,0.08558968452812177,0.08558968452812177
SE.CLO.15Y.PRF.M.PS.2000.1,-0.42407339470582484,-0.2649346342093373,0.42407339470582484,0.2649346342093373
SE.CLO.15Y.PRF.M.PS.2000.2,-0.9481657590613933,-0.8831386783159312,0.9481657590613933,0.8831386783159312
SE.CLO.15Y.PRF.M.PS.2000.3,-1.1075757354241142,-1.0686431457618772,1.1075757354241142,1.0686431457618772
SE.CLO.15Y.PRF.M.PS.2000.4,-1.4339755037377537,-1.2561288204378191,1.4339755037377537,1.2561288204378191
SE.CLO.15Y.PRF.M.PS.2000.5,-1.3499146370294257,-1.175655615658963,1.3499146370294257,1.175655615658963
SE.CLO.15Y.PRF.M.PS.2000.A,-1.0083575383834469,-0.8879148648150748,1.0083575383834469,0.8879148648150748
SE.CLO.15Y.PRF.M.PS.2000.F,-0.8395227167435808,-0.9476818430393703,0.8395227167435808,0.9476818430393703
SE.CLO.15Y.PRF.M.PS.2000.M,-1.1069368881504558,-0.9964497924366618,1.1069368881504558,0.9964497924366618
SE.CLO.15Y.PRF.M.PS.2000.R,-0.8620529285657799,-0.8620529285657764,0.8620529285657799,0.8620529285657764
SE.CLO.15Y.PRF.M.PS.2000.U,-0.9040363409630701,-0.9040363409630727,0.9040363409630701,0.9040363409630727
SE.CLO.15Y.PRF.M.PS.2006.1,-0.8709356853065183,-0.8709356853065193,0.8709356853065183,0.8709356853065193
SE.CLO.15Y.PRF.M.PS.2006.2,-1.1983034816019067,-1.198303481601904,1.1983034816019067,1.198303481601904
SE.CLO.15Y.PRF.M.PS.2006.3,-1.5634032856722802,-1.5634032856722797,1.5634032856722802,1.5634032856722797
SE.CLO.15Y.PRF.M.PS.2006.4,-1.5881978667320886,-1.5898660470534607,1.5881978667320886,1.5898660470534607
SE.CLO.15Y.PRF.M.PS.2006.5,-1.314320827374399,-1.2847460478348423,1.314320827374399,1.2847460478348423
SE.CLO.15Y.PRF.M.PS.2006.A,-1.405687391668891,-1.4056873916688888,1.405687391668891,1.4056873916688888
SE.CLO.15Y.PRF.M.PS.2006.F,-1.4355441953716865,-1.4355441953716865,1.4355441953716865,1.4355441953716865
SE.CLO.15Y.PRF.M.PS.2006.M,-1.313112002291443,-1.3131120022914453,1.313112002291443,1.3131120022914453
SE.CLO.15Y.PRF.M.PS.2006.R,-0.9488012390260057,-0.9488012390260057,0.9488012390260057,0.9488012390260057
SE.CLO.15Y.PRF.M.PS.2006.U,-1.4031082889489717,-1.4031082889489765,1.4031082889489717,1.4031082889489765
SE.CLO.15Y.PRF.M.PS.2009.1,-0.9972559073016801,-0.9972559073016791,0.9972559073016801,0.9972559073016791
SE.CLO.15Y.PRF.M.PS.2009.2,-1.2720524466523477,-1.27205244665235,1.2720524466523477,1.27205244665235
SE.CLO.15Y.PRF.M.PS.2009.3,-1.3681368993749148,-1.3681368993749148,1.3681368993749148,1.3681368993749148
SE.CLO.15Y.PRF.M.PS.2009.4,-1.5238613032885968,-1.5238613032885968,1.5238613032885968,1.5238613032885968
SE.CLO.15Y.PRF.M.PS.2009.5,-1.503632935451261,-1.4444554619202792,1.503632935451261,1.4444554619202792
SE.CLO.15Y.PRF.M.PS.2009.A,-1.4900068403969764,-1.4900068403969808,1.4900068403969764,1.4900068403969808
SE.CLO.15Y.PRF.M.PS.2009.F,-1.5762744469016454,-1.5762744469016454,1.5762744469016454,1.5762744469016454
SE.CLO.15Y.PRF.M.PS.2009.M,-1.156304873592647,-1.1563048735926533,1.156304873592647,1.1563048735926533
SE.CLO.15Y.PRF.M.PS.2009.R,-0.9183833652622826,-0.9183833652622799,0.9183833652622826,0.9183833652622799
SE.CLO.15Y.PRF.M.PS.2009.U,-1.3564237312992384,-1.3564237312992382,1.3564237312992384,1.3564237312992382
SE.CLO.15Y.PRF.M.PS.2012.1,-0.9560536817802562,-0.9560536817802572,0.9560536817802562,0.9560536817802572
SE.CLO.15Y.PRF.M.PS.2012.2,-1.1316854509894503,-1.1316854509894512,1.1316854509894503,1.1316854509894512
SE.CLO.15Y.PRF.M.PS.2012.3,-1.3397459168380126,-1.3397459168380175,1.3397459168380126,1.3397459168380175
SE.CLO.15Y.PRF.M.PS.2012.4,-1.4438012866671537,-1.4438012866671537,1.4438012866671537,1.4438012866671537
SE.CLO.15Y.PRF.M.PS.2012.5,-1.360807166420007,-1.1095456975373,1.360807166420007,1.1095456975373
SE.CLO.15Y.PRF.M.PS.2012.A,-1.3050107618590978,-1.3050107618590983,1.3050107618590978,1.3050107618590983
SE.CLO.15Y.PRF.M.PS.2012.F,-1.2380117144636127,-1.2380117144636127,1.2380117144636127,1.2380117144636127
SE.CLO.15Y.PRF.M.PS.2012.M,-1.2660293064152497,-1.2660293064152495,1.2660293064152497,1.2660293064152495
SE.CLO.15Y.PRF.M.PS.2012.R,-1.088592681394241,-1.0885926813942401,1.088592681394241,1.0885926813942401
SE.CLO.15Y.PRF.M.PS.2012.U,-1.30045622695179,-1.3004562269517923,1.30045622695179,1.3004562269517923
SE.CLO.15Y.PRF.M.PS.2015.1,-0.9552796658375995,-0.9552796658376016,0.9552796658375995,0.9552796658376016
SE.CLO.15Y.PRF.M.PS.2015.2,-1.4661993757991814,-1.4661993757991825,1.4661993757991814,1.4661993757991825
SE.CLO.15Y.PRF.M.PS.2015.3,-1.4506750704262334,-1.4506750704262321,1.4506750704262334,1.4506750704262321
SE.CLO.15Y.PRF.M.PS.2015.4,-1.6848673286150329,-1.6548913556009317,1.6848673286150329,1.6548913556009317
SE.CLO.15Y.PRF.M.PS.2015.5,-1.4499542859899046,-1.5067879302347287,1.4499542859899046,1.5067879302347287
SE.CLO.15Y.PRF.M.PS.2015.A,-1.2565036719245535,-1.2565036719245501,1.2565036719245535,1.2565036719245501
SE.CLO.15Y.PRF.M.PS.2015.F,-1.2827623949093603,-1.2827623949093592,1.2827623949093603,1.2827623949093592
SE.CLO.15Y.PRF.M.PS.2015.M,-1.3010149946256688,-1.3010149946256662,1.3010149946256688,1.3010149946256662
SE.CLO.15Y.PRF.M.PS.2015.R,-0.383466072429259,-0.3834660724292573,0.383466072429259,0.3834660724292573
SE.CLO.15Y.PRF.M.PS.2015.U,-1.3862112745870088,-1.3862112745870077,1.3862112745870088,1.3862112745870077
SE.CLO.15Y.PRF.M.PS.2018.1,-0.4742973561252997,-0.4742973561252997,0.4742973561252997,0.4742973561252997
SE.CLO.15Y.PRF.M.PS.2018.2,-0.8453457861275124,-0.8453457861275124,0.8453457861275124,0.8453457861275124
SE.CLO.15Y.PRF.M.PS.2018.3,-1.1436455497111837,-1.1436455497111837,1.1436455497111837,1.1436455497111837
SE.CLO.15Y.PRF.M.PS.2018.4,-1.460026962628161,-1.4600269626281581,1.460026962628161,1.4600269626281581
SE.CLO.15Y.PRF.M.PS.2018.5,-1.1566545833496538,-1.138169869143269,1.1566545833496538,1.138169869143269
SE.CLO.15Y.PRF.M.PS.2018.A,-1.0169047798658448,-1.016904779865845,1.0169047798658448,1.016904779865845
SE.CLO.15Y.PRF.M.PS.2018.F,-0.9693333746438517,-0.9693333746438515,0.9693333746438517,0.9693333746438515
SE.CLO.15Y.PRF.M.PS.2018.M,-0.6501081028702399,-0.6501081028702422,0.6501081028702399,0.6501081028702422
SE.CLO.15Y.PRF.M.PS.2018.R,0.1566127652222066,0.15661276522220566,0.1566127652222066,0.15661276522220566
SE.CLO.15Y.PRF.M.PS.2018.U,-0.8309047275429038,-0.8309047275429011,0.8309047275429038,0.8309047275429011
SE.CLO.15Y.PRF.M.PSD.2017.1,1.195283020679425,0.8193839046573561,1.195283020679425,0.8193839046573561
SE.CLO.15Y.PRF.M.PSD.2017.2,0.48254607606682154,0.821591640791611,0.48254607606682154,0.821591640791611
SE.CLO.15Y.PRF.M.PSD.2017.3,1.183174465418679,0.4394123079105868,1.183174465418679,0.4394123079105868
SE.CLO.15Y.PRF.M.PSD.2017.4,0.5659009252280218,-0.3249926198261689,0.5659009252280218,0.3249926198261689
SE.CLO.15Y.PRF.M.PSD.2017.5,0.8887177519278537,0.8887177519278523,0.8887177519278537,0.8887177519278523
SE.CLO.15Y.PRF.M.PSD.2017.A,0.6514487091027477,0.4438426314932666,0.6514487091027477,0.4438426314932666
SE.CLO.15Y.PRF.M.PSD.2017.F,0.4156932840654975,0.5403297920328411,0.4156932840654975,0.5403297920328411
SE.CLO.15Y.PRF.M.PSD.2017.M,0.7792323539512013,0.7792323539512012,0.7792323539512013,0.7792323539512012
SE.CLO.15Y.PRF.M.PSD.2017.R,0.871205673590789,0.26624877019535803,0.871205673590789,0.26624877019535803
SE.CLO.15Y.PRF.M.PSD.2017.U,0.07343990587440206,0.07343990587440206,0.07343990587440206,0.07343990587440206
SE.CLO.15Y.PRF.R.PS.2000.1,-0.5600032114771419,-0.3897431400447043,0.5600032114771419,0.3897431400447043
SE.CLO.15Y.PRF.R.PS.2000.2,-1.230130754805197,-0.907002058085547,1.230130754805197,0.907002058085547
SE.CLO.15Y.PRF.R.PS.2000.3,-1.034865803243662,-0.9145319501677573,1.034865803243662,0.9145319501677573
SE.CLO.15Y.PRF.R.PS.2000.4,-1.1913237985670344,-0.8686003225454608,1.1913237985670344,0.8686003225454608
SE.CLO.15Y.PRF.R.PS.2000.5,-1.1796520898260314,-1.0235325727044156,1.1796520898260314,1.0235325727044156
SE.CLO.15Y.PRF.R.PS.2000.A,-1.1375636490691012,-1.052350572390396,1.1375636490691012,1.052350572390396
SE.CLO.15Y.PRF.R.PS.2000.F,-1.0522730896769557,-1.003986641682107,1.0522730896769557,1.003986641682107
SE.CLO.15Y.PRF.R.PS.2000.M,-1.2281838152893754,-1.0220472488560672,1.2281838152893754,1.0220472488560672
SE.CLO.15Y.PRF.R.PS.2000.R,-1.0053692461035286,-1.0053692461035304,1.0053692461035286,1.0053692461035304
SE.CLO.15Y.PRF.R.PS.2000.U,-1.0706971332135622,-1.0551537943457057,1.0706971332135622,1.0551537943457057
SE.CLO.15Y.PRF.R.PS.2006.1,-0.7939143961274667,-0.7939143961274633,0.7939143961274667,0.7939143961274633
SE.CLO.15Y.PRF.R.PS.2006.2,-1.0578746696992392,-1.0578746696992425,1.0578746696992392,1.0578746696992425
SE.CLO.15Y.PRF.R.PS.2006.3,-1.2484003265321628,-1.1776836387320306,1.2484003265321628,1.1776836387320306
SE.CLO.15Y.PRF.R.PS.2006.4,-1.3191712804684217,-1.260649775212481,1.3191712804684217,1.260649775212481
SE.CLO.15Y.PRF.R.PS.2006.5,-1.1246655046865057,-0.9391564180286243,1.1246655046865057,0.9391564180286243
SE.CLO.15Y.PRF.R.PS.2006.A,-1.3043576541179078,-1.2408140804875736,1.3043576541179078,1.2408140804875736
SE.CLO.15Y.PRF.R.PS.2006.F,-1.2804091657465018,-1.0900195736731333,1.2804091657465018,1.0900195736731333
SE.CLO.15Y.PRF.R.PS.2006.M,-1.1363635551550824,-1.1363635551550804,1.1363635551550824,1.1363635551550804
SE.CLO.15Y.PRF.R.PS.2006.R,-0.9784498146814011,-0.978449814681401,0.9784498146814011,0.978449814681401
SE.CLO.15Y.PRF.R.PS.2006.U,-1.268016776402916,-1.268016776402921,1.268016776402916,1.268016776402921
SE.CLO.15Y.PRF.R.PS.2009.1,-0.8171111852557126,-0.8171111852557135,0.8171111852557126,0.8171111852557135
SE.CLO.15Y.PRF.R.PS.2009.2,-1.0736312311170164,-1.0042116066229165,1.0736312311170164,1.0042116066229165
SE.CLO.15Y.PRF.R.PS.2009.3,-1.4311811896756224,-1.3949001444480413,1.4311811896756224,1.3949001444480413
SE.CLO.15Y.PRF.R.PS.2009.4,-1.5840710341888067,-1.5683935550677346,1.5840710341888067,1.5683935550677346
SE.CLO.15Y.PRF.R.PS.2009.5,-1.2972421328781745,-1.1458253959554543,1.2972421328781745,1.1458253959554543
SE.CLO.15Y.PRF.R.PS.2009.A,-1.2153665585801545,-1.157731413230831,1.2153665585801545,1.157731413230831
SE.CLO.15Y.PRF.R.PS.2009.F,-1.616190261166807,-1.6164864102135488,1.616190261166807,1.6164864102135488
SE.CLO.15Y.PRF.R.PS.2009.M,-1.0176588014309147,-1.0176588014309171,1.0176588014309147,1.0176588014309171
SE.CLO.15Y.PRF.R.PS.2009.R,-0.7834982824207433,-0.7834982824207424,0.7834982824207433,0.7834982824207424
SE.CLO.15Y.PRF.R.PS.2009.U,-1.2565869395791356,-1.2565869395791356,1.2565869395791356,1.2565869395791356
SE.CLO.15Y.PRF.R.PS.2012.1,-0.8924777343055699,-0.8924777343055696,0.8924777343055699,0.8924777343055696
SE.CLO.15Y.PRF.R.PS.2012.2,-1.1073780977629024,-1.029947632987444,1.1073780977629024,1.029947632987444
SE.CLO.15Y.PRF.R.PS.2012.3,-1.25168320820754,-1.2516832082075502,1.25168320820754,1.2516832082075502
SE.CLO.15Y.PRF.R.PS.2012.4,-1.4120847794595526,-1.4120847794595528,1.4120847794595526,1.4120847794595528
SE.CLO.15Y.PRF.R.PS.2012.5,-1.3852505405273055,-1.2038378040835345,1.3852505405273055,1.2038378040835345
SE.CLO.15Y.PRF.R.PS.2012.A,-1.0940590735090214,-1.094059073509029,1.0940590735090214,1.094059073509029
SE.CLO.15Y.PRF.R.PS.2012.F,-1.3901206087529412,-1.3446271205181346,1.3901206087529412,1.3446271205181346
SE.CLO.15Y.PRF.R.PS.2012.M,-1.0855056891090702,-1.0855056891090702,1.0855056891090702,1.0855056891090702
SE.CLO.15Y.PRF.R.PS.2012.R,-0.9368607223187927,-0.9368607223187936,0.9368607223187927,0.9368607223187936
SE.CLO.15Y.PRF.R.PS.2012.U,-1.2376798884207205,-1.237679888420717,1.2376798884207205,1.237679888420717
SE.CLO.15Y.PRF.R.PS.2015.1,-0.863369403476441,-0.8633694034764434,0.863369403476441,0.8633694034764434
SE.CLO.15Y.PRF.R.PS.2015.2,-1.1906540329667297,-1.1906540329667283,1.1906540329667297,1.1906540329667283
SE.CLO.15Y.PRF.R.PS.2015.3,-1.4024780229092781,-1.2592612962907734,1.4024780229092781,1.2592612962907734
SE.CLO.15Y.PRF.R.PS.2015.4,-1.4194047880215412,-1.3313534695093066,1.4194047880215412,1.3313534695093066
SE.CLO.15Y.PRF.R.PS.2015.5,-1.4769917691353565,-1.5311625424976054,1.4769917691353565,1.5311625424976054
SE.CLO.15Y.PRF.R.PS.2015.A,-1.080525938764542,-1.3370674481523217,1.080525938764542,1.3370674481523217
SE.CLO.15Y.PRF.R.PS.2015.F,-1.1657448017051335,-1.2420390299973305,1.1657448017051335,1.2420390299973305
SE.CLO.15Y.PRF.R.PS.2015.M,-1.2045425344760001,-1.2045425344759986,1.2045425344760001,1.2045425344759986
SE.CLO.15Y.PRF.R.PS.2015.R,-0.6013935790345674,-0.6013935790345665,0.6013935790345674,0.6013935790345665
SE.CLO.15Y.PRF.R.PS.2015.U,-1.4499625814723207,-1.273594456617811,1.4499625814723207,1.273594456617811
SE.CLO.15Y.PRF.R.PS.2018.1,-0.5428308079986383,-0.5428308079986381,0.5428308079986383,0.5428308079986381
SE.CLO.15Y.PRF.R.PS.2018.2,-0.9173538241356227,-0.9173538241356203,0.9173538241356227,0.9173538241356203
SE.CLO.15Y.PRF.R.PS.2018.3,-1.0299692762420585,-0.9619836837357658,1.0299692762420585,0.9619836837357658
SE.CLO.15Y.PRF.R.PS.2018.4,-1.4285312737449463,-1.5043291875061544,1.4285312737449463,1.5043291875061544
SE.CLO.15Y.PRF.R.PS.2018.5,-1.239412896104982,-1.0640939175597948,1.239412896104982,1.0640939175597948
SE.CLO.15Y.PRF.R.PS.2018.A,-1.058182055349403,-1.0581820553494001,1.058182055349403,1.0581820553494001
SE.CLO.15Y.PRF.R.PS.2018.F,-1.304085516621051,-1.2496103988681606,1.304085516621051,1.2496103988681606
SE.CLO.15Y.PRF.R.PS.2018.M,-1.1685299645408556,-1.1685299645408609,1.1685299645408556,1.1685299645408609
SE.CLO.15Y.PRF.R.PS.2018.R,0.07851529751411446,0.07851529751411541,0.07851529751411446,0.07851529751411541
SE.CLO.15Y.PRF.R.PS.2018.U,-0.9427371602646705,-0.9427371602646678,0.9427371602646705,0.9427371602646678
SE.CLO.15Y.PRF.R.PSD.2017.1,-0.31224792102418947,-0.31224792102418947,0.31224792102418947,0.31224792102418947
SE.CLO.15Y.PRF.R.PSD.2017.2,-0.506493028456767,-0.506493028456767,0.506493028456767,0.506493028456767
SE.CLO.15Y.PRF.R.PSD.2017.3,-0.9610822701911725,-0.9610822701911732,0.9610822701911725,0.9610822701911732
SE.CLO.15Y.PRF.R.PSD.2017.4,-0.74897367883894,-0.7489736788389394,0.74897367883894,0.7489736788389394
SE.CLO.15Y.PRF.R.PSD.2017.5,-1.5818373770094631,-1.5818373770094627,1.5818373770094631,1.5818373770094627
SE.CLO.15Y.PRF.R.PSD.2017.A,-1.3259274929177207,-1.3259274929177203,1.3259274929177207,1.3259274929177203
SE.CLO.15Y.PRF.R.PSD.2017.F,-1.2731894264969987,-1.2731894264969987,1.2731894264969987,1.2731894264969987
SE.CLO.15Y.PRF.R.PSD.2017.M,-1.2858437226201456,-1.2858437226201467,1.2858437226201456,1.2858437226201467
SE.CLO.15Y.PRF.R.PSD.2017.R,0.8074332615399772,0.8074332615399763,0.8074332615399772,0.8074332615399763
SE.CLO.15Y.PRF.R.PSD.2017.U,-1.1950531996891303,-1.1950531996891303,1.1950531996891303,1.1950531996891303
SE.CLO.15Y.PRF.S.PS.2000.1,-0.2731362527125791,-0.07888658546339633,0.2731362527125791,0.07888658546339633
SE.CLO.15Y.PRF.S.PS.2000.2,-0.8698137951371598,-0.4593712898309742,0.8698137951371598,0.4593712898309742
SE.CLO.15Y.PRF.S.PS.2000.3,-1.061410020509343,-1.0209687688867937,1.061410020509343,1.0209687688867937
SE.CLO.15Y.PRF.S.PS.2000.4,-1.135576057397294,-0.9070318671221462,1.135576057397294,0.9070318671221462
SE.CLO.15Y.PRF.S.PS.2000.5,-1.0682752842346785,-1.0244831526532105,1.0682752842346785,1.0244831526532105
SE.CLO.15Y.PRF.S.PS.2000.A,-0.9170541296035365,-0.7852680680295956,0.9170541296035365,0.7852680680295956
SE.CLO.15Y.PRF.S.PS.2000.F,-0.9238515802538906,-0.8279695232079237,0.9238515802538906,0.8279695232079237
SE.CLO.15Y.PRF.S.PS.2000.M,-1.046610108208299,-0.9309820489421076,1.046610108208299,0.9309820489421076
SE.CLO.15Y.PRF.S.PS.2000.R,-0.4856089538734706,-0.4856089538734717,0.4856089538734706,0.4856089538734717
SE.CLO.15Y.PRF.S.PS.2000.U,-0.8783907529283655,-0.8784644082655589,0.8783907529283655,0.8784644082655589
SE.CLO.15Y.PRF.S.PS.2006.1,-1.304013163871614,-1.3040131638716161,1.304013163871614,1.3040131638716161
SE.CLO.15Y.PRF.S.PS.2006.2,-1.4080913465539602,-1.3646045757599512,1.4080913465539602,1.3646045757599512
SE.CLO.15Y.PRF.S.PS.2006.3,-1.4350856730637032,-1.3978418433506448,1.4350856730637032,1.3978418433506448
SE.CLO.15Y.PRF.S.PS.2006.4,-1.4517864104835312,-1.3380058756410105,1.4517864104835312,1.3380058756410105
SE.CLO.15Y.PRF.S.PS.2006.5,-1.3412415127674513,-1.3850686029473438,1.3412415127674513,1.3850686029473438
SE.CLO.15Y.PRF.S.PS.2006.A,-1.3374706785301094,-1.3101343066417774,1.3374706785301094,1.3101343066417774
SE.CLO.15Y.PRF.S.PS.2006.F,-1.3445750967587822,-1.3025166748378014,1.3445750967587822,1.3025166748378014
SE.CLO.15Y.PRF.S.PS.2006.M,-1.2430358354907698,-1.243035835490767,1.2430358354907698,1.243035835490767
SE.CLO.15Y.PRF.S.PS.2006.R,-1.343823766362651,-1.3438237663626493,1.343823766362651,1.3438237663626493
SE.CLO.15Y.PRF.S.PS.2006.U,-1.3800161465087786,-1.2979923487900735,1.3800161465087786,1.2979923487900735
SE.CLO.15Y.PRF.S.PS.2009.1,-1.2224697990364957,-1.2224697990364932,1.2224697990364957,1.2224697990364932
SE.CLO.15Y.PRF.S.PS.2009.2,-1.508416599937032,-1.508416599937033,1.508416599937032,1.508416599937033
SE.CLO.15Y.PRF.S.PS.2009.3,-1.7715954569494736,-1.7715954569494767,1.7715954569494736,1.7715954569494767
SE.CLO.15Y.PRF.S.PS.2009.4,-1.588147492573503,-1.5881474925735,1.588147492573503,1.5881474925735
SE.CLO.15Y.PRF.S.PS.2009.5,-1.4586356293465121,-1.3447615338640586,1.4586356293465121,1.3447615338640586
SE.CLO.15Y.PRF.S.PS.2009.A,-1.5645121361994916,-1.5645121361994945,1.5645121361994916,1.5645121361994945
SE.CLO.15Y.PRF.S.PS.2009.F,-1.4587676179531004,-1.4587676179531002,1.4587676179531004,1.4587676179531002
SE.CLO.15Y.PRF.S.PS.2009.M,-1.5487338459980606,-1.548733845998055,1.5487338459980606,1.548733845998055
SE.CLO.15Y.PRF.S.PS.2009.R,-1.373466565692116,-1.3734665656921186,1.373466565692116,1.3734665656921186
SE.CLO.15Y.PRF.S.PS.2009.U,-1.5182215872074614,-1.5182215872074614,1.5182215872074614,1.5182215872074614
SE.CLO.15Y.PRF.S.PS.2012.1,-0.9256381149358169,-0.9256381149358158,0.9256381149358169,0.9256381149358158
SE.CLO.15Y.PRF.S.PS.2012.2,-1.2424445688930996,-1.1752608325677636,1.2424445688930996,1.1752608325677636
SE.CLO.15Y.PRF.S.PS.2012.3,-1.348262911986412,-1.3482629119864125,1.348262911986412,1.3482629119864125
SE.CLO.15Y.PRF.S.PS.2012.4,-1.4934468216246874,-1.446998280985469,1.4934468216246874,1.446998280985469
SE.CLO.15Y.PRF.S.PS.2012.5,-1.3782681727499173,-1.143452069374313,1.3782681727499173,1.143452069374313
SE.CLO.15Y.PRF.S.PS.2012.A,-1.3623285381631656,-1.3019467545970558,1.3623285381631656,1.3019467545970558
SE.CLO.15Y.PRF.S.PS.2012.F,-1.314383073401286,-1.241802951706046,1.314383073401286,1.241802951706046
SE.CLO.15Y.PRF.S.PS.2012.M,-1.313194585118945,-1.3131945851189482,1.313194585118945,1.3131945851189482
SE.CLO.15Y.PRF.S.PS.2012.R,-1.2675725955542727,-1.2675725955542734,1.2675725955542727,1.2675725955542734
SE.CLO.15Y.PRF.S.PS.2012.U,-1.367248976428288,-1.367248976428285,1.367248976428288,1.367248976428285
SE.CLO.15Y.PRF.S.PS.2015.1,-1.0200711853159345,-1.020071185315937,1.0200711853159345,1.020071185315937
SE.CLO.15Y.PRF.S.PS.2015.2,-1.37749013664996,-1.3301530910016164,1.37749013664996,1.3301530910016164
SE.CLO.15Y.PRF.S.PS.2015.3,-1.227787008595231,-1.172171820322559,1.227787008595231,1.172171820322559
SE.CLO.15Y.PRF.S.PS.2015.4,-1.4686086853052058,-1.4354792338056295,1.4686086853052058,1.4354792338056295
SE.CLO.15Y.PRF.S.PS.2015.5,-1.2872113238137488,-1.2869742875172483,1.2872113238137488,1.2869742875172483
SE.CLO.15Y.PRF.S.PS.2015.A,-1.1281304150222278,-1.1578793254925823,1.1281304150222278,1.1578793254925823
SE.CLO.15Y.PRF.S.PS.2015.F,-1.0217631631913189,-0.995977761560371,1.0217631631913189,0.995977761560371
SE.CLO.15Y.PRF.S.PS.2015.M,-1.1217558166474473,-1.1217558166474502,1.1217558166474473,1.1217558166474502
SE.CLO.15Y.PRF.S.PS.2015.R,-0.7055332794440645,-0.7055332794440644,0.7055332794440645,0.7055332794440644
SE.CLO.15Y.PRF.S.PS.2015.U,-1.0931163808094173,-1.0234710013603399,1.0931163808094173,1.0234710013603399
SE.CLO.15Y.PRF.S.PS.2018.1,-0.43230321435087354,-0.43230321435087354,0.43230321435087354,0.43230321435087354
SE.CLO.15Y.PRF.S.PS.2018.2,-0.9239395909166864,-0.9239395909166866,0.9239395909166864,0.9239395909166866
SE.CLO.15Y.PRF.S.PS.2018.3,-1.1266055718597512,-1.126605571859751,1.1266055718597512,1.126605571859751
SE.CLO.15Y.PRF.S.PS.2018.4,-1.16334879175513,-1.1104063497864485,1.16334879175513,1.1104063497864485
SE.CLO.15Y.PRF.S.PS.2018.5,-1.1135725607019833,-1.0905223864394489,1.1135725607019833,1.0905223864394489
SE.CLO.15Y.PRF.S.PS.2018.A,-1.2823167200158467,-1.2790826108841402,1.2823167200158467,1.2790826108841402
SE.CLO.15Y.PRF.S.PS.2018.F,-1.1556758558175282,-1.0998585172295376,1.1556758558175282,1.0998585172295376
SE.CLO.15Y.PRF.S.PS.2018.M,-1.3544912055130391,-1.3544912055130391,1.3544912055130391,1.3544912055130391
SE.CLO.15Y.PRF.S.PS.2018.R,-0.418638323728271,-0.418638323728271,0.418638323728271,0.418638323728271
SE.CLO.15Y.PRF.S.PS.2018.U,-1.1406267114189772,-1.266907528537722,1.1406267114189772,1.266907528537722
SE.CLO.15Y.PRF.S.PSD.2017.1,0.13948124708716728,0.1394812470871673,0.13948124708716728,0.1394812470871673
SE.CLO.15Y.PRF.S.PSD.2017.2,-0.06038445795762579,-0.06038445795762579,0.06038445795762579,0.06038445795762579
SE.CLO.15Y.PRF.S.PSD.2017.3,-0.5176672351444446,-0.5176672351444446,0.5176672351444446,0.5176672351444446
SE.CLO.15Y.PRF.S.PSD.2017.4,-0.6031292034777447,-0.6031292034777448,0.6031292034777447,0.6031292034777448
SE.CLO.15Y.PRF.S.PSD.2017.5,-1.474054254372544,-1.474054254372544,1.474054254372544,1.474054254372544
SE.CLO.15Y.PRF.S.PSD.2017.A,-1.0887434678699806,-1.0887434678699808,1.0887434678699806,1.0887434678699808
SE.CLO.15Y.PRF.S.PSD.2017.F,-1.1287852893344055,-1.1287852893344057,1.1287852893344055,1.1287852893344057
SE.CLO.15Y.PRF.S.PSD.2017.M,-1.0337824764204269,-1.0337824764204269,1.0337824764204269,1.0337824764204269
SE.CLO.15Y.PRF.S.PSD.2017.R,1.0324115316608589,1.8944131388530956,1.0324115316608589,1.8944131388530956
SE.CLO.15Y.PRF.S.PSD.2017.U,-1.3411306541063694,-1.341130654106371,1.3411306541063694,1.341130654106371
SE.CLO.2.LDGAP.M.PSC.2014.A,-0.07953011854397711,-0.4496895179418586,0.07953011854397711,0.4496895179418586
SE.CLO.2.LDGAP.M.PSC.2014.F,-0.514206666924829,-0.6291736058959083,0.514206666924829,0.6291736058959083
SE.CLO.2.LDGAP.M.PSC.2014.M,-0.019903802123472796,-0.019903802123472793,0.019903802123472796,0.019903802123472793
SE.CLO.2.LDGAP.M.PSC.2014.R,-0.128548600546137,-0.6322050845781904,0.128548600546137,0.6322050845781904
SE.CLO.2.LDGAP.M.PSC.2014.U,0.09105988319054979,0.09105988319055205,0.09105988319054979,0.09105988319055205
SE.CLO.2.LDGAP.M.PSC.2019.A,0.35574379889707963,0.3557437988970796,0.35574379889707963,0.3557437988970796
SE.CLO.2.LDGAP.M.PSC.2019.F,0.48868937575899973,0.4886893757590009,0.48868937575899973,0.4886893757590009
SE.CLO.2.LDGAP.M.PSC.2019.M,0.10855159671650323,0.10855159671650431,0.10855159671650323,0.10855159671650431
SE.CLO.2.LDGAP.M.PSC.2019.R,-0.4507583438601796,-0.45075834386017744,0.4507583438601796,0.45075834386017744
SE.CLO.2.LDGAP.M.PSC.2019.U,0.3093311158982757,0.30933111589827267,0.3093311158982757,0.30933111589827267
SE.CLO.2.LDGAP.R.PSC.2014.A,0.6593126990568006,1.8181759959881314,0.6593126990568006,1.8181759959881314
SE.CLO.2.LDGAP.R.PSC.2014.F,0.36591225693195883,1.3474266595162703,0.36591225693195883,1.3474266595162703
SE.CLO.2.LDGAP.R.PSC.2014.M,0.9679908155129711,0.8070030502871459,0.9679908155129711,0.8070030502871459
SE.CLO.2.LDGAP.R.PSC.2014.R,0.3672612924730787,1.557951675507529,0.3672612924730787,1.557951675507529
SE.CLO.2.LDGAP.R.PSC.2014.U,0.5429911633899459,0.5429911633899447,0.5429911633899459,0.5429911633899447
SE.CLO.2.LDGAP.R.PSC.2019.A,0.22264715081688263,0.2226471508168826,0.22264715081688263,0.2226471508168826
SE.CLO.2.LDGAP.R.PSC.2019.F,0.10064665659153811,0.10064665659153813,0.10064665659153811,0.10064665659153813
SE.CLO.2.LDGAP.R.PSC.2019.M,0.6779996175172339,0.6779996175172318,0.6779996175172339,0.6779996175172318
SE.CLO.2.LDGAP.R.PSC.2019.R,0.6161465284260491,0.6161465284260491,0.6161465284260491,0.6161465284260491
SE.CLO.2.LDGAP.R.PSC.2019.U,0.09754697670160772,0.09754697670160478,0.09754697670160772,0.09754697670160478
SE.CLO.2.LDSEV.M.PSC.2014.A,0.520446674950905,0.5204466749509049,0.520446674950905,0.5204466749509049
SE.CLO.2.LDSEV.M.PSC.2014.F,0.08042668396274112,0.08042668396274241,0.08042668396274112,0.08042668396274241
SE.CLO.2.LDSEV.M.PSC.2014.M,-0.03347191028016173,-0.03347191028016173,0.03347191028016173,0.03347191028016173
SE.CLO.2.LDSEV.M.PSC.2014.R,0.4667819940652415,0.4667819940652416,0.4667819940652415,0.4667819940652416
SE.CLO.2.LDSEV.M.PSC.2014.U,0.6811111604813977,0.0179673586800552,0.6811111604813977,0.0179673586800552
SE.CLO.2.LDSEV.M.PSC.2019.A,0.7150472780323138,0.14563489482512845,0.7150472780323138,0.14563489482512845
SE.CLO.2.LDSEV.M.PSC.2019.F,0.7109913232982025,0.16453431872408947,0.7109913232982025,0.16453431872408947
SE.CLO.2.LDSEV.M.PSC.2019.M,0.7237091738963669,0.1423175872580058,0.7237091738963669,0.1423175872580058
SE.CLO.2.LDSEV.M.PSC.2019.R,0.07374803173441215,-0.6780516572741255,0.07374803173441215,0.6780516572741255
SE.CLO.2.LDSEV.M.PSC.2019.U,0.9179954057110853,0.9179954057110841,0.9179954057110853,0.9179954057110841
SE.CLO.2.LDSEV.R.PSC.2014.A,0.6052888441820077,1.0082131814177955,0.6052888441820077,1.0082131814177955
SE.CLO.2.LDSEV.R.PSC.2014.F,0.7303992808821795,0.0402077586272962,0.7303992808821795,0.0402077586272962
SE.CLO.2.LDSEV.R.PSC.2014.M,1.1585127255254124,0.6592722397835337,1.1585127255254124,0.6592722397835337
SE.CLO.2.LDSEV.R.PSC.2014.R,0.9438728346507673,0.9438728346507672,0.9438728346507673,0.9438728346507672
SE.CLO.2.LDSEV.R.PSC.2014.U,0.6428170355312977,-0.294101580787353,0.6428170355312977,0.294101580787353
SE.CLO.2.LDSEV.R.PSC.2019.A,0.8278755329733887,0.8278755329733876,0.8278755329733887,0.8278755329733876
SE.CLO.2.LDSEV.R.PSC.2019.F,0.5988743251670614,0.5988743251670624,0.5988743251670614,0.5988743251670624
SE.CLO.2.LDSEV.R.PSC.2019.M,1.2741346196103318,1.2741346196103318,1.2741346196103318,1.2741346196103318
SE.CLO.2.LDSEV.R.PSC.2019.R,1.0119789820320064,1.0119789820320055,1.0119789820320064,1.0119789820320055
SE.CLO.2.LDSEV.R.PSC.2019.U,0.5186231196173791,-0.07330880792931256,0.5186231196173791,0.07330880792931256
SE.CLO.2.PRF.M.PSC.2014.A,0.5608773226797489,0.5608773226797489,0.5608773226797489,0.5608773226797489
SE.CLO.2.PRF.M.PSC.2014.F,1.3720714112482582,1.3720714112482593,1.3720714112482582,1.3720714112482593
SE.CLO.2.PRF.M.PSC.2014.M,-0.7353277336038738,-0.7353277336038738,0.7353277336038738,0.7353277336038738
SE.CLO.2.PRF.M.PSC.2014.R,0.6886604020398042,0.6886604020398043,0.6886604020398042,0.6886604020398043
SE.CLO.2.PRF.M.PSC.2014.U,0.09707089913876119,0.09707089913876119,0.09707089913876119,0.09707089913876119
SE.CLO.2.PRF.M.PSC.2019.A,0.7819006012557475,0.7819006012557475,0.7819006012557475,0.7819006012557475
SE.CLO.2.PRF.M.PSC.2019.F,0.7425153237772181,0.7425153237772216,0.7425153237772181,0.7425153237772216
SE.CLO.2.PRF.M.PSC.2019.M,0.6087852045843283,0.6087852045843286,0.6087852045843283,0.6087852045843286
SE.CLO.2.PRF.M.PSC.2019.R,0.7156260994441098,0.7156260994441063,0.7156260994441098,0.7156260994441063
SE.CLO.2.PRF.M.PSC.2019.U,1.0931684959981234,1.0931684959981227,1.0931684959981234,1.0931684959981227
SE.CLO.2.PRF.R.PSC.2014.A,1.2076647472982085,0.7107185648954519,1.2076647472982085,0.7107185648954519
SE.CLO.2.PRF.R.PSC.2014.F,1.2878310726147892,0.8466813115544474,1.2878310726147892,0.8466813115544474
SE.CLO.2.PRF.R.PSC.2014.M,1.1352978072485145,0.5881257710007564,1.1352978072485145,0.5881257710007564
SE.CLO.2.PRF.R.PSC.2014.R,1.0209981952858636,0.3559157394170785,1.0209981952858636,0.3559157394170785
SE.CLO.2.PRF.R.PSC.2014.U,0.48076759204741276,0.48076759204741276,0.48076759204741276,0.48076759204741276
SE.CLO.2.PRF.R.PSC.2019.A,0.8429893047790643,0.8429893047790644,0.8429893047790643,0.8429893047790644
SE.CLO.2.PRF.R.PSC.2019.F,0.8156521035815703,0.8156521035815704,0.8156521035815703,0.8156521035815704
SE.CLO.2.PRF.R.PSC.2019.M,0.5374945752274966,0.5374945752274998,0.5374945752274966,0.5374945752274998
SE.CLO.2.PRF.R.PSC.2019.R,0.14811599270558184,-0.4040601474074248,0.14811599270558184,0.4040601474074248
SE.CLO.2.PRF.R.PSC.2019.U,0.7763803997921953,0.7763803997921955,0.7763803997921953,0.7763803997921955
SE.CLO.3.LDGAP.R.PRL.2001.1,2.1213203435596424,2.1213203435596424,2.1213203435596424,2.1213203435596424
SE.CLO.3.LDGAP.R.PRL.2001.2,2.1213203435596464,2.1213203435596464,2.1213203435596464,2.1213203435596464
SE.CLO.3.LDGAP.R.PRL.2001.3,2.1213203435596437,2.1213203435596437,2.1213203435596437,2.1213203435596437
SE.CLO.3.LDGAP.R.PRL.2001.4,2.1213203435596415,2.1213203435596415,2.1213203435596415,2.1213203435596415
SE.CLO.3.LDGAP.R.PRL.2001.5,2.1213203435596424,2.1213203435596424,2.1213203435596424,2.1213203435596424
SE.CLO.3.LDGAP.R.PRL.2001.A,2.1213203435596455,2.1213203435596455,2.1213203435596455,2.1213203435596455
SE.CLO.3.LDGAP.R.PRL.2001.F,2.121320343559638,2.121320343559638,2.121320343559638,2.121320343559638
SE.CLO.3.LDGAP.R.PRL.2001.M,2.1213203435596424,2.1213203435596424,2.1213203435596424,2.1213203435596424
SE.CLO.3.LDGAP.R.PRL.2001.R,2.1213203435596406,2.1213203435596406,2.1213203435596406,2.1213203435596406
SE.CLO.3.LDGAP.R.PRL.2001.U,2.1213203435596424,2.1213203435596424,2.1213203435596424,2.1213203435596424
SE.CLO.3.LDGAP.R.PRL.2016.1,0.0,0.0,0.0,0.0
SE.CLO.3.LDGAP.R.PRL.2016.2,0.0,0.0,0.0,0.0
SE.CLO.3.LDGAP.R.PRL.2016.3,0.0,0.0,0.0,0.0
SE.CLO.3.LDGAP.R.PRL.2016.4,0.0,0.0,0.0,0.0
SE.CLO.3.LDGAP.R.PRL.2016.5,0.0,0.0,0.0,0.0
SE.CLO.3.LDGAP.R.PRL.2016.A,0.0,0.0,0.0,0.0
SE.CLO.3.LDGAP.R.PRL.2016.F,0.0,0.0,0.0,0.0
SE.CLO.3.LDGAP.R.PRL.2016.M,0.0,0.0,0.0,0.0
SE.CLO.3.LDGAP.R.PRL.2016.R,0.0,0.0,0.0,0.0
SE.CLO.3.LDGAP.R.PRL.2016.U,0.0,0.0,0.0,0.0
SE.CLO.3.LDSEV.R.PRL.2001.1,2.1213203435596406,2.1213203435596406,2.1213203435596406,2.1213203435596406
SE.CLO.3.LDSEV.R.PRL.2001.2,2.121320343559645,2.121320343559645,2.121320343559645,2.121320343559645
SE.CLO.3.LDSEV.R.PRL.2001.3,2.121320343559643,2.121320343559643,2.121320343559643,2.121320343559643
SE.CLO.3.LDSEV.R.PRL.2001.4,2.1213203435596433,2.1213203435596433,2.1213203435596433,2.1213203435596433
SE.CLO.3.LDSEV.R.PRL.2001.5,2.1213203435596473,2.1213203435596473,2.1213203435596473,2.1213203435596473
SE.CLO.3.LDSEV.R.PRL.2001.A,2.1213203435596406,2.1213203435596406,2.1213203435596406,2.1213203435596406
SE.CLO.3.LDSEV.R.PRL.2001.F,2.121320343559641,2.121320343559641,2.121320343559641,2.121320343559641
SE.CLO.3.LDSEV.R.PRL.2001.M,2.121320343559641,2.121320343559641,2.121320343559641,2.121320343559641
SE.CLO.3.LDSEV.R.PRL.2001.R,2.121320343559642,2.121320343559642,2.121320343559642,2.121320343559642
SE.CLO.3.LDSEV.R.PRL.2001.U,2.121320343559641,2.121320343559641,2.121320343559641,2.121320343559641
SE.CLO.3.LDSEV.R.PRL.2016.1,0.0,0.0,0.0,0.0
SE.CLO.3.LDSEV.R.PRL.2016.2,0.0,0.0,0.0,0.0
SE.CLO.3.LDSEV.R.PRL.2016.3,0.0,0.0,0.0,0.0
SE.CLO.3.LDSEV.R.PRL.2016.4,0.0,0.0,0.0,0.0
SE.CLO.3.LDSEV.R.PRL.2016.5,0.0,0.0,0.0,0.0
SE.CLO.3.LDSEV.R.PRL.2016.A,0.0,0.0,0.0,0.0
SE.CLO.3.LDSEV.R.PRL.2016.F,0.0,0.0,0.0,0.0
SE.CLO.3.LDSEV.R.PRL.2016.M,0.0,0.0,0.0,0.0
SE.CLO.3.LDSEV.R.PRL.2016.R,0.0,0.0,0.0,0.0
SE.CLO.3.LDSEV.R.PRL.2016.U,0.0,0.0,0.0,0.0
SE.CLO.3.PRF.R.PRL.2001.1,2.1213203435596424,2.1213203435596424,2.1213203435596424,2.1213203435596424
SE.CLO.3.PRF.R.PRL.2001.2,2.1213203435596424,2.1213203435596424,2.1213203435596424,2.1213203435596424
SE.CLO.3.PRF.R.PRL.2001.3,2.1213203435596424,2.1213203435596424,2.1213203435596424,2.1213203435596424
SE.CLO.3.PRF.R.PRL.2001.4,2.12132034355959,2.12132034355959,2.12132034355959,2.12132034355959
SE.CLO.3.PRF.R.PRL.2001.5,2.121320343559643,2.121320343559643,2.121320343559643,2.121320343559643
SE.CLO.3.PRF.R.PRL.2001.A,2.121320343559643,2.121320343559643,2.121320343559643,2.121320343559643
SE.CLO.3.PRF.R.PRL.2001.F,2.1213203435595878,2.1213203435595878,2.1213203435595878,2.1213203435595878
SE.CLO.3.PRF.R.PRL.2001.M,2.121320343559643,2.121320343559643,2.121320343559643,2.121320343559643
SE.CLO.3.PRF.R.PRL.2001.R,2.1213203435596055,2.1213203435596055,2.1213203435596055,2.1213203435596055
SE.CLO.3.PRF.R.PRL.2001.U,2.1213203435594727,2.1213203435594727,2.1213203435594727,2.1213203435594727
SE.CLO.3.PRF.R.PRL.2016.1,0.0,0.0,0.0,0.0
SE.CLO.3.PRF.R.PRL.2016.2,0.0,0.0,0.0,0.0
SE.CLO.3.PRF.R.PRL.2016.3,0.0,0.0,0.0,0.0
SE.CLO.3.PRF.R.PRL.2016.4,0.0,0.0,0.0,0.0
SE.CLO.3.PRF.R.PRL.2016.5,0.0,0.0,0.0,0.0
SE.CLO.3.PRF.R.PRL.2016.A,0.0,0.0,0.0,0.0
SE.CLO.3.PRF.R.PRL.2016.F,0.0,0.0,0.0,0.0
SE.CLO.3.PRF.R.PRL.2016.M,0.0,0.0,0.0,0.0
SE.CLO.3.PRF.R.PRL.2016.R,0.0,0.0,0.0,0.0
SE.CLO.3.PRF.R.PRL.2016.U,0.0,0.0,0.0,0.0
SE.CLO.4.LDGAP.M.TMS.2003.A,0.8760093355616185,1.016374441805096,0.8760093355616185,1.016374441805096
SE.CLO.4.LDGAP.M.TMS.2003.F,0.8923275417845056,0.08290195998056542,0.8923275417845056,0.08290195998056542
SE.CLO.4.LDGAP.M.TMS.2003.M,0.9550583230380808,0.8427882426780433,0.9550583230380808,0.8427882426780433
SE.CLO.4.LDGAP.M.TMS.2003.R,1.5430983827726334,1.367513191985681,1.5430983827726334,1.367513191985681
SE.CLO.4.LDGAP.M.TMS.2003.U,0.7598048733079069,0.7560184603957959,0.7598048733079069,0.7560184603957959
SE.CLO.4.LDGAP.M.TMS.2007.A,1.236753985701289,0.982420614896737,1.236753985701289,0.982420614896737
SE.CLO.4.LDGAP.M.TMS.2007.F,1.2017724382660488,1.154892364268691,1.2017724382660488,1.154892364268691
SE.CLO.4.LDGAP.M.TMS.2007.M,1.3613214466336994,1.0463110758465393,1.3613214466336994,1.0463110758465393
SE.CLO.4.LDGAP.M.TMS.2007.R,1.3243124237171349,1.319858032159684,1.3243124237171349,1.319858032159684
SE.CLO.4.LDGAP.M.TMS.2007.U,1.1162117363652468,0.5740947611942412,1.1162117363652468,0.5740947611942412
SE.CLO.4.LDGAP.M.TMS.2011.1,1.238026935247116,1.238026935247116,1.238026935247116,1.238026935247116
SE.CLO.4.LDGAP.M.TMS.2011.2,1.5355654946370894,1.5355654946370902,1.5355654946370894,1.5355654946370902
SE.CLO.4.LDGAP.M.TMS.2011.3,1.4153104390702558,1.332226852155502,1.4153104390702558,1.332226852155502
SE.CLO.4.LDGAP.M.TMS.2011.4,1.2059267509707423,1.0746476382211705,1.2059267509707423,1.0746476382211705
SE.CLO.4.LDGAP.M.TMS.2011.5,0.7698333403277262,1.1743897654997502,0.7698333403277262,1.1743897654997502
SE.CLO.4.LDGAP.M.TMS.2011.A,0.8791747440118446,0.7573975309012982,0.8791747440118446,0.7573975309012982
SE.CLO.4.LDGAP.M.TMS.2011.F,0.8587901373298311,0.6439374554357373,0.8587901373298311,0.6439374554357373
SE.CLO.4.LDGAP.M.TMS.2011.M,0.9693980370154411,0.8628354576641843,0.9693980370154411,0.8628354576641843
SE.CLO.4.LDGAP.M.TMS.2011.R,0.845056980196345,0.691026599152865,0.845056980196345,0.691026599152865
SE.CLO.4.LDGAP.M.TMS.2011.U,1.1913105461328295,0.9337302349220858,1.1913105461328295,0.9337302349220858
SE.CLO.4.LDGAP.M.TMS.2015.1,1.0601892904041317,0.9001347102022327,1.0601892904041317,0.9001347102022327
SE.CLO.4.LDGAP.M.TMS.2015.2,0.7103569352953963,0.7103569352953989,0.7103569352953963,0.7103569352953989
SE.CLO.4.LDGAP.M.TMS.2015.3,0.8423567116972064,0.8423567116972066,0.8423567116972064,0.8423567116972066
SE.CLO.4.LDGAP.M.TMS.2015.4,1.0776814286758385,1.077681428675841,1.0776814286758385,1.077681428675841
SE.CLO.4.LDGAP.M.TMS.2015.5,0.5928795310043977,0.5928795310043978,0.5928795310043977,0.5928795310043978
SE.CLO.4.LDGAP.M.TMS.2015.A,1.1803235079933405,1.0827843949900022,1.1803235079933405,1.0827843949900022
SE.CLO.4.LDGAP.M.TMS.2015.F,0.8997978543965313,1.048635261172954,0.8997978543965313,1.048635261172954
SE.CLO.4.LDGAP.M.TMS.2015.M,1.1990946669070404,1.123392203305215,1.1990946669070404,1.123392203305215
SE.CLO.4.LDGAP.M.TMS.2015.R,1.3767756295885722,1.2834955028785602,1.3767756295885722,1.2834955028785602
SE.CLO.4.LDGAP.M.TMS.2015.U,0.8017235647169803,0.6697413956423068,0.8017235647169803,0.6697413956423068
SE.CLO.4.LDGAP.M.TMS.2019.1,0.9986644595014721,0.8068972047526253,0.9986644595014721,0.8068972047526253
SE.CLO.4.LDGAP.M.TMS.2019.2,0.4628605675164089,0.46286056751641136,0.4628605675164089,0.46286056751641136
SE.CLO.4.LDGAP.M.TMS.2019.3,0.8347870904211099,0.8586805127990561,0.8347870904211099,0.8586805127990561
SE.CLO.4.LDGAP.M.TMS.2019.4,1.395943216519448,1.1229184950698174,1.395943216519448,1.1229184950698174
SE.CLO.4.LDGAP.M.TMS.2019.5,2.1213203435596424,2.1213203435596424,2.1213203435596424,2.1213203435596424
SE.CLO.4.LDGAP.M.TMS.2019.A,1.1367179600939445,0.9023327763055947,1.1367179600939445,0.9023327763055947
SE.CLO.4.LDGAP.M.TMS.2019.F,0.986848322651459,0.7465587130447092,0.986848322651459,0.7465587130447092
SE.CLO.4.LDGAP.M.TMS.2019.M,1.2929485078711436,1.053755897981011,1.2929485078711436,1.053755897981011
SE.CLO.4.LDGAP.M.TMS.2019.R,0.9032741736163084,1.371001050323503,0.9032741736163084,1.371001050323503
SE.CLO.4.LDGAP.M.TMS.2019.U,0.6740418707409244,0.6287137435260175,0.6740418707409244,0.6287137435260175
SE.CLO.4.LDGAP.R.PRL.2001.1,0.5259961026045605,1.3623754868567521,0.5259961026045605,1.3623754868567521
SE.CLO.4.LDGAP.R.PRL.2001.2,1.0333021218995162,0.9190091115251919,1.0333021218995162,0.9190091115251919
SE.CLO.4.LDGAP.R.PRL.2001.3,0.3773754437853291,0.0988397671035397,0.3773754437853291,0.0988397671035397
SE.CLO.4.LDGAP.R.PRL.2001.4,0.3552844716772252,-0.042812073259759366,0.3552844716772252,0.042812073259759366
SE.CLO.4.LDGAP.R.PRL.2001.5,0.6442168028420585,0.3755653853516766,0.6442168028420585,0.3755653853516766
SE.CLO.4.LDGAP.R.PRL.2001.A,0.8634756961712828,0.4767579068048425,0.8634756961712828,0.4767579068048425
SE.CLO.4.LDGAP.R.PRL.2001.F,0.6807866453824329,0.243230108140223,0.6807866453824329,0.243230108140223
SE.CLO.4.LDGAP.R.PRL.2001.M,0.754828847751213,0.6380352220836064,0.754828847751213,0.6380352220836064
SE.CLO.4.LDGAP.R.PRL.2001.R,0.6705117966738627,0.5976035964060314,0.6705117966738627,0.5976035964060314
SE.CLO.4.LDGAP.R.PRL.2001.U,0.643420044547032,0.48993035586745287,0.643420044547032,0.48993035586745287
SE.CLO.4.LDGAP.R.PRL.2006.1,1.1447669590691143,1.0544376823878063,1.1447669590691143,1.0544376823878063
SE.CLO.4.LDGAP.R.PRL.2006.2,1.2505897746226413,1.067448339592501,1.2505897746226413,1.067448339592501
SE.CLO.4.LDGAP.R.PRL.2006.3,1.1542384115789197,1.0204456657029357,1.1542384115789197,1.0204456657029357
SE.CLO.4.LDGAP.R.PRL.2006.4,1.1576472455718065,1.1728286347741077,1.1576472455718065,1.1728286347741077
SE.CLO.4.LDGAP.R.PRL.2006.5,1.0967285220825518,0.9665836573464563,1.0967285220825518,0.9665836573464563
SE.CLO.4.LDGAP.R.PRL.2006.A,1.2706400529411404,1.1060419697090365,1.2706400529411404,1.1060419697090365
SE.CLO.4.LDGAP.R.PRL.2006.F,1.1514616119526826,1.0212973298238102,1.1514616119526826,1.0212973298238102
SE.CLO.4.LDGAP.R.PRL.2006.M,1.2796816769714752,1.1321368159298493,1.2796816769714752,1.1321368159298493
SE.CLO.4.LDGAP.R.PRL.2006.R,0.5800372636233141,1.0548213310026953,0.5800372636233141,1.0548213310026953
SE.CLO.4.LDGAP.R.PRL.2006.U,1.2724640073483533,1.0279519788504106,1.2724640073483533,1.0279519788504106
SE.CLO.4.LDGAP.R.PRL.2011.1,1.2173992467505534,0.941351714690168,1.2173992467505534,0.941351714690168
SE.CLO.4.LDGAP.R.PRL.2011.2,1.1311272052568166,1.1252585332667193,1.1311272052568166,1.1252585332667193
SE.CLO.4.LDGAP.R.PRL.2011.3,1.153824171581784,0.9472710916838423,1.153824171581784,0.9472710916838423
SE.CLO.4.LDGAP.R.PRL.2011.4,0.7725283415915346,0.5966191243526355,0.7725283415915346,0.5966191243526355
SE.CLO.4.LDGAP.R.PRL.2011.5,0.7347726260091468,0.4877012031046051,0.7347726260091468,0.4877012031046051
SE.CLO.4.LDGAP.R.PRL.2011.A,1.1423799907241239,1.0987697428609924,1.1423799907241239,1.0987697428609924
SE.CLO.4.LDGAP.R.PRL.2011.F,0.9646872785540477,1.01511917771706,0.9646872785540477,1.01511917771706
SE.CLO.4.LDGAP.R.PRL.2011.M,0.9182126244391516,1.2878653522084322,0.9182126244391516,1.2878653522084322
SE.CLO.4.LDGAP.R.PRL.2011.R,1.192384945403634,1.1316817983618173,1.192384945403634,1.1316817983618173
SE.CLO.4.LDGAP.R.PRL.2011.U,1.0025233028456448,0.6379897361342216,1.0025233028456448,0.6379897361342216
SE.CLO.4.LDGAP.R.PRL.2016.1,1.2138879239774523,1.2063921208381134,1.2138879239774523,1.2063921208381134
SE.CLO.4.LDGAP.R.PRL.2016.2,1.3583843879881559,1.3324195977369724,1.3583843879881559,1.3324195977369724
SE.CLO.4.LDGAP.R.PRL.2016.3,0.9158959659256779,0.5652163492607569,0.9158959659256779,0.5652163492607569
SE.CLO.4.LDGAP.R.PRL.2016.4,1.1544508766877601,1.0479203572507527,1.1544508766877601,1.0479203572507527
SE.CLO.4.LDGAP.R.PRL.2016.5,1.0288506094577947,1.0288506094577967,1.0288506094577947,1.0288506094577967
SE.CLO.4.LDGAP.R.PRL.2016.A,1.1146773968069237,0.9275955373150606,1.1146773968069237,0.9275955373150606
SE.CLO.4.LDGAP.R.PRL.2016.F,1.1524286887358994,1.0755577940178183,1.1524286887358994,1.0755577940178183
SE.CLO.4.LDGAP.R.PRL.2016.M,1.196246883414685,1.1135150941428198,1.196246883414685,1.1135150941428198
SE.CLO.4.LDGAP.R.PRL.2016.R,1.2068180890366527,1.0422203448841707,1.2068180890366527,1.0422203448841707
SE.CLO.4.LDGAP.R.PRL.2016.U,1.1288688434671845,0.9756513028788016,1.1288688434671845,0.9756513028788016
SE.CLO.4.LDGAP.S.TMS.2003.A,1.2047991033313858,0.3136345419943405,1.2047991033313858,0.3136345419943405
SE.CLO.4.LDGAP.S.TMS.2003.F,1.06605503723082,-0.005921279772696345,1.06605503723082,0.005921279772696345
SE.CLO.4.LDGAP.S.TMS.2003.M,1.3013453531617283,0.4670290199962496,1.3013453531617283,0.4670290199962496
SE.CLO.4.LDGAP.S.TMS.2003.R,1.545943030441941,1.1511697361177171,1.545943030441941,1.1511697361177171
SE.CLO.4.LDGAP.S.TMS.2003.U,1.2497761965660807,0.35236494361059506,1.2497761965660807,0.35236494361059506
SE.CLO.4.LDGAP.S.TMS.2007.A,1.2124978471197103,1.2946912306700584,1.2124978471197103,1.2946912306700584
SE.CLO.4.LDGAP.S.TMS.2007.F,1.2227513429955397,1.0467682265110227,1.2227513429955397,1.0467682265110227
SE.CLO.4.LDGAP.S.TMS.2007.M,1.2173058177125167,0.9896487735438125,1.2173058177125167,0.9896487735438125
SE.CLO.4.LDGAP.S.TMS.2007.R,0.8500354742559438,0.772501684880992,0.8500354742559438,0.772501684880992
SE.CLO.4.LDGAP.S.TMS.2007.U,1.132414056002912,1.0399047069606258,1.132414056002912,1.0399047069606258
SE.CLO.4.LDGAP.S.TMS.2011.1,1.3917845783953804,1.054405483078039,1.3917845783953804,1.054405483078039
SE.CLO.4.LDGAP.S.TMS.2011.2,1.0818913934818777,0.9458997752504492,1.0818913934818777,0.9458997752504492
SE.CLO.4.LDGAP.S.TMS.2011.3,1.3781956507535846,1.3815151450565022,1.3781956507535846,1.3815151450565022
SE.CLO.4.LDGAP.S.TMS.2011.4,1.0832317255170703,0.7566640178188736,1.0832317255170703,0.7566640178188736
SE.CLO.4.LDGAP.S.TMS.2011.5,0.9198680577757716,0.663197092171178,0.9198680577757716,0.663197092171178
SE.CLO.4.LDGAP.S.TMS.2011.A,1.1530908429587974,1.049609249664566,1.1530908429587974,1.049609249664566
SE.CLO.4.LDGAP.S.TMS.2011.F,1.1016946140349468,0.9317120081081358,1.1016946140349468,0.9317120081081358
SE.CLO.4.LDGAP.S.TMS.2011.M,1.1340130590525046,0.9552273896889838,1.1340130590525046,0.9552273896889838
SE.CLO.4.LDGAP.S.TMS.2011.R,1.1130639394600417,1.1281765865260909,1.1130639394600417,1.1281765865260909
SE.CLO.4.LDGAP.S.TMS.2011.U,1.1486111562339834,0.7258399925895942,1.1486111562339834,0.7258399925895942
SE.CLO.4.LDGAP.S.TMS.2015.1,1.338687303736247,1.374131716240264,1.338687303736247,1.374131716240264
SE.CLO.4.LDGAP.S.TMS.2015.2,1.437350883657036,1.4373508836570357,1.437350883657036,1.4373508836570357
SE.CLO.4.LDGAP.S.TMS.2015.3,1.151604342903091,0.5729671231908091,1.151604342903091,0.5729671231908091
SE.CLO.4.LDGAP.S.TMS.2015.4,1.4166825602871063,1.373974126019493,1.4166825602871063,1.373974126019493
SE.CLO.4.LDGAP.S.TMS.2015.5,0.9217749048066621,0.9217749048066621,0.9217749048066621,0.9217749048066621
SE.CLO.4.LDGAP.S.TMS.2015.A,1.2867830162609153,1.23685967130607,1.2867830162609153,1.23685967130607
SE.CLO.4.LDGAP.S.TMS.2015.F,1.2614463028664735,1.1065492773756866,1.2614463028664735,1.1065492773756866
SE.CLO.4.LDGAP.S.TMS.2015.M,1.355167580812124,1.2355265810344294,1.355167580812124,1.2355265810344294
SE.CLO.4.LDGAP.S.TMS.2015.R,1.5447640288825106,1.42343972686761,1.5447640288825106,1.42343972686761
SE.CLO.4.LDGAP.S.TMS.2015.U,1.1042101425237982,0.8971172340257885,1.1042101425237982,0.8971172340257885
SE.CLO.4.LDGAP.S.TMS.2019.1,0.7774428884371382,0.5339402287348443,0.7774428884371382,0.5339402287348443
SE.CLO.4.LDGAP.S.TMS.2019.2,0.5817410766610206,0.5817410766610206,0.5817410766610206,0.5817410766610206
SE.CLO.4.LDGAP.S.TMS.2019.3,0.9323705844920235,-0.2607329994467203,0.9323705844920235,0.2607329994467203
SE.CLO.4.LDGAP.S.TMS.2019.4,1.1928789573719938,1.4386604543895016,1.1928789573719938,1.4386604543895016
SE.CLO.4.LDGAP.S.TMS.2019.5,2.121320343559643,2.121320343559643,2.121320343559643,2.121320343559643
SE.CLO.4.LDGAP.S.TMS.2019.A,1.0897203973734468,1.027468610385475,1.0897203973734468,1.027468610385475
SE.CLO.4.LDGAP.S.TMS.2019.F,1.1149549834762238,1.1172312737526027,1.1149549834762238,1.1172312737526027
SE.CLO.4.LDGAP.S.TMS.2019.M,0.9493691323003054,0.7740473357299572,0.9493691323003054,0.7740473357299572
SE.CLO.4.LDGAP.S.TMS.2019.R,0.97500707226019,0.8845987613741896,0.97500707226019,0.8845987613741896
SE.CLO.4.LDGAP.S.TMS.2019.U,0.8028810978546795,0.8009126086916319,0.8028810978546795,0.8009126086916319
SE.CLO.4.LDSEV.M.TMS.2003.A,1.0655747678769045,1.2722662374405687,1.0655747678769045,1.2722662374405687
SE.CLO.4.LDSEV.M.TMS.2003.F,1.054388612456433,0.18313710447314568,1.054388612456433,0.18313710447314568
SE.CLO.4.LDSEV.M.TMS.2003.M,1.1083811307051028,1.2867864081390252,1.1083811307051028,1.2867864081390252
SE.CLO.4.LDSEV.M.TMS.2003.R,1.569343455677043,1.4861732385795525,1.569343455677043,1.4861732385795525
SE.CLO.4.LDSEV.M.TMS.2003.U,1.0077043580871898,1.1520156112335675,1.0077043580871898,1.1520156112335675
SE.CLO.4.LDSEV.M.TMS.2007.A,1.228968973748831,1.3016742965207249,1.228968973748831,1.3016742965207249
SE.CLO.4.LDSEV.M.TMS.2007.F,1.1806737737707436,1.141329703652204,1.1806737737707436,1.141329703652204
SE.CLO.4.LDSEV.M.TMS.2007.M,1.3549747316822562,1.1337354538638071,1.3549747316822562,1.1337354538638071
SE.CLO.4.LDSEV.M.TMS.2007.R,1.4553183227003292,1.5662264513255326,1.4553183227003292,1.5662264513255326
SE.CLO.4.LDSEV.M.TMS.2007.U,1.2026376084142618,0.899372466268231,1.2026376084142618,0.899372466268231
SE.CLO.4.LDSEV.M.TMS.2011.1,1.42880469798722,1.321899123281215,1.42880469798722,1.321899123281215
SE.CLO.4.LDSEV.M.TMS.2011.2,1.548225106115905,1.4961318024467378,1.548225106115905,1.4961318024467378
SE.CLO.4.LDSEV.M.TMS.2011.3,1.5364613191557552,1.5676904583928222,1.5364613191557552,1.5676904583928222
SE.CLO.4.LDSEV.M.TMS.2011.4,1.338915912854757,1.275875936997396,1.338915912854757,1.275875936997396
SE.CLO.4.LDSEV.M.TMS.2011.5,1.144597256264121,1.5869252006271102,1.144597256264121,1.5869252006271102
SE.CLO.4.LDSEV.M.TMS.2011.A,1.1150478221574103,1.3854245329938821,1.1150478221574103,1.3854245329938821
SE.CLO.4.LDSEV.M.TMS.2011.F,1.0498821602749306,0.9879428918333835,1.0498821602749306,0.9879428918333835
SE.CLO.4.LDSEV.M.TMS.2011.M,1.1321261440348973,1.582197239444316,1.1321261440348973,1.582197239444316
SE.CLO.4.LDSEV.M.TMS.2011.R,1.1131744121151437,0.9243854358400743,1.1131744121151437,0.9243854358400743
SE.CLO.4.LDSEV.M.TMS.2011.U,1.115143773167864,1.2906693272908785,1.115143773167864,1.2906693272908785
SE.CLO.4.LDSEV.M.TMS.2015.1,1.2907284802644885,1.134196050468166,1.2907284802644885,1.134196050468166
SE.CLO.4.LDSEV.M.TMS.2015.2,1.2275367679385023,1.2654035080066093,1.2275367679385023,1.2654035080066093
SE.CLO.4.LDSEV.M.TMS.2015.3,1.0170041956873155,1.145831437504448,1.0170041956873155,1.145831437504448
SE.CLO.4.LDSEV.M.TMS.2015.4,1.3976995770123632,0.9280788288025698,1.3976995770123632,0.9280788288025698
SE.CLO.4.LDSEV.M.TMS.2015.5,0.96491569797735,0.9649156979773512,0.96491569797735,0.9649156979773512
SE.CLO.4.LDSEV.M.TMS.2015.A,1.3995629630329232,1.3651607918678512,1.3995629630329232,1.3651607918678512
SE.CLO.4.LDSEV.M.TMS.2015.F,1.1531800082403332,1.0942004427317034,1.1531800082403332,1.0942004427317034
SE.CLO.4.LDSEV.M.TMS.2015.M,1.4035993414734298,1.4134218187835113,1.4035993414734298,1.4134218187835113
SE.CLO.4.LDSEV.M.TMS.2015.R,1.471456328951709,1.463752607747013,1.471456328951709,1.463752607747013
SE.CLO.4.LDSEV.M.TMS.2015.U,1.2401158360100055,1.3379511542226825,1.2401158360100055,1.3379511542226825
SE.CLO.4.LDSEV.M.TMS.2019.1,1.3508905774915134,1.2944663520603015,1.3508905774915134,1.2944663520603015
SE.CLO.4.LDSEV.M.TMS.2019.2,0.7198417171791134,0.7198417171791142,0.7198417171791134,0.7198417171791142
SE.CLO.4.LDSEV.M.TMS.2019.3,1.018157491296586,1.2636484063682225,1.018157491296586,1.2636484063682225
SE.CLO.4.LDSEV.M.TMS.2019.4,1.3202031693274618,0.8019942938472159,1.3202031693274618,0.8019942938472159
SE.CLO.4.LDSEV.M.TMS.2019.5,2.121320343559643,2.121320343559643,2.121320343559643,2.121320343559643
SE.CLO.4.LDSEV.M.TMS.2019.A,1.1883107838278952,1.1062727882596473,1.1883107838278952,1.1062727882596473
SE.CLO.4.LDSEV.M.TMS.2019.F,1.17840599984826,0.9920517971572359,1.17840599984826,0.9920517971572359
SE.CLO.4.LDSEV.M.TMS.2019.M,1.299065884024134,1.30073220152319,1.299065884024134,1.30073220152319
SE.CLO.4.LDSEV.M.TMS.2019.R,0.8926911257947562,1.448758822636442,0.8926911257947562,1.448758822636442
SE.CLO.4.LDSEV.M.TMS.2019.U,0.9764484387593839,0.8407852166773194,0.9764484387593839,0.8407852166773194
SE.CLO.4.LDSEV.R.PRL.2001.1,0.804994406188225,1.6712313715557179,0.804994406188225,1.6712313715557179
SE.CLO.4.LDSEV.R.PRL.2001.2,1.1075776713042833,1.178834246108155,1.1075776713042833,1.178834246108155
SE.CLO.4.LDSEV.R.PRL.2001.3,0.7167717811506686,0.36786073817711296,0.7167717811506686,0.36786073817711296
SE.CLO.4.LDSEV.R.PRL.2001.4,0.5688147810146569,0.6480027080731876,0.5688147810146569,0.6480027080731876
SE.CLO.4.LDSEV.R.PRL.2001.5,1.3743228845941085,1.3278654061010313,1.3743228845941085,1.3278654061010313
SE.CLO.4.LDSEV.R.PRL.2001.A,1.0331859902904696,0.829320973077092,1.0331859902904696,0.829320973077092
SE.CLO.4.LDSEV.R.PRL.2001.F,0.852110822709728,0.5838046189691456,0.852110822709728,0.5838046189691456
SE.CLO.4.LDSEV.R.PRL.2001.M,1.031535265209817,1.065232126163923,1.031535265209817,1.065232126163923
SE.CLO.4.LDSEV.R.PRL.2001.R,0.9537390665204685,0.9442641297617723,0.9537390665204685,0.9442641297617723
SE.CLO.4.LDSEV.R.PRL.2001.U,0.8862630530986221,0.6751290677709466,0.8862630530986221,0.6751290677709466
SE.CLO.4.LDSEV.R.PRL.2006.1,1.2608952497923167,1.2761681861845167,1.2608952497923167,1.2761681861845167
SE.CLO.4.LDSEV.R.PRL.2006.2,1.3506172772794132,1.1910574270734968,1.3506172772794132,1.1910574270734968
SE.CLO.4.LDSEV.R.PRL.2006.3,1.3232072702260769,1.3294977615453565,1.3232072702260769,1.3294977615453565
SE.CLO.4.LDSEV.R.PRL.2006.4,1.1977953508027734,1.3164749307043375,1.1977953508027734,1.3164749307043375
SE.CLO.4.LDSEV.R.PRL.2006.5,1.2665299603906988,1.3487087400845985,1.2665299603906988,1.3487087400845985
SE.CLO.4.LDSEV.R.PRL.2006.A,1.3341834032478865,1.2694848380638917,1.3341834032478865,1.2694848380638917
SE.CLO.4.LDSEV.R.PRL.2006.F,1.2934941210209352,1.2942669861482716,1.2934941210209352,1.2942669861482716
SE.CLO.4.LDSEV.R.PRL.2006.M,1.321657982127381,1.1660770357837313,1.321657982127381,1.1660770357837313
SE.CLO.4.LDSEV.R.PRL.2006.R,1.007785817775949,1.310392692098881,1.007785817775949,1.310392692098881
SE.CLO.4.LDSEV.R.PRL.2006.U,1.2231153228047835,1.1979772610771569,1.2231153228047835,1.1979772610771569
SE.CLO.4.LDSEV.R.PRL.2011.1,1.1944991185900433,1.0894921466595782,1.1944991185900433,1.0894921466595782
SE.CLO.4.LDSEV.R.PRL.2011.2,1.1762609644967574,1.0729762038266304,1.1762609644967574,1.0729762038266304
SE.CLO.4.LDSEV.R.PRL.2011.3,1.147883252011516,0.976924608925332,1.147883252011516,0.976924608925332
SE.CLO.4.LDSEV.R.PRL.2011.4,0.9296196276023962,0.7791495639295503,0.9296196276023962,0.7791495639295503
SE.CLO.4.LDSEV.R.PRL.2011.5,0.999929008671538,0.592563254054527,0.999929008671538,0.592563254054527
SE.CLO.4.LDSEV.R.PRL.2011.A,1.1098771941173202,1.1176585686675815,1.1098771941173202,1.1176585686675815
SE.CLO.4.LDSEV.R.PRL.2011.F,1.1261843573198018,1.1358113269909675,1.1261843573198018,1.1358113269909675
SE.CLO.4.LDSEV.R.PRL.2011.M,1.033578103153239,1.180005360007718,1.033578103153239,1.180005360007718
SE.CLO.4.LDSEV.R.PRL.2011.R,1.2209360324022165,1.3644402197018783,1.2209360324022165,1.3644402197018783
SE.CLO.4.LDSEV.R.PRL.2011.U,1.070738740107957,0.9161480009393537,1.070738740107957,0.9161480009393537
SE.CLO.4.LDSEV.R.PRL.2016.1,1.2994910193272489,1.3167848436065115,1.2994910193272489,1.3167848436065115
SE.CLO.4.LDSEV.R.PRL.2016.2,1.3645039457874755,1.2339076003833527,1.3645039457874755,1.2339076003833527
SE.CLO.4.LDSEV.R.PRL.2016.3,1.0902781478958758,0.9988779747714682,1.0902781478958758,0.9988779747714682
SE.CLO.4.LDSEV.R.PRL.2016.4,1.3989173662070498,1.2232765257692777,1.3989173662070498,1.2232765257692777
SE.CLO.4.LDSEV.R.PRL.2016.5,1.3745811440940403,1.3149288028487585,1.3745811440940403,1.3149288028487585
SE.CLO.4.LDSEV.R.PRL.2016.A,1.2519298619361006,1.2123858279249988,1.2519298619361006,1.2123858279249988
SE.CLO.4.LDSEV.R.PRL.2016.F,1.2173711798209075,1.0028104415073047,1.2173711798209075,1.0028104415073047
SE.CLO.4.LDSEV.R.PRL.2016.M,1.2665914982510573,1.067550267986072,1.2665914982510573,1.067550267986072
SE.CLO.4.LDSEV.R.PRL.2016.R,1.3039869727622426,1.0548814461814924,1.3039869727622426,1.0548814461814924
SE.CLO.4.LDSEV.R.PRL.2016.U,1.2681131840653272,1.0712720012236934,1.2681131840653272,1.0712720012236934
SE.CLO.4.LDSEV.S.TMS.2003.A,1.2945867391620258,0.15761047256842886,1.2945867391620258,0.15761047256842886
SE.CLO.4.LDSEV.S.TMS.2003.F,1.2250425661249793,0.2430128393447988,1.2250425661249793,0.2430128393447988
SE.CLO.4.LDSEV.S.TMS.2003.M,1.3304957631198377,0.4023997106360209,1.3304957631198377,0.4023997106360209
SE.CLO.4.LDSEV.S.TMS.2003.R,1.5551174845828726,1.023730202773674,1.5551174845828726,1.023730202773674
SE.CLO.4.LDSEV.S.TMS.2003.U,1.3041844524245365,0.7444107442496692,1.3041844524245365,0.7444107442496692
SE.CLO.4.LDSEV.S.TMS.2007.A,1.253580249463232,1.4258066089438934,1.253580249463232,1.4258066089438934
SE.CLO.4.LDSEV.S.TMS.2007.F,1.187123016599763,1.251243843302918,1.187123016599763,1.251243843302918
SE.CLO.4.LDSEV.S.TMS.2007.M,1.2547512507087495,1.3710178743851658,1.2547512507087495,1.3710178743851658
SE.CLO.4.LDSEV.S.TMS.2007.R,0.9605328648004596,1.080357499270154,0.9605328648004596,1.080357499270154
SE.CLO.4.LDSEV.S.TMS.2007.U,1.228475419807486,1.1323746701725008,1.228475419807486,1.1323746701725008
SE.CLO.4.LDSEV.S.TMS.2011.1,1.2588996172585982,1.320441618431705,1.2588996172585982,1.320441618431705
SE.CLO.4.LDSEV.S.TMS.2011.2,1.2013528996798744,1.3460389673410298,1.2013528996798744,1.3460389673410298
SE.CLO.4.LDSEV.S.TMS.2011.3,1.2597544384226365,1.3528285391708934,1.2597544384226365,1.3528285391708934
SE.CLO.4.LDSEV.S.TMS.2011.4,1.2047185254275046,0.7620575266325813,1.2047185254275046,0.7620575266325813
SE.CLO.4.LDSEV.S.TMS.2011.5,1.2587295859368908,1.3132514197696497,1.2587295859368908,1.3132514197696497
SE.CLO.4.LDSEV.S.TMS.2011.A,1.2812084037942506,1.0938233286196632,1.2812084037942506,1.0938233286196632
SE.CLO.4.LDSEV.S.TMS.2011.F,1.1561201472081728,0.9078359770480364,1.1561201472081728,0.9078359770480364
SE.CLO.4.LDSEV.S.TMS.2011.M,1.2938262379581433,1.1888917058879083,1.2938262379581433,1.1888917058879083
SE.CLO.4.LDSEV.S.TMS.2011.R,1.2584554285435727,1.2485395767402903,1.2584554285435727,1.2485395767402903
SE.CLO.4.LDSEV.S.TMS.2011.U,1.2812960451261233,1.0962221807570023,1.2812960451261233,1.0962221807570023
SE.CLO.4.LDSEV.S.TMS.2015.1,1.5416712213285055,1.1801671210648121,1.5416712213285055,1.1801671210648121
SE.CLO.4.LDSEV.S.TMS.2015.2,1.5483636981939124,1.5013161099224872,1.5483636981939124,1.5013161099224872
SE.CLO.4.LDSEV.S.TMS.2015.3,1.3559238853587994,0.7974752327452261,1.3559238853587994,0.7974752327452261
SE.CLO.4.LDSEV.S.TMS.2015.4,1.4810172944697653,1.4672628146112376,1.4810172944697653,1.4672628146112376
SE.CLO.4.LDSEV.S.TMS.2015.5,1.2789255013040732,1.2789255013040726,1.2789255013040732,1.2789255013040726
SE.CLO.4.LDSEV.S.TMS.2015.A,1.4724499329075988,1.40746927043865,1.4724499329075988,1.40746927043865
SE.CLO.4.LDSEV.S.TMS.2015.F,1.437085732795909,1.3561772828271133,1.437085732795909,1.3561772828271133
SE.CLO.4.LDSEV.S.TMS.2015.M,1.4414940081897807,1.3091198762330394,1.4414940081897807,1.3091198762330394
SE.CLO.4.LDSEV.S.TMS.2015.R,1.603269450045264,1.5202620988705597,1.603269450045264,1.5202620988705597
SE.CLO.4.LDSEV.S.TMS.2015.U,1.268238750745394,1.2203887305185321,1.268238750745394,1.2203887305185321
SE.CLO.4.LDSEV.S.TMS.2019.1,1.1049990590674927,1.0050416486114433,1.1049990590674927,1.0050416486114433
SE.CLO.4.LDSEV.S.TMS.2019.2,0.8548433412019464,0.8548433412019468,0.8548433412019464,0.8548433412019468
SE.CLO.4.LDSEV.S.TMS.2019.3,0.9159259402481051,-0.35126831930116614,0.9159259402481051,0.35126831930116614
SE.CLO.4.LDSEV.S.TMS.2019.4,1.6341803494482219,1.5461355095758804,1.6341803494482219,1.5461355095758804
SE.CLO.4.LDSEV.S.TMS.2019.5,2.121320343559643,2.121320343559643,2.121320343559643,2.121320343559643
SE.CLO.4.LDSEV.S.TMS.2019.A,1.133348122023559,1.1970504622680325,1.133348122023559,1.1970504622680325
SE.CLO.4.LDSEV.S.TMS.2019.F,1.198850085212144,1.3583718701901126,1.198850085212144,1.3583718701901126
SE.CLO.4.LDSEV.S.TMS.2019.M,1.0362127809306032,0.8791645650100737,1.0362127809306032,0.8791645650100737
SE.CLO.4.LDSEV.S.TMS.2019.R,1.1894548884380165,1.3005441561461737,1.1894548884380165,1.3005441561461737
SE.CLO.4.LDSEV.S.TMS.2019.U,0.9428523510130453,0.8900807895502136,0.9428523510130453,0.8900807895502136
SE.CLO.4.PRF.M.TMS.2003.A,-1.2357387494649759,-0.8335136418509942,1.2357387494649759,0.8335136418509942
SE.CLO.4.PRF.M.TMS.2003.F,-1.193013122848463,-0.8054299841732444,1.193013122848463,0.8054299841732444
SE.CLO.4.PRF.M.TMS.2003.M,-1.2739362618178507,-0.786931507790533,1.2739362618178507,0.786931507790533
SE.CLO.4.PRF.M.TMS.2003.R,-1.400353179481821,-0.33582130232540636,1.400353179481821,0.33582130232540636
SE.CLO.4.PRF.M.TMS.2003.U,-1.261936484152157,-0.5970317200762844,1.261936484152157,0.5970317200762844
SE.CLO.4.PRF.M.TMS.2007.A,-1.4819503032111168,-1.4819503032111165,1.4819503032111168,1.4819503032111165
SE.CLO.4.PRF.M.TMS.2007.F,-1.4571636140956923,-1.3517998356370942,1.4571636140956923,1.3517998356370942
SE.CLO.4.PRF.M.TMS.2007.M,-1.5186754302877805,-1.5186754302877807,1.5186754302877805,1.5186754302877807
SE.CLO.4.PRF.M.TMS.2007.R,-1.742944044401959,-1.7429440444019593,1.742944044401959,1.7429440444019593
SE.CLO.4.PRF.M.TMS.2007.U,-1.6571375854604433,-1.4847301824752628,1.6571375854604433,1.4847301824752628
SE.CLO.4.PRF.M.TMS.2011.1,-1.1579014142985629,-1.157901414298565,1.1579014142985629,1.157901414298565
SE.CLO.4.PRF.M.TMS.2011.2,-1.4215473447675784,-1.4224094502771452,1.4215473447675784,1.4224094502771452
SE.CLO.4.PRF.M.TMS.2011.3,-1.3349679773984795,-1.3517012401623942,1.3349679773984795,1.3517012401623942
SE.CLO.4.PRF.M.TMS.2011.4,-1.2066537790918554,-1.1782396477075852,1.2066537790918554,1.1782396477075852
SE.CLO.4.PRF.M.TMS.2011.5,-1.3262035407212425,-1.0010010932620244,1.3262035407212425,1.0010010932620244
SE.CLO.4.PRF.M.TMS.2011.A,-1.3088737537703639,-1.002335554314803,1.3088737537703639,1.002335554314803
SE.CLO.4.PRF.M.TMS.2011.F,-1.242703802884803,-0.9053689922860038,1.242703802884803,0.9053689922860038
SE.CLO.4.PRF.M.TMS.2011.M,-1.366386076953755,-1.1203561382898684,1.366386076953755,1.1203561382898684
SE.CLO.4.PRF.M.TMS.2011.R,-1.2010049353960548,-1.2064149910302144,1.2010049353960548,1.2064149910302144
SE.CLO.4.PRF.M.TMS.2011.U,-1.3220802854461977,-1.0892884281340132,1.3220802854461977,1.0892884281340132
SE.CLO.4.PRF.M.TMS.2015.1,-1.268570682840478,-0.8744203781205337,1.268570682840478,0.8744203781205337
SE.CLO.4.PRF.M.TMS.2015.2,-1.3902338449876102,-1.4724064665551235,1.3902338449876102,1.4724064665551235
SE.CLO.4.PRF.M.TMS.2015.3,-1.4216519195776987,-1.01763303438115,1.4216519195776987,1.01763303438115
SE.CLO.4.PRF.M.TMS.2015.4,-1.2948421834604682,-0.8702683081770882,1.2948421834604682,0.8702683081770882
SE.CLO.4.PRF.M.TMS.2015.5,-0.5085140026326372,-0.508514002632637,0.5085140026326372,0.508514002632637
SE.CLO.4.PRF.M.TMS.2015.A,-1.2936161071405712,-0.958112338118941,1.2936161071405712,0.958112338118941
SE.CLO.4.PRF.M.TMS.2015.F,-1.2224280110866208,-0.7888342480830592,1.2224280110866208,0.7888342480830592
SE.CLO.4.PRF.M.TMS.2015.M,-1.3892531521399851,-1.1408306821892185,1.3892531521399851,1.1408306821892185
SE.CLO.4.PRF.M.TMS.2015.R,-1.4020182959082692,-1.2503439602295787,1.4020182959082692,1.2503439602295787
SE.CLO.4.PRF.M.TMS.2015.U,-1.303470230508671,-0.9492607243990254,1.303470230508671,0.9492607243990254
SE.CLO.4.PRF.M.TMS.2019.1,-1.0832901989953618,-1.0832901989953594,1.0832901989953618,1.0832901989953594
SE.CLO.4.PRF.M.TMS.2019.2,1.4100831812718224,1.4100831812718282,1.4100831812718224,1.4100831812718282
SE.CLO.4.PRF.M.TMS.2019.3,-1.1621139531615154,-0.7907970263186792,1.1621139531615154,0.7907970263186792
SE.CLO.4.PRF.M.TMS.2019.4,-0.9849923115433113,-0.9305978950914401,0.9849923115433113,0.9305978950914401
SE.CLO.4.PRF.M.TMS.2019.5,2.121320343559642,2.121320343559642,2.121320343559642,2.121320343559642
SE.CLO.4.PRF.M.TMS.2019.A,-1.2265030514642308,-0.9989712638077487,1.2265030514642308,0.9989712638077487
SE.CLO.4.PRF.M.TMS.2019.F,-1.1979051551821231,-1.1382081998515425,1.1979051551821231,1.1382081998515425
SE.CLO.4.PRF.M.TMS.2019.M,-1.1760312438843312,-1.0269422291850636,1.1760312438843312,1.0269422291850636
SE.CLO.4.PRF.M.TMS.2019.R,-1.3061453406907941,-1.1435914939683407,1.3061453406907941,1.1435914939683407
SE.CLO.4.PRF.M.TMS.2019.U,-1.2466878185027825,-0.938800278237655,1.2466878185027825,0.938800278237655
SE.CLO.4.PRF.R.PRL.2001.1,-0.9763873660525636,-0.6195711552389541,0.9763873660525636,0.6195711552389541
SE.CLO.4.PRF.R.PRL.2001.2,-1.357208452852994,-0.782157382318397,1.357208452852994,0.782157382318397
SE.CLO.4.PRF.R.PRL.2001.3,-1.4039236211811577,-1.1678640962330402,1.4039236211811577,1.1678640962330402
SE.CLO.4.PRF.R.PRL.2001.4,-1.2546091363840006,-1.272876954137563,1.2546091363840006,1.272876954137563
SE.CLO.4.PRF.R.PRL.2001.5,-1.1984678126412802,-1.18784844247257,1.1984678126412802,1.18784844247257
SE.CLO.4.PRF.R.PRL.2001.A,-1.273764336719746,-1.3824920542944186,1.273764336719746,1.3824920542944186
SE.CLO.4.PRF.R.PRL.2001.F,-1.3423913852107783,-1.3167199604988644,1.3423913852107783,1.3167199604988644
SE.CLO.4.PRF.R.PRL.2001.M,-1.2115814874578024,-1.2634589871006665,1.2115814874578024,1.2634589871006665
SE.CLO.4.PRF.R.PRL.2001.R,-1.3667425351867901,-1.2319107627673214,1.3667425351867901,1.2319107627673214
SE.CLO.4.PRF.R.PRL.2001.U,-1.266543712462889,-1.1779862206548242,1.266543712462889,1.1779862206548242
SE.CLO.4.PRF.R.PRL.2006.1,-1.4136445637381978,-1.0339787566233456,1.4136445637381978,1.0339787566233456
SE.CLO.4.PRF.R.PRL.2006.2,-1.3183269966826048,-1.0174096811101843,1.3183269966826048,1.0174096811101843
SE.CLO.4.PRF.R.PRL.2006.3,-1.4512451914892772,-0.9188092747732637,1.4512451914892772,0.9188092747732637
SE.CLO.4.PRF.R.PRL.2006.4,-1.3060845439950328,-0.9341595017057742,1.3060845439950328,0.9341595017057742
SE.CLO.4.PRF.R.PRL.2006.5,-1.2373744238995186,-1.1038535645754672,1.2373744238995186,1.1038535645754672
SE.CLO.4.PRF.R.PRL.2006.A,-1.3303744649678986,-0.9822618969824364,1.3303744649678986,0.9822618969824364
SE.CLO.4.PRF.R.PRL.2006.F,-1.326508588463627,-1.085074497341572,1.326508588463627,1.085074497341572
SE.CLO.4.PRF.R.PRL.2006.M,-1.3303735927987754,-0.9050209333427872,1.3303735927987754,0.9050209333427872
SE.CLO.4.PRF.R.PRL.2006.R,-1.248721470778475,-0.7482387739209412,1.248721470778475,0.7482387739209412
SE.CLO.4.PRF.R.PRL.2006.U,-1.3184515274929183,-0.9638519961916723,1.3184515274929183,0.9638519961916723
SE.CLO.4.PRF.R.PRL.2011.1,-1.3635180644206917,-1.3421256401640704,1.3635180644206917,1.3421256401640704
SE.CLO.4.PRF.R.PRL.2011.2,-1.2560357785022243,-1.2810607967614174,1.2560357785022243,1.2810607967614174
SE.CLO.4.PRF.R.PRL.2011.3,-1.3016691689698143,-1.3879368952021645,1.3016691689698143,1.3879368952021645
SE.CLO.4.PRF.R.PRL.2011.4,-1.3389433733663438,-1.355440601674091,1.3389433733663438,1.355440601674091
SE.CLO.4.PRF.R.PRL.2011.5,-1.158268703056692,-1.1026066220787911,1.158268703056692,1.1026066220787911
SE.CLO.4.PRF.R.PRL.2011.A,-1.2829588880330174,-1.2237222171480129,1.2829588880330174,1.2237222171480129
SE.CLO.4.PRF.R.PRL.2011.F,-1.2183199300428078,-1.2422640229218604,1.2183199300428078,1.2422640229218604
SE.CLO.4.PRF.R.PRL.2011.M,-1.2962120876936565,-1.184989476149633,1.2962120876936565,1.184989476149633
SE.CLO.4.PRF.R.PRL.2011.R,-1.400783012620531,-1.3982137419242227,1.400783012620531,1.3982137419242227
SE.CLO.4.PRF.R.PRL.2011.U,-1.276439415797713,-1.0914014569860935,1.276439415797713,1.0914014569860935
SE.CLO.4.PRF.R.PRL.2016.1,-1.4533116583284178,-1.5080025117174887,1.4533116583284178,1.5080025117174887
SE.CLO.4.PRF.R.PRL.2016.2,-1.5652406026180248,-1.588396581629589,1.5652406026180248,1.588396581629589
SE.CLO.4.PRF.R.PRL.2016.3,-1.4181601167010385,-1.48161378638304,1.4181601167010385,1.48161378638304
SE.CLO.4.PRF.R.PRL.2016.4,-1.3932103530388888,-1.3552363534752536,1.3932103530388888,1.3552363534752536
SE.CLO.4.PRF.R.PRL.2016.5,-1.3986792367229577,-1.1682633815982197,1.3986792367229577,1.1682633815982197
SE.CLO.4.PRF.R.PRL.2016.A,-1.4755189272854317,-1.4375928396107305,1.4755189272854317,1.4375928396107305
SE.CLO.4.PRF.R.PRL.2016.F,-1.3449298736966182,-1.474774435880459,1.3449298736966182,1.474774435880459
SE.CLO.4.PRF.R.PRL.2016.M,-1.574940677956687,-1.2780638569518028,1.574940677956687,1.2780638569518028
SE.CLO.4.PRF.R.PRL.2016.R,-1.4020665478948944,-1.552083555232171,1.4020665478948944,1.552083555232171
SE.CLO.4.PRF.R.PRL.2016.U,-1.4774256927706608,-1.310167061043769,1.4774256927706608,1.310167061043769
SE.CLO.4.PRF.S.TMS.2003.A,-1.4107155456185534,-1.2035179328655292,1.4107155456185534,1.2035179328655292
SE.CLO.4.PRF.S.TMS.2003.F,-1.4322446755836524,-1.1013017432337664,1.4322446755836524,1.1013017432337664
SE.CLO.4.PRF.S.TMS.2003.M,-1.4096182368241599,-1.2921413500971755,1.4096182368241599,1.2921413500971755
SE.CLO.4.PRF.S.TMS.2003.R,-1.5401586194914902,-1.5401586194914905,1.5401586194914902,1.5401586194914905
SE.CLO.4.PRF.S.TMS.2003.U,-1.3944226014858039,-1.187392647755351,1.3944226014858039,1.187392647755351
SE.CLO.4.PRF.S.TMS.2007.A,-1.8187934373214363,-1.7691389914725675,1.8187934373214363,1.7691389914725675
SE.CLO.4.PRF.S.TMS.2007.F,-1.7724341109342103,-1.662463463646984,1.7724341109342103,1.662463463646984
SE.CLO.4.PRF.S.TMS.2007.M,-1.8224633847911589,-1.7650385677185565,1.8224633847911589,1.7650385677185565
SE.CLO.4.PRF.S.TMS.2007.R,-1.893773451314428,-1.8937734513144298,1.893773451314428,1.8937734513144298
SE.CLO.4.PRF.S.TMS.2007.U,-1.7568979859008826,-1.708662749743511,1.7568979859008826,1.708662749743511
SE.CLO.4.PRF.S.TMS.2011.1,-1.3680101777063165,-1.3680101777063165,1.3680101777063165,1.3680101777063165
SE.CLO.4.PRF.S.TMS.2011.2,-1.4412567236345668,-1.370173342453937,1.4412567236345668,1.370173342453937
SE.CLO.4.PRF.S.TMS.2011.3,-1.3920680897130069,-1.330390829445299,1.3920680897130069,1.330390829445299
SE.CLO.4.PRF.S.TMS.2011.4,-1.222541643204524,-1.1205092173425102,1.222541643204524,1.1205092173425102
SE.CLO.4.PRF.S.TMS.2011.5,-1.2394165375683859,-0.6343015137845937,1.2394165375683859,0.6343015137845937
SE.CLO.4.PRF.S.TMS.2011.A,-1.4488460755346393,-1.3286037903695975,1.4488460755346393,1.3286037903695975
SE.CLO.4.PRF.S.TMS.2011.F,-1.4243914862556475,-1.3592081980358013,1.4243914862556475,1.3592081980358013
SE.CLO.4.PRF.S.TMS.2011.M,-1.5077726236268507,-1.413456772593933,1.5077726236268507,1.413456772593933
SE.CLO.4.PRF.S.TMS.2011.R,-1.4511058464470399,-1.4896943312202524,1.4511058464470399,1.4896943312202524
SE.CLO.4.PRF.S.TMS.2011.U,-1.3746287193725266,-1.3099124472140895,1.3746287193725266,1.3099124472140895
SE.CLO.4.PRF.S.TMS.2015.1,-1.561282252395058,-1.4405953435803813,1.561282252395058,1.4405953435803813
SE.CLO.4.PRF.S.TMS.2015.2,-1.6573341865935356,-1.657334186593532,1.6573341865935356,1.657334186593532
SE.CLO.4.PRF.S.TMS.2015.3,-1.5071352842667807,-1.2126417434332517,1.5071352842667807,1.2126417434332517
SE.CLO.4.PRF.S.TMS.2015.4,-1.372654511571445,-0.32828140989948024,1.372654511571445,0.32828140989948024
SE.CLO.4.PRF.S.TMS.2015.5,-0.3616112374815447,-0.3616112374815409,0.3616112374815447,0.3616112374815409
SE.CLO.4.PRF.S.TMS.2015.A,-1.5393767157983171,-1.3628237744241345,1.5393767157983171,1.3628237744241345
SE.CLO.4.PRF.S.TMS.2015.F,-1.4786533798747787,-1.3078741773345544,1.4786533798747787,1.3078741773345544
SE.CLO.4.PRF.S.TMS.2015.M,-1.5678692484972228,-1.2802801909739578,1.5678692484972228,1.2802801909739578
SE.CLO.4.PRF.S.TMS.2015.R,-1.5106077424542346,-1.423595523529267,1.5106077424542346,1.423595523529267
SE.CLO.4.PRF.S.TMS.2015.U,-1.4451955063360966,-1.164582226532925,1.4451955063360966,1.164582226532925
SE.CLO.4.PRF.S.TMS.2019.1,-1.2919415323906942,-1.2919415323906969,1.2919415323906942,1.2919415323906969
SE.CLO.4.PRF.S.TMS.2019.2,-0.21724794570643158,-0.21724794570643163,0.21724794570643158,0.21724794570643163
SE.CLO.4.PRF.S.TMS.2019.3,-1.0837621317422568,-1.1562113707531576,1.0837621317422568,1.1562113707531576
SE.CLO.4.PRF.S.TMS.2019.4,-1.057030657094912,-0.2991250865838297,1.057030657094912,0.2991250865838297
SE.CLO.4.PRF.S.TMS.2019.5,2.121320343559643,2.121320343559643,2.121320343559643,2.121320343559643
SE.CLO.4.PRF.S.TMS.2019.A,-1.4011025159969077,-1.3873268056522092,1.4011025159969077,1.3873268056522092
SE.CLO.4.PRF.S.TMS.2019.F,-1.2343394117817061,-1.3493364389283375,1.2343394117817061,1.3493364389283375
SE.CLO.4.PRF.S.TMS.2019.M,-1.2901823753546149,-1.3755678797280584,1.2901823753546149,1.3755678797280584
SE.CLO.4.PRF.S.TMS.2019.R,-1.217134307199209,-1.1269700484858138,1.217134307199209,1.1269700484858138
SE.CLO.4.PRF.S.TMS.2019.U,-1.3305918024920567,-1.2373086672136324,1.3305918024920567,1.2373086672136324
SE.CLO.5.LDGAP.M.SPM.2019.1,0.35837543850845277,0.35837543850845277,0.35837543850845277,0.35837543850845277
SE.CLO.5.LDGAP.M.SPM.2019.2,-0.6764989505391962,-0.6764989505391961,0.6764989505391962,0.6764989505391961
SE.CLO.5.LDGAP.M.SPM.2019.3,-0.9540962912207335,-0.954096291220735,0.9540962912207335,0.954096291220735
SE.CLO.5.LDGAP.M.SPM.2019.4,-0.9528282861127314,-0.9528282861127295,0.9528282861127314,0.9528282861127295
SE.CLO.5.LDGAP.M.SPM.2019.5,-0.9825816857669528,-0.9825816857669528,0.9825816857669528,0.9825816857669528
SE.CLO.5.LDGAP.M.SPM.2019.A,-0.47435127230622476,-0.47435127230622476,0.47435127230622476,0.47435127230622476
SE.CLO.5.LDGAP.M.SPM.2019.F,-0.6205724253215611,-0.6205724253215612,0.6205724253215611,0.6205724253215612
SE.CLO.5.LDGAP.M.SPM.2019.M,-0.3265023000537878,-0.3265023000537879,0.3265023000537878,0.3265023000537879
SE.CLO.5.LDGAP.M.SPM.2019.R,-0.09477421792265077,-0.09477421792264898,0.09477421792265077,0.09477421792264898
SE.CLO.5.LDGAP.M.SPM.2019.U,-1.000996308957389,-1.000996308957389,1.000996308957389,1.000996308957389
SE.CLO.5.LDGAP.M.TMS.2011.1,0.0,0.0,0.0,0.0
SE.CLO.5.LDGAP.M.TMS.2011.2,0.0,0.0,0.0,0.0
SE.CLO.5.LDGAP.M.TMS.2011.3,0.0,0.0,0.0,0.0
SE.CLO.5.LDGAP.M.TMS.2011.4,0.0,0.0,0.0,0.0
SE.CLO.5.LDGAP.M.TMS.2011.5,0.0,0.0,0.0,0.0
SE.CLO.5.LDGAP.M.TMS.2011.A,1.176453830914633,1.1764538309146333,1.176453830914633,1.1764538309146333
SE.CLO.5.LDGAP.M.TMS.2011.F,1.6745900473570254,1.6745900473570265,1.6745900473570254,1.6745900473570265
SE.CLO.5.LDGAP.M.TMS.2011.M,0.7755390060826705,0.7755390060826705,0.7755390060826705,0.7755390060826705
SE.CLO.5.LDGAP.M.TMS.2011.R,-1.6427097431159787,-1.6427097431159787,1.6427097431159787,1.6427097431159787
SE.CLO.5.LDGAP.M.TMS.2011.U,0.696947539112461,0.696947539112461,0.696947539112461,0.696947539112461
SE.CLO.5.LDGAP.M.TMS.2015.1,0.761884207285876,0.7618842072858759,0.761884207285876,0.7618842072858759
SE.CLO.5.LDGAP.M.TMS.2015.2,0.0,0.0,0.0,0.0
SE.CLO.5.LDGAP.M.TMS.2015.3,2.121320343559643,2.121320343559643,2.121320343559643,2.121320343559643
SE.CLO.5.LDGAP.M.TMS.2015.4,0.0,0.0,0.0,0.0
SE.CLO.5.LDGAP.M.TMS.2015.5,0.0,0.0,0.0,0.0
SE.CLO.5.LDGAP.M.TMS.2015.A,0.6384604135449116,0.6384604135449116,0.6384604135449116,0.6384604135449116
SE.CLO.5.LDGAP.M.TMS.2015.F,0.5050999439365708,0.5050999439365707,0.5050999439365708,0.5050999439365707
SE.CLO.5.LDGAP.M.TMS.2015.M,0.6963408324401601,0.6963408324401602,0.6963408324401601,0.6963408324401602
SE.CLO.5.LDGAP.M.TMS.2015.R,0.496977595447433,0.496977595447433,0.496977595447433,0.496977595447433
SE.CLO.5.LDGAP.M.TMS.2015.U,0.6316036820309343,0.6316036820309343,0.6316036820309343,0.6316036820309343
SE.CLO.5.LDGAP.M.TMS.2019.1,1.2195707569544296,1.2195707569544296,1.2195707569544296,1.2195707569544296
SE.CLO.5.LDGAP.M.TMS.2019.2,0.7998722355386625,0.799872235538664,0.7998722355386625,0.799872235538664
SE.CLO.5.LDGAP.M.TMS.2019.3,0.0,0.0,0.0,0.0
SE.CLO.5.LDGAP.M.TMS.2019.4,2.1213203435596415,2.1213203435596415,2.1213203435596415,2.1213203435596415
SE.CLO.5.LDGAP.M.TMS.2019.5,2.1213203435596424,2.1213203435596424,2.1213203435596424,2.1213203435596424
SE.CLO.5.LDGAP.M.TMS.2019.A,0.8702886714983716,0.8702886714983715,0.8702886714983716,0.8702886714983715
SE.CLO.5.LDGAP.M.TMS.2019.F,0.6980207482359331,0.6980207482359329,0.6980207482359331,0.6980207482359329
SE.CLO.5.LDGAP.M.TMS.2019.M,1.0147853569718313,1.0147853569718313,1.0147853569718313,1.0147853569718313
SE.CLO.5.LDGAP.M.TMS.2019.R,1.4669552105721015,1.4669552105721015,1.4669552105721015,1.4669552105721015
SE.CLO.5.LDGAP.M.TMS.2019.U,0.453519482267132,0.45351948226713196,0.453519482267132,0.45351948226713196
SE.CLO.5.LDGAP.R.PRL.2001.1,0.0,0.0,0.0,0.0
SE.CLO.5.LDGAP.R.PRL.2001.2,0.0,0.0,0.0,0.0
SE.CLO.5.LDGAP.R.PRL.2001.3,0.0,0.0,0.0,0.0
SE.CLO.5.LDGAP.R.PRL.2001.4,0.0,0.0,0.0,0.0
SE.CLO.5.LDGAP.R.PRL.2001.5,0.0,0.0,0.0,0.0
SE.CLO.5.LDGAP.R.PRL.2001.A,0.0,0.0,0.0,0.0
SE.CLO.5.LDGAP.R.PRL.2001.F,0.0,0.0,0.0,0.0
SE.CLO.5.LDGAP.R.PRL.2001.M,0.0,0.0,0.0,0.0
SE.CLO.5.LDGAP.R.PRL.2001.R,0.0,0.0,0.0,0.0
SE.CLO.5.LDGAP.R.PRL.2001.U,0.0,0.0,0.0,0.0
SE.CLO.5.LDGAP.R.PRL.2006.1,1.409963147607406,1.2662697413860549,1.409963147607406,1.2662697413860549
SE.CLO.5.LDGAP.R.PRL.2006.2,1.6133191341372533,1.5629281156733748,1.6133191341372533,1.5629281156733748
SE.CLO.5.LDGAP.R.PRL.2006.3,1.4025614172267367,1.2855653955450141,1.4025614172267367,1.2855653955450141
SE.CLO.5.LDGAP.R.PRL.2006.4,1.444144240632912,-0.047638757955394004,1.444144240632912,0.047638757955394004
SE.CLO.5.LDGAP.R.PRL.2006.5,0.647324132363572,0.6473241323635721,0.647324132363572,0.6473241323635721
SE.CLO.5.LDGAP.R.PRL.2006.A,1.2088787416728828,1.994245522243419,1.2088787416728828,1.994245522243419
SE.CLO.5.LDGAP.R.PRL.2006.F,0.8755200255826759,2.0479475042533672,0.8755200255826759,2.0479475042533672
SE.CLO.5.LDGAP.R.PRL.2006.M,1.5769185151260166,1.5047684840157438,1.5769185151260166,1.5047684840157438
SE.CLO.5.LDGAP.R.PRL.2006.R,1.2032104076181283,1.203210407618128,1.2032104076181283,1.203210407618128
SE.CLO.5.LDGAP.R.PRL.2006.U,1.180259763216637,-1.4339598867908183,1.180259763216637,1.4339598867908183
SE.CLO.5.LDGAP.R.PRL.2011.1,0.24136734975084106,0.2413673497508411,0.24136734975084106,0.2413673497508411
SE.CLO.5.LDGAP.R.PRL.2011.2,0.03131662682382086,0.03131662682382086,0.03131662682382086,0.03131662682382086
SE.CLO.5.LDGAP.R.PRL.2011.3,0.21695533723595378,0.21695533723595373,0.21695533723595378,0.21695533723595373
SE.CLO.5.LDGAP.R.PRL.2011.4,0.4840957052753395,0.4840957052753395,0.4840957052753395,0.4840957052753395
SE.CLO.5.LDGAP.R.PRL.2011.5,0.624754067242643,0.624754067242643,0.624754067242643,0.624754067242643
SE.CLO.5.LDGAP.R.PRL.2011.A,1.9042153980487704,1.9042153980487704,1.9042153980487704,1.9042153980487704
SE.CLO.5.LDGAP.R.PRL.2011.F,2.0450434928673853,2.0450434928673853,2.0450434928673853,2.0450434928673853
SE.CLO.5.LDGAP.R.PRL.2011.M,1.8402297306459183,1.8402297306459179,1.8402297306459183,1.8402297306459179
SE.CLO.5.LDGAP.R.PRL.2011.R,1.5649683738118956,1.5649683738118956,1.5649683738118956,1.5649683738118956
SE.CLO.5.LDGAP.R.PRL.2011.U,2.117028723118344,2.1170287231183442,2.117028723118344,2.1170287231183442
SE.CLO.5.LDGAP.R.PRL.2016.1,-0.43658947412283405,-0.43658947412283233,0.43658947412283405,0.43658947412283233
SE.CLO.5.LDGAP.R.PRL.2016.2,0.3511082141705049,0.351108214170505,0.3511082141705049,0.351108214170505
SE.CLO.5.LDGAP.R.PRL.2016.3,0.3197037726093899,0.31970377260938804,0.3197037726093899,0.31970377260938804
SE.CLO.5.LDGAP.R.PRL.2016.4,0.9927035023204798,0.9927035023204774,0.9927035023204798,0.9927035023204774
SE.CLO.5.LDGAP.R.PRL.2016.5,0.5152120498209372,0.5152120498209384,0.5152120498209372,0.5152120498209384
SE.CLO.5.LDGAP.R.PRL.2016.A,0.04396068056168326,0.04396068056168325,0.04396068056168326,0.04396068056168325
SE.CLO.5.LDGAP.R.PRL.2016.F,-0.356996649784342,-0.356996649784342,0.356996649784342,0.356996649784342
SE.CLO.5.LDGAP.R.PRL.2016.M,0.27710290741928856,0.2771029074192886,0.27710290741928856,0.2771029074192886
SE.CLO.5.LDGAP.R.PRL.2016.R,0.2944713211531031,0.29447132115310304,0.2944713211531031,0.29447132115310304
SE.CLO.5.LDGAP.R.PRL.2016.U,0.5947484831549172,0.5947484831549172,0.5947484831549172,0.5947484831549172
SE.CLO.5.LDGAP.R.SPM.2019.1,0.4739854380593145,0.4739854380593145,0.4739854380593145,0.4739854380593145
SE.CLO.5.LDGAP.R.SPM.2019.2,-0.3744872918179277,-0.37448729181792767,0.3744872918179277,0.37448729181792767
SE.CLO.5.LDGAP.R.SPM.2019.3,-0.6337329210656695,-0.6337329210656698,0.6337329210656695,0.6337329210656698
SE.CLO.5.LDGAP.R.SPM.2019.4,-0.7063507548722203,-0.7063507548722202,0.7063507548722203,0.7063507548722202
SE.CLO.5.LDGAP.R.SPM.2019.5,-0.4036222865604491,-0.4036222865604491,0.4036222865604491,0.4036222865604491
SE.CLO.5.LDGAP.R.SPM.2019.A,-0.28644724117094367,-0.28644724117094367,0.28644724117094367,0.28644724117094367
SE.CLO.5.LDGAP.R.SPM.2019.F,-0.43625177370285645,-0.4362517737028564,0.43625177370285645,0.4362517737028564
SE.CLO.5.LDGAP.R.SPM.2019.M,-0.15667212338642017,-0.15667212338642017,0.15667212338642017,0.15667212338642017
SE.CLO.5.LDGAP.R.SPM.2019.R,0.03251305544386645,0.03251305544386645,0.03251305544386645,0.03251305544386645
SE.CLO.5.LDGAP.R.SPM.2019.U,-0.6535145654225124,-0.6535145654225124,0.6535145654225124,0.6535145654225124
SE.CLO.5.LDGAP.S.TMS.2011.1,0.0,0.0,0.0,0.0
SE.CLO.5.LDGAP.S.TMS.2011.2,0.0,0.0,0.0,0.0
SE.CLO.5.LDGAP.S.TMS.2011.3,0.0,0.0,0.0,0.0
SE.CLO.5.LDGAP.S.TMS.2011.4,0.0,0.0,0.0,0.0
SE.CLO.5.LDGAP.S.TMS.2011.5,0.0,0.0,0.0,0.0
SE.CLO.5.LDGAP.S.TMS.2011.A,0.9102562069346887,0.9102562069346863,0.9102562069346887,0.9102562069346863
SE.CLO.5.LDGAP.S.TMS.2011.F,0.545040710576485,0.5450407105764861,0.545040710576485,0.5450407105764861
SE.CLO.5.LDGAP.S.TMS.2011.M,1.196463454831036,1.1964634548310384,1.196463454831036,1.1964634548310384
SE.CLO.5.LDGAP.S.TMS.2011.R,2.1213203435596424,2.1213203435596424,2.1213203435596424,2.1213203435596424
SE.CLO.5.LDGAP.S.TMS.2011.U,0.6933492458897007,0.6933492458897008,0.6933492458897007,0.6933492458897008
SE.CLO.5.LDGAP.S.TMS.2015.1,2.121320343559642,2.121320343559642,2.121320343559642,2.121320343559642
SE.CLO.5.LDGAP.S.TMS.2015.2,0.0,0.0,0.0,0.0
SE.CLO.5.LDGAP.S.TMS.2015.3,0.0,0.0,0.0,0.0
SE.CLO.5.LDGAP.S.TMS.2015.A,2.1213203435596424,2.1213203435596424,2.1213203435596424,2.1213203435596424
SE.CLO.5.LDGAP.S.TMS.2015.F,2.121320343559642,2.121320343559642,2.121320343559642,2.121320343559642
SE.CLO.5.LDGAP.S.TMS.2015.M,2.1213203435596424,2.1213203435596424,2.1213203435596424,2.1213203435596424
SE.CLO.5.LDGAP.S.TMS.2015.R,2.1213203435596424,2.1213203435596424,2.1213203435596424,2.1213203435596424
SE.CLO.5.LDGAP.S.TMS.2015.U,2.1213203435596433,2.1213203435596433,2.1213203435596433,2.1213203435596433
SE.CLO.5.LDGAP.S.TMS.2019.1,1.1916858747710783,1.191685874771079,1.1916858747710783,1.191685874771079
SE.CLO.5.LDGAP.S.TMS.2019.2,1.0503636074329257,1.0503636074329257,1.0503636074329257,1.0503636074329257
SE.CLO.5.LDGAP.S.TMS.2019.3,0.0,0.0,0.0,0.0
SE.CLO.5.LDGAP.S.TMS.2019.4,2.121320343559642,2.121320343559642,2.121320343559642,2.121320343559642
SE.CLO.5.LDGAP.S.TMS.2019.5,2.121320343559643,2.121320343559643,2.121320343559643,2.121320343559643
SE.CLO.5.LDGAP.S.TMS.2019.A,1.5474918278555647,0.31172674253512217,1.5474918278555647,0.31172674253512217
SE.CLO.5.LDGAP.S.TMS.2019.F,1.618358862435918,0.5229255418904486,1.618358862435918,0.5229255418904486
SE.CLO.5.LDGAP.S.TMS.2019.M,1.5053819767600982,0.17918885335346182,1.5053819767600982,0.17918885335346182
SE.CLO.5.LDGAP.S.TMS.2019.R,1.7956551227147466,1.1761419092351306,1.7956551227147466,1.1761419092351306
SE.CLO.5.LDGAP.S.TMS.2019.U,1.4350005256162193,-0.03628287709046852,1.4350005256162193,0.03628287709046852
SE.CLO.5.LDSEV.M.SPM.2019.1,0.863313340931189,0.8633133409311908,0.863313340931189,0.8633133409311908
SE.CLO.5.LDSEV.M.SPM.2019.2,-0.14605433701913048,-0.1460543370191305,0.14605433701913048,0.1460543370191305
SE.CLO.5.LDSEV.M.SPM.2019.3,-0.4864474972980942,-0.4864474972980942,0.4864474972980942,0.4864474972980942
SE.CLO.5.LDSEV.M.SPM.2019.4,-0.4214304814897133,-0.4214304814897133,0.4214304814897133,0.4214304814897133
SE.CLO.5.LDSEV.M.SPM.2019.5,-0.7985031763703937,-0.7985031763703924,0.7985031763703937,0.7985031763703924
SE.CLO.5.LDSEV.M.SPM.2019.A,0.09316585840115861,0.09316585840115861,0.09316585840115861,0.09316585840115861
SE.CLO.5.LDSEV.M.SPM.2019.F,-0.07797540979672193,-0.0779754097967219,0.07797540979672193,0.0779754097967219
SE.CLO.5.LDSEV.M.SPM.2019.M,0.2647350605971044,0.2647350605971044,0.2647350605971044,0.2647350605971044
SE.CLO.5.LDSEV.M.SPM.2019.R,0.5124976570066164,0.5124976570066165,0.5124976570066164,0.5124976570066165
SE.CLO.5.LDSEV.M.SPM.2019.U,-0.6420696873042889,-0.6420696873042888,0.6420696873042889,0.6420696873042888
SE.CLO.5.LDSEV.M.TMS.2011.1,0.0,0.0,0.0,0.0
SE.CLO.5.LDSEV.M.TMS.2011.2,0.0,0.0,0.0,0.0
SE.CLO.5.LDSEV.M.TMS.2011.3,0.0,0.0,0.0,0.0
SE.CLO.5.LDSEV.M.TMS.2011.4,0.0,0.0,0.0,0.0
SE.CLO.5.LDSEV.M.TMS.2011.5,0.0,0.0,0.0,0.0
SE.CLO.5.LDSEV.M.TMS.2011.A,1.7098966932209985,1.709896693220998,1.7098966932209985,1.709896693220998
SE.CLO.5.LDSEV.M.TMS.2011.F,1.019019467068769,1.0190194670687682,1.019019467068769,1.0190194670687682
SE.CLO.5.LDSEV.M.TMS.2011.M,1.3400049276765724,1.3400049276765724,1.3400049276765724,1.3400049276765724
SE.CLO.5.LDSEV.M.TMS.2011.R,-1.6740865865198815,-1.6740865865198815,1.6740865865198815,1.6740865865198815
SE.CLO.5.LDSEV.M.TMS.2011.U,0.7371303777004727,0.7371303777004753,0.7371303777004727,0.7371303777004753
SE.CLO.5.LDSEV.M.TMS.2015.1,0.9617447592752033,0.9617447592752038,0.9617447592752033,0.9617447592752038
SE.CLO.5.LDSEV.M.TMS.2015.2,0.0,0.0,0.0,0.0
SE.CLO.5.LDSEV.M.TMS.2015.3,2.1213203435596433,2.1213203435596433,2.1213203435596433,2.1213203435596433
SE.CLO.5.LDSEV.M.TMS.2015.4,0.0,0.0,0.0,0.0
SE.CLO.5.LDSEV.M.TMS.2015.5,0.0,0.0,0.0,0.0
SE.CLO.5.LDSEV.M.TMS.2015.A,0.9252206726578319,0.9252206726578319,0.9252206726578319,0.9252206726578319
SE.CLO.5.LDSEV.M.TMS.2015.F,0.8430924171855321,0.843092417185532,0.8430924171855321,0.843092417185532
SE.CLO.5.LDSEV.M.TMS.2015.M,0.9581653727858478,0.9581653727858478,0.9581653727858478,0.9581653727858478
SE.CLO.5.LDSEV.M.TMS.2015.R,0.7581905707075557,0.7581905707075557,0.7581905707075557,0.7581905707075557
SE.CLO.5.LDSEV.M.TMS.2015.U,0.9459646380223364,0.9459646380223364,0.9459646380223364,0.9459646380223364
SE.CLO.5.LDSEV.M.TMS.2019.1,1.2424403012919831,1.242440301291984,1.2424403012919831,1.242440301291984
SE.CLO.5.LDSEV.M.TMS.2019.2,0.8351599143430968,0.8351599143430967,0.8351599143430968,0.8351599143430967
SE.CLO.5.LDSEV.M.TMS.2019.3,0.0,0.0,0.0,0.0
SE.CLO.5.LDSEV.M.TMS.2019.4,2.1213203435596424,2.1213203435596424,2.1213203435596424,2.1213203435596424
SE.CLO.5.LDSEV.M.TMS.2019.5,2.1213203435596424,2.1213203435596424,2.1213203435596424,2.1213203435596424
SE.CLO.5.LDSEV.M.TMS.2019.A,1.1807708112984352,-0.4660757126804834,1.1807708112984352,0.4660757126804834
SE.CLO.5.LDSEV.M.TMS.2019.F,1.0057000788799488,1.0057000788799486,1.0057000788799488,1.0057000788799486
SE.CLO.5.LDSEV.M.TMS.2019.M,1.3145024641389573,-0.20730917190695616,1.3145024641389573,0.20730917190695616
SE.CLO.5.LDSEV.M.TMS.2019.R,1.568241101046005,0.38380838887144775,1.568241101046005,0.38380838887144775
SE.CLO.5.LDSEV.M.TMS.2019.U,0.894119888047713,-1.0227017939870793,0.894119888047713,1.0227017939870793
SE.CLO.5.LDSEV.R.PRL.2001.1,0.0,0.0,0.0,0.0
SE.CLO.5.LDSEV.R.PRL.2001.2,0.0,0.0,0.0,0.0
SE.CLO.5.LDSEV.R.PRL.2001.3,0.0,0.0,0.0,0.0
SE.CLO.5.LDSEV.R.PRL.2001.4,0.0,0.0,0.0,0.0
SE.CLO.5.LDSEV.R.PRL.2001.5,0.0,0.0,0.0,0.0
SE.CLO.5.LDSEV.R.PRL.2001.A,0.0,0.0,0.0,0.0
SE.CLO.5.LDSEV.R.PRL.2001.F,0.0,0.0,0.0,0.0
SE.CLO.5.LDSEV.R.PRL.2001.M,0.0,0.0,0.0,0.0
SE.CLO.5.LDSEV.R.PRL.2001.R,0.0,0.0,0.0,0.0
SE.CLO.5.LDSEV.R.PRL.2001.U,0.0,0.0,0.0,0.0
SE.CLO.5.LDSEV.R.PRL.2006.1,1.363649182914326,1.6283859645121435,1.363649182914326,1.6283859645121435
SE.CLO.5.LDSEV.R.PRL.2006.2,1.4949783710110185,1.6132817256856489,1.4949783710110185,1.6132817256856489
SE.CLO.5.LDSEV.R.PRL.2006.3,1.4415735760288524,1.2676066449592693,1.4415735760288524,1.2676066449592693
SE.CLO.5.LDSEV.R.PRL.2006.4,1.504507126561877,0.09840578780733876,1.504507126561877,0.09840578780733876
SE.CLO.5.LDSEV.R.PRL.2006.5,0.7753925859233306,0.7753925859233307,0.7753925859233306,0.7753925859233307
SE.CLO.5.LDSEV.R.PRL.2006.A,1.211369695034989,2.258104432458931,1.211369695034989,2.258104432458931
SE.CLO.5.LDSEV.R.PRL.2006.F,1.1948693506765637,2.0633558994916488,1.1948693506765637,2.0633558994916488
SE.CLO.5.LDSEV.R.PRL.2006.M,1.4530954251812935,1.6173965318753678,1.4530954251812935,1.6173965318753678
SE.CLO.5.LDSEV.R.PRL.2006.R,1.4770445930446263,1.4770445930446263,1.4770445930446263,1.4770445930446263
SE.CLO.5.LDSEV.R.PRL.2006.U,1.34937329298661,-1.2816503276217768,1.34937329298661,1.2816503276217768
SE.CLO.5.LDSEV.R.PRL.2011.1,0.49485418461192227,0.49485418461192227,0.49485418461192227,0.49485418461192227
SE.CLO.5.LDSEV.R.PRL.2011.2,0.3886255576078335,0.3886255576078334,0.3886255576078335,0.3886255576078334
SE.CLO.5.LDSEV.R.PRL.2011.3,0.4085810754231933,0.4085810754231933,0.4085810754231933,0.4085810754231933
SE.CLO.5.LDSEV.R.PRL.2011.4,0.6586883497865346,0.6586883497865346,0.6586883497865346,0.6586883497865346
SE.CLO.5.LDSEV.R.PRL.2011.5,0.6576880753737294,0.6576880753737294,0.6576880753737294,0.6576880753737294
SE.CLO.5.LDSEV.R.PRL.2011.A,1.9381370963387012,1.9381370963387021,1.9381370963387012,1.9381370963387021
SE.CLO.5.LDSEV.R.PRL.2011.F,2.0891764767308842,2.089176476730884,2.0891764767308842,2.089176476730884
SE.CLO.5.LDSEV.R.PRL.2011.M,1.8727928379952103,1.8727928379952106,1.8727928379952103,1.8727928379952106
SE.CLO.5.LDSEV.R.PRL.2011.R,1.6200978173694092,0.5338244164891086,1.6200978173694092,0.5338244164891086
SE.CLO.5.LDSEV.R.PRL.2011.U,2.1182699225456134,2.1182699225456134,2.1182699225456134,2.1182699225456134
SE.CLO.5.LDSEV.R.PRL.2016.1,-0.2933833568798773,-0.29338335687987727,0.2933833568798773,0.29338335687987727
SE.CLO.5.LDSEV.R.PRL.2016.2,0.8973664729305849,0.8973664729305848,0.8973664729305849,0.8973664729305848
SE.CLO.5.LDSEV.R.PRL.2016.3,0.7430530495394054,0.7430530495394045,0.7430530495394054,0.7430530495394045
SE.CLO.5.LDSEV.R.PRL.2016.4,1.0230550795358337,1.0230550795358337,1.0230550795358337,1.0230550795358337
SE.CLO.5.LDSEV.R.PRL.2016.5,1.1511919081245878,1.1511919081245878,1.1511919081245878,1.1511919081245878
SE.CLO.5.LDSEV.R.PRL.2016.A,0.3432827454938848,0.3432827454938848,0.3432827454938848,0.3432827454938848
SE.CLO.5.LDSEV.R.PRL.2016.F,-0.10047083608659735,-0.10047083608659735,0.10047083608659735,0.10047083608659735
SE.CLO.5.LDSEV.R.PRL.2016.M,0.569738672771728,0.569738672771728,0.569738672771728,0.569738672771728
SE.CLO.5.LDSEV.R.PRL.2016.R,0.5857987054212065,0.5857987054212066,0.5857987054212065,0.5857987054212066
SE.CLO.5.LDSEV.R.PRL.2016.U,0.8659894113360594,0.8659894113360604,0.8659894113360594,0.8659894113360604
SE.CLO.5.LDSEV.R.SPM.2019.1,0.9704654359400368,0.9704654359400368,0.9704654359400368,0.9704654359400368
SE.CLO.5.LDSEV.R.SPM.2019.2,0.06591489155958162,0.0659148915595816,0.06591489155958162,0.0659148915595816
SE.CLO.5.LDSEV.R.SPM.2019.3,-0.14048125172126302,-0.14048125172126302,0.14048125172126302,0.14048125172126302
SE.CLO.5.LDSEV.R.SPM.2019.4,-0.2818727478473167,-0.2818727478473167,0.2818727478473167,0.2818727478473167
SE.CLO.5.LDSEV.R.SPM.2019.5,0.106576664121364,0.106576664121364,0.106576664121364,0.106576664121364
SE.CLO.5.LDSEV.R.SPM.2019.A,0.20570146085016308,0.20570146085016147,0.20570146085016308,0.20570146085016147
SE.CLO.5.LDSEV.R.SPM.2019.F,0.009132988238184961,-1.6360253599458296,0.009132988238184961,1.6360253599458296
SE.CLO.5.LDSEV.R.SPM.2019.M,0.37075735295442325,0.3707573529544232,0.37075735295442325,0.3707573529544232
SE.CLO.5.LDSEV.R.SPM.2019.R,0.5606604034853816,0.5606604034853816,0.5606604034853816,0.5606604034853816
SE.CLO.5.LDSEV.R.SPM.2019.U,-0.3141511966978577,-0.3141511966978577,0.3141511966978577,0.3141511966978577
SE.CLO.5.LDSEV.S.TMS.2011.1,0.0,0.0,0.0,0.0
SE.CLO.5.LDSEV.S.TMS.2011.2,0.0,0.0,0.0,0.0
SE.CLO.5.LDSEV.S.TMS.2011.3,0.0,0.0,0.0,0.0
SE.CLO.5.LDSEV.S.TMS.2011.4,0.0,0.0,0.0,0.0
SE.CLO.5.LDSEV.S.TMS.2011.5,0.0,0.0,0.0,0.0
SE.CLO.5.LDSEV.S.TMS.2011.A,1.153107389936343,1.153107389936344,1.153107389936343,1.153107389936344
SE.CLO.5.LDSEV.S.TMS.2011.F,0.9844914107174272,0.9844914107174284,0.9844914107174272,0.9844914107174284
SE.CLO.5.LDSEV.S.TMS.2011.M,1.2888572134332672,1.2888572134332676,1.2888572134332672,1.2888572134332676
SE.CLO.5.LDSEV.S.TMS.2011.R,2.121320343559643,2.121320343559643,2.121320343559643,2.121320343559643
SE.CLO.5.LDSEV.S.TMS.2011.U,0.9112713895810237,0.9112713895810239,0.9112713895810237,0.9112713895810239
SE.CLO.5.LDSEV.S.TMS.2015.1,2.121320343559643,2.121320343559643,2.121320343559643,2.121320343559643
SE.CLO.5.LDSEV.S.TMS.2015.2,0.0,0.0,0.0,0.0
SE.CLO.5.LDSEV.S.TMS.2015.3,0.0,0.0,0.0,0.0
SE.CLO.5.LDSEV.S.TMS.2015.A,2.1213203435596424,2.1213203435596424,2.1213203435596424,2.1213203435596424
SE.CLO.5.LDSEV.S.TMS.2015.F,2.121320343559643,2.121320343559643,2.121320343559643,2.121320343559643
SE.CLO.5.LDSEV.S.TMS.2015.M,2.1213203435596424,2.1213203435596424,2.1213203435596424,2.1213203435596424
SE.CLO.5.LDSEV.S.TMS.2015.R,2.121320343559643,2.121320343559643,2.121320343559643,2.121320343559643
SE.CLO.5.LDSEV.S.TMS.2015.U,2.121320343559643,2.121320343559643,2.121320343559643,2.121320343559643
SE.CLO.5.LDSEV.S.TMS.2019.1,1.4015318761696738,1.4015318761696736,1.4015318761696738,1.4015318761696736
SE.CLO.5.LDSEV.S.TMS.2019.2,1.3300792821728404,1.3300792821728413,1.3300792821728404,1.3300792821728413
SE.CLO.5.LDSEV.S.TMS.2019.3,0.0,0.0,0.0,0.0
SE.CLO.5.LDSEV.S.TMS.2019.4,2.121320343559643,2.121320343559643,2.121320343559643,2.121320343559643
SE.CLO.5.LDSEV.S.TMS.2019.5,2.121320343559642,2.121320343559642,2.121320343559642,2.121320343559642
SE.CLO.5.LDSEV.S.TMS.2019.A,1.6005276489824374,0.6079790675511709,1.6005276489824374,0.6079790675511709
SE.CLO.5.LDSEV.S.TMS.2019.F,1.6245671912972164,0.705510996207934,1.6245671912972164,0.705510996207934
SE.CLO.5.LDSEV.S.TMS.2019.M,1.588465169621784,0.5581456626060346,1.588465169621784,0.5581456626060346
SE.CLO.5.LDSEV.S.TMS.2019.R,1.6557410025223929,0.9711068166194023,1.6557410025223929,0.9711068166194023
SE.CLO.5.LDSEV.S.TMS.2019.U,1.577974402442782,0.48036657191610094,1.577974402442782,0.48036657191610094
SE.CLO.5.PRF.M.SPM.2019.1,1.6587386639085895,1.6587386639085895,1.6587386639085895,1.6587386639085895
SE.CLO.5.PRF.M.SPM.2019.2,1.766721524063292,1.766721524063292,1.766721524063292,1.766721524063292
SE.CLO.5.PRF.M.SPM.2019.3,1.6975256007931965,1.6975256007931967,1.6975256007931965,1.6975256007931967
SE.CLO.5.PRF.M.SPM.2019.4,1.4224392881687424,1.4224392881687424,1.4224392881687424,1.4224392881687424
SE.CLO.5.PRF.M.SPM.2019.5,1.1017981169839528,1.1017981169839528,1.1017981169839528,1.1017981169839528
SE.CLO.5.PRF.M.SPM.2019.A,1.5454118594413695,1.54541185944137,1.5454118594413695,1.54541185944137
SE.CLO.5.PRF.M.SPM.2019.F,1.5509504451206388,1.550950445120639,1.5509504451206388,1.550950445120639
SE.CLO.5.PRF.M.SPM.2019.M,1.5342296524503058,1.5342296524503054,1.5342296524503058,1.5342296524503054
SE.CLO.5.PRF.M.SPM.2019.R,1.695266075877266,1.6952660758772666,1.695266075877266,1.6952660758772666
SE.CLO.5.PRF.M.SPM.2019.U,1.6746156566290888,1.6746156566290888,1.6746156566290888,1.6746156566290888
SE.CLO.5.PRF.M.TMS.2011.1,0.0,0.0,0.0,0.0
SE.CLO.5.PRF.M.TMS.2011.2,0.0,0.0,0.0,0.0
SE.CLO.5.PRF.M.TMS.2011.3,0.0,0.0,0.0,0.0
SE.CLO.5.PRF.M.TMS.2011.4,0.0,0.0,0.0,0.0
SE.CLO.5.PRF.M.TMS.2011.5,0.0,0.0,0.0,0.0
SE.CLO.5.PRF.M.TMS.2011.A,0.3972117832838258,0.3972117832838258,0.3972117832838258,0.3972117832838258
SE.CLO.5.PRF.M.TMS.2011.F,0.8637180117232852,0.8637180117232852,0.8637180117232852,0.8637180117232852
SE.CLO.5.PRF.M.TMS.2011.M,-0.07543998839196633,-0.07543998839196633,0.07543998839196633,0.07543998839196633
SE.CLO.5.PRF.M.TMS.2011.R,-0.2724897866424761,-0.27248978664246476,0.2724897866424761,0.27248978664246476
SE.CLO.5.PRF.M.TMS.2011.U,0.7580495923801479,0.7580495923801478,0.7580495923801479,0.7580495923801478
SE.CLO.5.PRF.M.TMS.2015.1,-1.012364361653971,-1.012364361653972,1.012364361653971,1.012364361653972
SE.CLO.5.PRF.M.TMS.2015.2,0.0,0.0,0.0,0.0
SE.CLO.5.PRF.M.TMS.2015.3,2.121320343559643,2.121320343559643,2.121320343559643,2.121320343559643
SE.CLO.5.PRF.M.TMS.2015.4,0.0,0.0,0.0,0.0
SE.CLO.5.PRF.M.TMS.2015.5,0.0,0.0,0.0,0.0
SE.CLO.5.PRF.M.TMS.2015.A,-1.1173390999024577,-1.1173390999024577,1.1173390999024577,1.1173390999024577
SE.CLO.5.PRF.M.TMS.2015.F,-1.112912918632795,-1.1129129186327955,1.112912918632795,1.1129129186327955
SE.CLO.5.PRF.M.TMS.2015.M,-1.119736162067292,-1.119736162067292,1.119736162067292,1.119736162067292
SE.CLO.5.PRF.M.TMS.2015.R,-1.331624477395904,-1.3316244773959043,1.331624477395904,1.3316244773959043
SE.CLO.5.PRF.M.TMS.2015.U,-0.9062270272623218,-0.9062270272623218,0.9062270272623218,0.9062270272623218
SE.CLO.5.PRF.M.TMS.2019.1,-1.6418892100745537,-1.6418892100745537,1.6418892100745537,1.6418892100745537
SE.CLO.5.PRF.M.TMS.2019.2,-1.5786604147896068,-1.578660414789607,1.5786604147896068,1.578660414789607
SE.CLO.5.PRF.M.TMS.2019.3,0.0,0.0,0.0,0.0
SE.CLO.5.PRF.M.TMS.2019.4,2.1213203435596433,2.1213203435596433,2.1213203435596433,2.1213203435596433
SE.CLO.5.PRF.M.TMS.2019.5,2.1213203435596424,2.1213203435596424,2.1213203435596424,2.1213203435596424
SE.CLO.5.PRF.M.TMS.2019.A,-0.8655310520062535,-0.8655310520062534,0.8655310520062535,0.8655310520062534
SE.CLO.5.PRF.M.TMS.2019.F,-0.8041252114968478,-0.8041252114968456,0.8041252114968478,0.8041252114968456
SE.CLO.5.PRF.M.TMS.2019.M,-0.9242362312870664,-0.9242362312870664,0.9242362312870664,0.9242362312870664
SE.CLO.5.PRF.M.TMS.2019.R,-0.49852027049020814,-0.49852027049020814,0.49852027049020814,0.49852027049020814
SE.CLO.5.PRF.M.TMS.2019.U,-0.5744528469141307,-0.5744528469141303,0.5744528469141307,0.5744528469141303
SE.CLO.5.PRF.R.PRL.2001.1,0.0,0.0,0.0,0.0
SE.CLO.5.PRF.R.PRL.2001.2,0.0,0.0,0.0,0.0
SE.CLO.5.PRF.R.PRL.2001.3,0.0,0.0,0.0,0.0
SE.CLO.5.PRF.R.PRL.2001.4,0.0,0.0,0.0,0.0
SE.CLO.5.PRF.R.PRL.2001.5,0.0,0.0,0.0,0.0
SE.CLO.5.PRF.R.PRL.2001.A,0.0,0.0,0.0,0.0
SE.CLO.5.PRF.R.PRL.2001.F,0.0,0.0,0.0,0.0
SE.CLO.5.PRF.R.PRL.2001.M,0.0,0.0,0.0,0.0
SE.CLO.5.PRF.R.PRL.2001.R,0.0,0.0,0.0,0.0
SE.CLO.5.PRF.R.PRL.2001.U,0.0,0.0,0.0,0.0
SE.CLO.5.PRF.R.PRL.2006.1,-1.3684634411271328,-0.27376045398130106,1.3684634411271328,0.27376045398130106
SE.CLO.5.PRF.R.PRL.2006.2,-1.4225112693319213,-1.1422494071921359,1.4225112693319213,1.1422494071921359
SE.CLO.5.PRF.R.PRL.2006.3,-1.3945267036430722,-0.900398169948027,1.3945267036430722,0.900398169948027
SE.CLO.5.PRF.R.PRL.2006.4,-1.3653417052303969,-0.5839136321123408,1.3653417052303969,0.5839136321123408
SE.CLO.5.PRF.R.PRL.2006.5,-1.2106171729940587,2.2469982555396273,1.2106171729940587,2.2469982555396273
SE.CLO.5.PRF.R.PRL.2006.A,-1.4027666228919988,-0.8560563321507061,1.4027666228919988,0.8560563321507061
SE.CLO.5.PRF.R.PRL.2006.F,-1.3691397136711496,-0.6015908674803145,1.3691397136711496,0.6015908674803145
SE.CLO.5.PRF.R.PRL.2006.M,-1.4327709564710238,-0.9721363239729423,1.4327709564710238,0.9721363239729423
SE.CLO.5.PRF.R.PRL.2006.R,-1.3101821289359992,-1.3101821289359992,1.3101821289359992,1.3101821289359992
SE.CLO.5.PRF.R.PRL.2006.U,-1.2304510087186609,-1.2304510087186622,1.2304510087186609,1.2304510087186622
SE.CLO.5.PRF.R.PRL.2011.1,-0.1946811961307164,-0.1946811961307143,0.1946811961307164,0.1946811961307143
SE.CLO.5.PRF.R.PRL.2011.2,-0.6318651037606118,-0.6318651037606119,0.6318651037606118,0.6318651037606119
SE.CLO.5.PRF.R.PRL.2011.3,-0.7385753150674531,-0.7385753150674532,0.7385753150674531,0.7385753150674532
SE.CLO.5.PRF.R.PRL.2011.4,-0.7889391190708243,-0.7889391190708284,0.7889391190708243,0.7889391190708284
SE.CLO.5.PRF.R.PRL.2011.5,-1.0107896880705647,-1.0107896880705634,1.0107896880705647,1.0107896880705634
SE.CLO.5.PRF.R.PRL.2011.A,0.27261340487308117,0.27261340487308117,0.27261340487308117,0.27261340487308117
SE.CLO.5.PRF.R.PRL.2011.F,0.2687983439750047,0.2687983439750047,0.2687983439750047,0.2687983439750047
SE.CLO.5.PRF.R.PRL.2011.M,0.2691596944078759,0.2691596944078759,0.2691596944078759,0.2691596944078759
SE.CLO.5.PRF.R.PRL.2011.R,-0.868702993443436,-0.8687029934434362,0.868702993443436,0.8687029934434362
SE.CLO.5.PRF.R.PRL.2011.U,0.72859297722999,0.7285929772299903,0.72859297722999,0.7285929772299903
SE.CLO.5.PRF.R.PRL.2016.1,0.2898388511002227,0.28983885110022267,0.2898388511002227,0.28983885110022267
SE.CLO.5.PRF.R.PRL.2016.2,0.04632363532734077,0.04632363532734077,0.04632363532734077,0.04632363532734077
SE.CLO.5.PRF.R.PRL.2016.3,0.42715463979607915,0.42715463979607676,0.42715463979607915,0.42715463979607676
SE.CLO.5.PRF.R.PRL.2016.4,0.52054014726583,0.52054014726583,0.52054014726583,0.52054014726583
SE.CLO.5.PRF.R.PRL.2016.5,2.277911603798762,2.277911603798761,2.277911603798762,2.277911603798761
SE.CLO.5.PRF.R.PRL.2016.A,0.5786825709689244,0.5786825709689215,0.5786825709689244,0.5786825709689215
SE.CLO.5.PRF.R.PRL.2016.F,0.4961553240997256,0.4961553240997257,0.4961553240997256,0.4961553240997257
SE.CLO.5.PRF.R.PRL.2016.M,0.602390461013878,0.602390461013878,0.602390461013878,0.602390461013878
SE.CLO.5.PRF.R.PRL.2016.R,0.45436547142705375,0.45436547142705375,0.45436547142705375,0.45436547142705375
SE.CLO.5.PRF.R.PRL.2016.U,0.8741944005092032,0.8741944005092002,0.8741944005092032,0.8741944005092002
SE.CLO.5.PRF.R.SPM.2019.1,1.559018692558453,1.5590186925584526,1.559018692558453,1.5590186925584526
SE.CLO.5.PRF.R.SPM.2019.2,1.7057572921289392,1.7057572921289395,1.7057572921289392,1.7057572921289395
SE.CLO.5.PRF.R.SPM.2019.3,1.648219692312304,1.648219692312304,1.648219692312304,1.648219692312304
SE.CLO.5.PRF.R.SPM.2019.4,1.6210659110501695,1.621065911050169,1.6210659110501695,1.621065911050169
SE.CLO.5.PRF.R.SPM.2019.5,1.368102344656359,1.368102344656359,1.368102344656359,1.368102344656359
SE.CLO.5.PRF.R.SPM.2019.A,1.6175170904061065,1.6175170904061065,1.6175170904061065,1.6175170904061065
SE.CLO.5.PRF.R.SPM.2019.F,1.6512719863716865,1.651271986371687,1.6512719863716865,1.651271986371687
SE.CLO.5.PRF.R.SPM.2019.M,1.7003743965545888,1.700374396554589,1.7003743965545888,1.700374396554589
SE.CLO.5.PRF.R.SPM.2019.R,1.8021355494864184,1.8021355494864184,1.8021355494864184,1.8021355494864184
SE.CLO.5.PRF.R.SPM.2019.U,1.4448555495379003,1.4448555495379012,1.4448555495379003,1.4448555495379012
SE.CLO.5.PRF.S.TMS.2011.1,0.0,0.0,0.0,0.0
SE.CLO.5.PRF.S.TMS.2011.2,0.0,0.0,0.0,0.0
SE.CLO.5.PRF.S.TMS.2011.3,0.0,0.0,0.0,0.0
SE.CLO.5.PRF.S.TMS.2011.4,0.0,0.0,0.0,0.0
SE.CLO.5.PRF.S.TMS.2011.5,0.0,0.0,0.0,0.0
SE.CLO.5.PRF.S.TMS.2011.A,-0.8255337057316361,-0.8255337057316361,0.8255337057316361,0.8255337057316361
SE.CLO.5.PRF.S.TMS.2011.F,-0.8402679392707355,-0.8402679392707355,0.8402679392707355,0.8402679392707355
SE.CLO.5.PRF.S.TMS.2011.M,-0.8069872556373899,-0.8069872556373899,0.8069872556373899,0.8069872556373899
SE.CLO.5.PRF.S.TMS.2011.R,0.08252508963176727,0.08252508963176726,0.08252508963176727,0.08252508963176726
SE.CLO.5.PRF.S.TMS.2011.U,-0.9696609615400057,-0.969660961540001,0.9696609615400057,0.969660961540001
SE.CLO.5.PRF.S.TMS.2015.1,2.121320343559646,2.121320343559646,2.121320343559646,2.121320343559646
SE.CLO.5.PRF.S.TMS.2015.2,0.0,0.0,0.0,0.0
SE.CLO.5.PRF.S.TMS.2015.3,0.0,0.0,0.0,0.0
SE.CLO.5.PRF.S.TMS.2015.A,2.121320343559643,2.121320343559643,2.121320343559643,2.121320343559643
SE.CLO.5.PRF.S.TMS.2015.F,2.121320343559643,2.121320343559643,2.121320343559643,2.121320343559643
SE.CLO.5.PRF.S.TMS.2015.M,2.1213203435596424,2.1213203435596424,2.1213203435596424,2.1213203435596424
SE.CLO.5.PRF.S.TMS.2015.R,2.121320343559643,2.121320343559643,2.121320343559643,2.121320343559643
SE.CLO.5.PRF.S.TMS.2015.U,2.121320343559643,2.121320343559643,2.121320343559643,2.121320343559643
SE.CLO.5.PRF.S.TMS.2019.1,-1.6202056371400955,-1.620205637140095,1.6202056371400955,1.620205637140095
SE.CLO.5.PRF.S.TMS.2019.2,-1.6115544244490767,-1.6115544244490767,1.6115544244490767,1.6115544244490767
SE.CLO.5.PRF.S.TMS.2019.3,0.0,0.0,0.0,0.0
SE.CLO.5.PRF.S.TMS.2019.4,2.1213203435596433,2.1213203435596433,2.1213203435596433,2.1213203435596433
SE.CLO.5.PRF.S.TMS.2019.5,2.1213203435596424,2.1213203435596424,2.1213203435596424,2.1213203435596424
SE.CLO.5.PRF.S.TMS.2019.A,-1.2412896740242823,-1.241289674024282,1.2412896740242823,1.241289674024282
SE.CLO.5.PRF.S.TMS.2019.F,-1.2662786561184776,-1.2662786561184773,1.2662786561184776,1.2662786561184773
SE.CLO.5.PRF.S.TMS.2019.M,-1.2247278401770707,-1.2247278401770707,1.2247278401770707,1.2247278401770707
SE.CLO.5.PRF.S.TMS.2019.R,-0.644358962436867,-0.6443589624368669,0.644358962436867,0.6443589624368669
SE.CLO.5.PRF.S.TMS.2019.U,-1.053192944156776,-1.053192944156776,1.053192944156776,1.053192944156776
SE.CLO.6.LDGAP.M.PSC.2014.1,0.21048383683896,0.06911513140709168,0.21048383683896,0.06911513140709168
SE.CLO.6.LDGAP.M.PSC.2014.2,-0.6198505492671277,-0.6198505492671277,0.6198505492671277,0.6198505492671277
SE.CLO.6.LDGAP.M.PSC.2014.3,0.32213624636514065,0.6518457626635035,0.32213624636514065,0.6518457626635035
SE.CLO.6.LDGAP.M.PSC.2014.4,-0.15916947450323704,-0.5521026990113865,0.15916947450323704,0.5521026990113865
SE.CLO.6.LDGAP.M.PSC.2014.5,0.5481822338997266,-0.31483913773073324,0.5481822338997266,0.31483913773073324
SE.CLO.6.LDGAP.M.PSC.2014.A,-0.04226769979066173,0.018362720139844708,0.04226769979066173,0.018362720139844708
SE.CLO.6.LDGAP.M.PSC.2014.F,0.2952667036966434,0.8483206305741435,0.2952667036966434,0.8483206305741435
SE.CLO.6.LDGAP.M.PSC.2014.M,-0.1231636097938635,-0.27412805733166146,0.1231636097938635,0.27412805733166146
SE.CLO.6.LDGAP.M.PSC.2014.R,-0.6440354384630422,-0.01711278245626621,0.6440354384630422,0.01711278245626621
SE.CLO.6.LDGAP.M.PSC.2014.U,1.0345704159149816,1.0345704159149813,1.0345704159149816,1.0345704159149813
SE.CLO.6.LDGAP.M.PSC.2019.1,-1.232527128218467,-1.2325271282184618,1.232527128218467,1.2325271282184618
SE.CLO.6.LDGAP.M.PSC.2019.2,-1.2603212666783024,-1.2603212666783021,1.2603212666783024,1.2603212666783021
SE.CLO.6.LDGAP.M.PSC.2019.3,-0.8755816167965343,-0.8755816167965326,0.8755816167965343,0.8755816167965326
SE.CLO.6.LDGAP.M.PSC.2019.4,0.09268078085262281,0.09268078085262084,0.09268078085262281,0.09268078085262084
SE.CLO.6.LDGAP.M.PSC.2019.5,0.128597610914005,0.128597610914005,0.128597610914005,0.128597610914005
SE.CLO.6.LDGAP.M.PSC.2019.A,-0.7424373395525741,-0.7424373395525741,0.7424373395525741,0.7424373395525741
SE.CLO.6.LDGAP.M.PSC.2019.F,-0.7089342994460869,-0.708934299446087,0.7089342994460869,0.708934299446087
SE.CLO.6.LDGAP.M.PSC.2019.M,-0.7720204679922527,-0.7720204679922545,0.7720204679922527,0.7720204679922545
SE.CLO.6.LDGAP.M.PSC.2019.R,-0.9782800567459227,-0.9782800567459229,0.9782800567459227,0.9782800567459229
SE.CLO.6.LDGAP.M.PSC.2019.U,-0.22864020984458866,-0.22864020984459105,0.22864020984458866,0.22864020984459105
SE.CLO.6.LDGAP.M.TMS.2011.1,2.121320343559643,2.121320343559643,2.121320343559643,2.121320343559643
SE.CLO.6.LDGAP.M.TMS.2011.2,2.1213203435597157,2.1213203435597157,2.1213203435597157,2.1213203435597157
SE.CLO.6.LDGAP.M.TMS.2011.3,2.1213203435596424,2.1213203435596424,2.1213203435596424,2.1213203435596424
SE.CLO.6.LDGAP.M.TMS.2011.4,2.1213203435596424,2.1213203435596424,2.1213203435596424,2.1213203435596424
SE.CLO.6.LDGAP.M.TMS.2011.5,2.121320343559641,2.121320343559641,2.121320343559641,2.121320343559641
SE.CLO.6.LDGAP.M.TMS.2011.A,1.7227882318623502,1.7227882318623502,1.7227882318623502,1.7227882318623502
SE.CLO.6.LDGAP.M.TMS.2011.F,0.9703348117781175,0.9703348117781178,0.9703348117781175,0.9703348117781178
SE.CLO.6.LDGAP.M.TMS.2011.M,1.1663448337561024,1.1663448337561027,1.1663448337561024,1.1663448337561027
SE.CLO.6.LDGAP.M.TMS.2011.R,1.580361139379904,1.5803611393799037,1.580361139379904,1.5803611393799037
SE.CLO.6.LDGAP.M.TMS.2011.U,1.3918115273311917,1.3918115273311917,1.3918115273311917,1.3918115273311917
SE.CLO.6.LDGAP.R.LLC.2006.1,1.6354933183848348,1.6354933183848348,1.6354933183848348,1.6354933183848348
SE.CLO.6.LDGAP.R.LLC.2006.2,1.6611137171202617,1.6611137171202612,1.6611137171202617,1.6611137171202612
SE.CLO.6.LDGAP.R.LLC.2006.3,0.8438559502095628,0.8438559502095632,0.8438559502095628,0.8438559502095632
SE.CLO.6.LDGAP.R.LLC.2006.4,0.47317478980314914,0.47317478980315253,0.47317478980314914,0.47317478980315253
SE.CLO.6.LDGAP.R.LLC.2006.5,1.1150861570227952,0.7446649987223519,1.1150861570227952,0.7446649987223519
SE.CLO.6.LDGAP.R.LLC.2006.A,0.5862822418071018,0.5862822418070986,0.5862822418071018,0.5862822418070986
SE.CLO.6.LDGAP.R.LLC.2006.F,0.20140946144142652,0.2014094614414296,0.20140946144142652,0.2014094614414296
SE.CLO.6.LDGAP.R.LLC.2006.M,0.7575214087619356,0.7575214087619326,0.7575214087619356,0.7575214087619326
SE.CLO.6.LDGAP.R.LLC.2006.R,0.6905737166834927,0.6905737166834927,0.6905737166834927,0.6905737166834927
SE.CLO.6.LDGAP.R.LLC.2006.U,0.5969138625690793,0.2683643408064986,0.5969138625690793,0.2683643408064986
SE.CLO.6.LDGAP.R.LLC.2013.1,0.012400489584731741,0.01240048958473473,0.012400489584731741,0.01240048958473473
SE.CLO.6.LDGAP.R.LLC.2013.2,0.1422177337648537,0.14221773376485367,0.1422177337648537,0.14221773376485367
SE.CLO.6.LDGAP.R.LLC.2013.3,-0.5094762877705998,-0.5094762877706,0.5094762877705998,0.5094762877706
SE.CLO.6.LDGAP.R.LLC.2013.4,-0.5702954997627989,-0.5702954997628035,0.5702954997627989,0.5702954997628035
SE.CLO.6.LDGAP.R.LLC.2013.5,-0.2538019635195586,-0.2538019635195586,0.2538019635195586,0.2538019635195586
SE.CLO.6.LDGAP.R.LLC.2013.A,-0.32041002808400326,-0.32041002808400326,0.32041002808400326,0.32041002808400326
SE.CLO.6.LDGAP.R.LLC.2013.F,-0.5695055818651868,-0.5695055818651893,0.5695055818651868,0.5695055818651893
SE.CLO.6.LDGAP.R.LLC.2013.M,-0.17781543893915858,-0.17781543893916327,0.17781543893915858,0.17781543893916327
SE.CLO.6.LDGAP.R.LLC.2013.R,0.39203734525530815,0.39203734525530176,0.39203734525530815,0.39203734525530176
SE.CLO.6.LDGAP.R.LLC.2013.U,0.03597906869040539,0.1383413307534108,0.03597906869040539,0.1383413307534108
SE.CLO.6.LDGAP.R.PRL.2011.1,0.4681838984163808,0.4681838984163808,0.4681838984163808,0.4681838984163808
SE.CLO.6.LDGAP.R.PRL.2011.2,0.9235225653182016,-1.4928856719163124,0.9235225653182016,1.4928856719163124
SE.CLO.6.LDGAP.R.PRL.2011.3,1.0368386270900214,1.0368386270900214,1.0368386270900214,1.0368386270900214
SE.CLO.6.LDGAP.R.PRL.2011.4,0.56833729768833,-1.517445713809913,0.56833729768833,1.517445713809913
SE.CLO.6.LDGAP.R.PRL.2011.5,0.13184376521585114,0.13184376521585114,0.13184376521585114,0.13184376521585114
SE.CLO.6.LDGAP.R.PRL.2011.A,0.6039367696697654,-1.4470247622425485,0.6039367696697654,1.4470247622425485
SE.CLO.6.LDGAP.R.PRL.2011.F,1.2957092426279615,-1.0420049066560795,1.2957092426279615,1.0420049066560795
SE.CLO.6.LDGAP.R.PRL.2011.M,0.19361878731163962,0.19361878731163962,0.19361878731163962,0.19361878731163962
SE.CLO.6.LDGAP.R.PRL.2011.R,1.2369132368020561,-0.5687051977937854,1.2369132368020561,0.5687051977937854
SE.CLO.6.LDGAP.R.PRL.2011.U,0.17352854616795055,0.17352854616795058,0.17352854616795055,0.17352854616795058
SE.CLO.6.LDGAP.R.PSC.2014.1,0.5207809783288593,0.6879447293892499,0.5207809783288593,0.6879447293892499
SE.CLO.6.LDGAP.R.PSC.2014.2,0.15242149062446816,-0.5510635772918027,0.15242149062446816,0.5510635772918027
SE.CLO.6.LDGAP.R.PSC.2014.3,0.8446991856333248,-0.27552265869471665,0.8446991856333248,0.27552265869471665
SE.CLO.6.LDGAP.R.PSC.2014.4,1.1185022934972082,-0.7084684431827825,1.1185022934972082,0.7084684431827825
SE.CLO.6.LDGAP.R.PSC.2014.5,1.4959983513108324,0.5659797972278031,1.4959983513108324,0.5659797972278031
SE.CLO.6.LDGAP.R.PSC.2014.A,0.5993194132592742,-0.6910720181573707,0.5993194132592742,0.6910720181573707
SE.CLO.6.LDGAP.R.PSC.2014.F,0.5376711306565934,-1.092721467734491,0.5376711306565934,1.092721467734491
SE.CLO.6.LDGAP.R.PSC.2014.M,0.7618790859793432,-0.3449388160288973,0.7618790859793432,0.3449388160288973
SE.CLO.6.LDGAP.R.PSC.2014.R,0.21019811385179668,-0.9332911785132982,0.21019811385179668,0.9332911785132982
SE.CLO.6.LDGAP.R.PSC.2014.U,1.009902266394578,1.2874650092152997,1.009902266394578,1.2874650092152997
SE.CLO.6.LDGAP.R.PSC.2019.1,-1.0350432404678802,-1.0350432404678804,1.0350432404678802,1.0350432404678804
SE.CLO.6.LDGAP.R.PSC.2019.2,0.23194858774946617,0.23194858774946797,0.23194858774946617,0.23194858774946797
SE.CLO.6.LDGAP.R.PSC.2019.3,-0.6352801713099502,-0.63528017130995,0.6352801713099502,0.63528017130995
SE.CLO.6.LDGAP.R.PSC.2019.4,-0.418853027830875,-0.418853027830875,0.418853027830875,0.418853027830875
SE.CLO.6.LDGAP.R.PSC.2019.5,0.15057419628614707,0.1505741962861471,0.15057419628614707,0.1505741962861471
SE.CLO.6.LDGAP.R.PSC.2019.A,-0.3931857507843642,-0.3931857507843642,0.3931857507843642,0.3931857507843642
SE.CLO.6.LDGAP.R.PSC.2019.F,-0.5734522327443184,-0.5734522327443202,0.5734522327443184,0.5734522327443202
SE.CLO.6.LDGAP.R.PSC.2019.M,-0.22451835795506864,-0.22451835795507052,0.22451835795506864,0.22451835795507052
SE.CLO.6.LDGAP.R.PSC.2019.R,-1.3381276066842112,-1.3381276066842127,1.3381276066842112,1.3381276066842127
SE.CLO.6.LDGAP.R.PSC.2019.U,0.06132840134854963,0.06132840134855173,0.06132840134854963,0.06132840134855173
SE.CLO.6.LDGAP.R.SAC.2000.1,0.10326079555159237,0.10326079555159234,0.10326079555159237,0.10326079555159234
SE.CLO.6.LDGAP.R.SAC.2000.2,-0.5502981797005857,-0.5502981797005856,0.5502981797005857,0.5502981797005856
SE.CLO.6.LDGAP.R.SAC.2000.3,-0.6701121107985237,-0.6701121107985213,0.6701121107985237,0.6701121107985213
SE.CLO.6.LDGAP.R.SAC.2000.4,-1.0072165703642684,-1.0072165703642713,1.0072165703642684,1.0072165703642713
SE.CLO.6.LDGAP.R.SAC.2000.5,-0.8142223523210567,-0.8142223523210567,0.8142223523210567,0.8142223523210567
SE.CLO.6.LDGAP.R.SAC.2000.A,-0.5928354583070066,-0.5928354583070066,0.5928354583070066,0.5928354583070066
SE.CLO.6.LDGAP.R.SAC.2000.F,-0.5451450727160498,-0.5451450727160498,0.5451450727160498,0.5451450727160498
SE.CLO.6.LDGAP.R.SAC.2000.M,-0.5003075898727416,-0.5003075898727417,0.5003075898727416,0.5003075898727417
SE.CLO.6.LDGAP.R.SAC.2000.R,-0.41166174354794327,-0.41166174354794327,0.41166174354794327,0.41166174354794327
SE.CLO.6.LDGAP.R.SAC.2000.U,-0.5814450553231226,-0.5814450553231251,0.5814450553231226,0.5814450553231251
SE.CLO.6.LDGAP.R.SAC.2007.1,-0.09020358863435426,0.6385506565273183,0.09020358863435426,0.6385506565273183
SE.CLO.6.LDGAP.R.SAC.2007.2,-0.2136787234977407,-0.01794537436384961,0.2136787234977407,0.01794537436384961
SE.CLO.6.LDGAP.R.SAC.2007.3,-0.46175138179728314,-0.46175138179728326,0.46175138179728314,0.46175138179728326
SE.CLO.6.LDGAP.R.SAC.2007.4,-0.39120357922517346,-0.39120357922517185,0.39120357922517346,0.39120357922517185
SE.CLO.6.LDGAP.R.SAC.2007.5,0.190211079370176,0.19021107937017245,0.190211079370176,0.19021107937017245
SE.CLO.6.LDGAP.R.SAC.2007.A,-0.296624316701257,0.12252301543357243,0.296624316701257,0.12252301543357243
SE.CLO.6.LDGAP.R.SAC.2007.F,0.05862419509521819,0.572269883018663,0.05862419509521819,0.572269883018663
SE.CLO.6.LDGAP.R.SAC.2007.M,-0.026987556567686137,0.26637223464568643,0.026987556567686137,0.26637223464568643
SE.CLO.6.LDGAP.R.SAC.2007.R,-0.37074279945776145,0.17704086728648447,0.37074279945776145,0.17704086728648447
SE.CLO.6.LDGAP.R.SAC.2007.U,0.44953575082486713,0.44953575082486574,0.44953575082486713,0.44953575082486574
SE.CLO.6.LDGAP.S.TMS.2011.1,2.121320343559643,2.121320343559643,2.121320343559643,2.121320343559643
SE.CLO.6.LDGAP.S.TMS.2011.2,2.121320343559643,2.121320343559643,2.121320343559643,2.121320343559643
SE.CLO.6.LDGAP.S.TMS.2011.3,2.1213203435596424,2.1213203435596424,2.1213203435596424,2.1213203435596424
SE.CLO.6.LDGAP.S.TMS.2011.4,2.121320343559643,2.121320343559643,2.121320343559643,2.121320343559643
SE.CLO.6.LDGAP.S.TMS.2011.5,2.121320343559643,2.121320343559643,2.121320343559643,2.121320343559643
SE.CLO.6.LDGAP.S.TMS.2011.A,-1.5485428479818883,-1.5485428479818886,1.5485428479818883,1.5485428479818886
SE.CLO.6.LDGAP.S.TMS.2011.F,-1.548048289701405,-1.548048289701405,1.548048289701405,1.548048289701405
SE.CLO.6.LDGAP.S.TMS.2011.M,-1.4608735639799868,-1.4608735639799868,1.4608735639799868,1.4608735639799868
SE.CLO.6.LDGAP.S.TMS.2011.R,-1.6499204192018118,-1.6499204192018118,1.6499204192018118,1.6499204192018118
SE.CLO.6.LDGAP.S.TMS.2011.U,-1.403723756847689,-1.4037237568476904,1.403723756847689,1.4037237568476904
SE.CLO.6.LDSEV.M.PSC.2014.1,0.42331642385356444,0.5922129479672983,0.42331642385356444,0.5922129479672983
SE.CLO.6.LDSEV.M.PSC.2014.2,-0.34141071115779614,-1.1799349692272114,0.34141071115779614,1.1799349692272114
SE.CLO.6.LDSEV.M.PSC.2014.3,0.5585380545058372,0.7534435303615845,0.5585380545058372,0.7534435303615845
SE.CLO.6.LDSEV.M.PSC.2014.4,0.317235759028636,0.04005881715781875,0.317235759028636,0.04005881715781875
SE.CLO.6.LDSEV.M.PSC.2014.5,0.6270335746194953,1.1241532092967808,0.6270335746194953,1.1241532092967808
SE.CLO.6.LDSEV.M.PSC.2014.A,0.16399794333817969,-0.004114905896565967,0.16399794333817969,0.004114905896565967
SE.CLO.6.LDSEV.M.PSC.2014.F,0.5515147711694633,0.03229631971737602,0.5515147711694633,0.03229631971737602
SE.CLO.6.LDSEV.M.PSC.2014.M,0.46914588931345963,-0.3989417362590363,0.46914588931345963,0.3989417362590363
SE.CLO.6.LDSEV.M.PSC.2014.R,-0.07427544984245157,-0.17730217662899858,0.07427544984245157,0.17730217662899858
SE.CLO.6.LDSEV.M.PSC.2014.U,1.2392565898076378,0.7541724794950855,1.2392565898076378,0.7541724794950855
SE.CLO.6.LDSEV.M.PSC.2019.1,-0.9002619546792582,-0.9002619546792582,0.9002619546792582,0.9002619546792582
SE.CLO.6.LDSEV.M.PSC.2019.2,-1.1680552318271433,-1.168055231827143,1.1680552318271433,1.168055231827143
SE.CLO.6.LDSEV.M.PSC.2019.3,-0.9387276378549366,-0.9387276378549368,0.9387276378549366,0.9387276378549368
SE.CLO.6.LDSEV.M.PSC.2019.4,0.1418333610916348,0.14183336109163483,0.1418333610916348,0.14183336109163483
SE.CLO.6.LDSEV.M.PSC.2019.5,0.4819013778589572,0.4819013778589572,0.4819013778589572,0.4819013778589572
SE.CLO.6.LDSEV.M.PSC.2019.A,-0.8376626804205376,-0.8376626804205367,0.8376626804205376,0.8376626804205367
SE.CLO.6.LDSEV.M.PSC.2019.F,-0.7729716670857232,-0.7729716670857226,0.7729716670857232,0.7729716670857226
SE.CLO.6.LDSEV.M.PSC.2019.M,-0.8848279426618811,-0.8848279426618809,0.8848279426618811,0.8848279426618809
SE.CLO.6.LDSEV.M.PSC.2019.R,-0.5695244828635756,-0.569524482863574,0.5695244828635756,0.569524482863574
SE.CLO.6.LDSEV.M.PSC.2019.U,-0.04030256019192942,-0.040302560191929425,0.04030256019192942,0.040302560191929425
SE.CLO.6.LDSEV.M.TMS.2011.1,2.121320343559644,2.121320343559644,2.121320343559644,2.121320343559644
SE.CLO.6.LDSEV.M.TMS.2011.2,2.121320343559597,2.121320343559597,2.121320343559597,2.121320343559597
SE.CLO.6.LDSEV.M.TMS.2011.3,2.121320343559643,2.121320343559643,2.121320343559643,2.121320343559643
SE.CLO.6.LDSEV.M.TMS.2011.4,2.1213203435596424,2.1213203435596424,2.1213203435596424,2.1213203435596424
SE.CLO.6.LDSEV.M.TMS.2011.5,2.121320343559642,2.121320343559642,2.121320343559642,2.121320343559642
SE.CLO.6.LDSEV.M.TMS.2011.A,1.6827396666744545,1.6827396666744545,1.6827396666744545,1.6827396666744545
SE.CLO.6.LDSEV.M.TMS.2011.F,1.1472266350992657,1.147226635099266,1.1472266350992657,1.147226635099266
SE.CLO.6.LDSEV.M.TMS.2011.M,1.3660815399618103,1.36608153996181,1.3660815399618103,1.36608153996181
SE.CLO.6.LDSEV.M.TMS.2011.R,1.5827949459074901,1.5827949459074901,1.5827949459074901,1.5827949459074901
SE.CLO.6.LDSEV.M.TMS.2011.U,1.5030287353092244,1.5030287353092244,1.5030287353092244,1.5030287353092244
SE.CLO.6.LDSEV.R.LLC.2006.1,1.896169152037565,1.896169152037567,1.896169152037565,1.896169152037567
SE.CLO.6.LDSEV.R.LLC.2006.2,1.733532153370175,1.7335321533701749,1.733532153370175,1.7335321533701749
SE.CLO.6.LDSEV.R.LLC.2006.3,0.86733908618812,0.49230660293976064,0.86733908618812,0.49230660293976064
SE.CLO.6.LDSEV.R.LLC.2006.4,0.8773802416553569,0.4400539136775343,0.8773802416553569,0.4400539136775343
SE.CLO.6.LDSEV.R.LLC.2006.5,1.4412232752291154,1.441223275229114,1.4412232752291154,1.441223275229114
SE.CLO.6.LDSEV.R.LLC.2006.A,1.054317138130351,1.0543171381303513,1.054317138130351,1.0543171381303513
SE.CLO.6.LDSEV.R.LLC.2006.F,0.7006430020776784,0.7006430020776767,0.7006430020776784,0.7006430020776767
SE.CLO.6.LDSEV.R.LLC.2006.M,1.1640598106225946,1.1640598106225948,1.1640598106225946,1.1640598106225948
SE.CLO.6.LDSEV.R.LLC.2006.R,-0.4793739956217624,-0.4793739956217661,0.4793739956217624,0.4793739956217661
SE.CLO.6.LDSEV.R.LLC.2006.U,0.9999091417882514,0.9999091417882525,0.9999091417882514,0.9999091417882525
SE.CLO.6.LDSEV.R.LLC.2013.1,0.10560259375321787,0.10560259375321958,0.10560259375321787,0.10560259375321958
SE.CLO.6.LDSEV.R.LLC.2013.2,0.07400177950296825,0.8957126861390972,0.07400177950296825,0.8957126861390972
SE.CLO.6.LDSEV.R.LLC.2013.3,0.11420887973648815,0.11420887973649138,0.11420887973648815,0.11420887973649138
SE.CLO.6.LDSEV.R.LLC.2013.4,-0.34639237603324863,-0.34639237603325035,0.34639237603324863,0.34639237603325035
SE.CLO.6.LDSEV.R.LLC.2013.5,-0.3205664096349295,-0.3205664096349274,0.3205664096349295,0.3205664096349274
SE.CLO.6.LDSEV.R.LLC.2013.A,-0.009707330289197565,-0.009707330289199107,0.009707330289197565,0.009707330289199107
SE.CLO.6.LDSEV.R.LLC.2013.F,-0.17382106302901706,-0.17382106302901706,0.17382106302901706,0.17382106302901706
SE.CLO.6.LDSEV.R.LLC.2013.M,0.17628854008111203,0.17628854008111197,0.17628854008111203,0.17628854008111197
SE.CLO.6.LDSEV.R.LLC.2013.R,0.6472652140489591,0.647265214048959,0.6472652140489591,0.647265214048959
SE.CLO.6.LDSEV.R.LLC.2013.U,0.27325869427987043,0.2590015294330762,0.27325869427987043,0.2590015294330762
SE.CLO.6.LDSEV.R.PRL.2011.1,0.9074846186529366,-1.2329196633586734,0.9074846186529366,1.2329196633586734
SE.CLO.6.LDSEV.R.PRL.2011.2,1.3309099108864868,-0.5029250075208086,1.3309099108864868,0.5029250075208086
SE.CLO.6.LDSEV.R.PRL.2011.3,1.1900537710382626,-0.4901911496702354,1.1900537710382626,0.4901911496702354
SE.CLO.6.LDSEV.R.PRL.2011.4,0.8365311891247671,-1.2704665139056759,0.8365311891247671,1.2704665139056759
SE.CLO.6.LDSEV.R.PRL.2011.5,0.43501847137522365,0.43501847137522354,0.43501847137522365,0.43501847137522354
SE.CLO.6.LDSEV.R.PRL.2011.A,0.9799340741979364,-1.0804774414012523,0.9799340741979364,1.0804774414012523
SE.CLO.6.LDSEV.R.PRL.2011.F,1.3488697344483218,-1.4138964145680435,1.3488697344483218,1.4138964145680435
SE.CLO.6.LDSEV.R.PRL.2011.M,0.6184897768215053,0.6184897768215052,0.6184897768215053,0.6184897768215052
SE.CLO.6.LDSEV.R.PRL.2011.R,1.4058541547172916,-0.19803089677227761,1.4058541547172916,0.19803089677227761
SE.CLO.6.LDSEV.R.PRL.2011.U,0.6638032549259095,-1.4231087803347768,0.6638032549259095,1.4231087803347768
SE.CLO.6.LDSEV.R.PSC.2014.1,0.7028703488390919,-0.061129572644722865,0.7028703488390919,0.061129572644722865
SE.CLO.6.LDSEV.R.PSC.2014.2,0.45392335514355164,-1.1318226384822003,0.45392335514355164,1.1318226384822003
SE.CLO.6.LDSEV.R.PSC.2014.3,1.1508468216940522,-0.5120668566571909,1.1508468216940522,0.5120668566571909
SE.CLO.6.LDSEV.R.PSC.2014.4,0.9953061571835842,-0.6699557554905146,0.9953061571835842,0.6699557554905146
SE.CLO.6.LDSEV.R.PSC.2014.5,1.3457028588246411,0.387222259286153,1.3457028588246411,0.387222259286153
SE.CLO.6.LDSEV.R.PSC.2014.A,0.7467202872933334,-0.588130264030752,0.7467202872933334,0.588130264030752
SE.CLO.6.LDSEV.R.PSC.2014.F,0.8339471296150991,-0.4950845032976813,0.8339471296150991,0.4950845032976813
SE.CLO.6.LDSEV.R.PSC.2014.M,0.8992514013111186,0.09687472266114944,0.8992514013111186,0.09687472266114944
SE.CLO.6.LDSEV.R.PSC.2014.R,0.41865544822242606,-0.994177936197316,0.41865544822242606,0.994177936197316
SE.CLO.6.LDSEV.R.PSC.2014.U,0.82928750379251,0.7873629611854276,0.82928750379251,0.7873629611854276
SE.CLO.6.LDSEV.R.PSC.2019.1,-0.8067214149822683,-0.8067214149822683,0.8067214149822683,0.8067214149822683
SE.CLO.6.LDSEV.R.PSC.2019.2,0.3418335854486506,0.3418335854486507,0.3418335854486506,0.3418335854486507
SE.CLO.6.LDSEV.R.PSC.2019.3,-1.0355488904139056,-1.035548890413905,1.0355488904139056,1.035548890413905
SE.CLO.6.LDSEV.R.PSC.2019.4,0.2808714304911084,0.28087143049110946,0.2808714304911084,0.28087143049110946
SE.CLO.6.LDSEV.R.PSC.2019.5,0.7768056204329937,0.7768056204329936,0.7768056204329937,0.7768056204329936
SE.CLO.6.LDSEV.R.PSC.2019.A,-0.6276494761570159,-0.6276494761570168,0.6276494761570159,0.6276494761570168
SE.CLO.6.LDSEV.R.PSC.2019.F,-0.9879375165298759,-0.987937516529877,0.9879375165298759,0.987937516529877
SE.CLO.6.LDSEV.R.PSC.2019.M,-0.2713540832859552,-0.2713540832859562,0.2713540832859552,0.2713540832859562
SE.CLO.6.LDSEV.R.PSC.2019.R,-1.071769919900977,-1.0717699199009787,1.071769919900977,1.0717699199009787
SE.CLO.6.LDSEV.R.PSC.2019.U,0.18867298946788913,0.18867298946788919,0.18867298946788913,0.18867298946788919
SE.CLO.6.LDSEV.R.SAC.2000.1,0.3202913113799411,0.32029131137994105,0.3202913113799411,0.32029131137994105
SE.CLO.6.LDSEV.R.SAC.2000.2,0.23672663672717312,0.23672663672717226,0.23672663672717312,0.23672663672717226
SE.CLO.6.LDSEV.R.SAC.2000.3,-0.3409147222370689,-0.34091472223706804,0.3409147222370689,0.34091472223706804
SE.CLO.6.LDSEV.R.SAC.2000.4,-0.23413993059757243,-0.2341399305975734,0.23413993059757243,0.2341399305975734
SE.CLO.6.LDSEV.R.SAC.2000.5,-0.7207724538936309,-0.7207724538936309,0.7207724538936309,0.7207724538936309
SE.CLO.6.LDSEV.R.SAC.2000.A,0.12974170926759213,0.1297417092675912,0.12974170926759213,0.1297417092675912
SE.CLO.6.LDSEV.R.SAC.2000.F,0.2141259376917598,0.21412593769175894,0.2141259376917598,0.21412593769175894
SE.CLO.6.LDSEV.R.SAC.2000.M,-0.05379326285574967,-0.053793262855748744,0.05379326285574967,0.053793262855748744
SE.CLO.6.LDSEV.R.SAC.2000.R,-0.0023742918824364045,-0.002374291882436404,0.0023742918824364045,0.002374291882436404
SE.CLO.6.LDSEV.R.SAC.2000.U,-0.627240081297823,-0.627240081297822,0.627240081297823,0.627240081297822
SE.CLO.6.LDSEV.R.SAC.2007.1,0.30568787487668153,0.3056878748766814,0.30568787487668153,0.3056878748766814
SE.CLO.6.LDSEV.R.SAC.2007.2,0.11553974955546181,-0.4847731270731786,0.11553974955546181,0.4847731270731786
SE.CLO.6.LDSEV.R.SAC.2007.3,0.14321389773400364,0.14321389773400361,0.14321389773400364,0.14321389773400361
SE.CLO.6.LDSEV.R.SAC.2007.4,0.37217503675437996,0.37217503675437996,0.37217503675437996,0.37217503675437996
SE.CLO.6.LDSEV.R.SAC.2007.5,0.14670301297678034,0.14670301297678187,0.14670301297678034,0.14670301297678187
SE.CLO.6.LDSEV.R.SAC.2007.A,0.14224943427110806,0.1422494342711069,0.14224943427110806,0.1422494342711069
SE.CLO.6.LDSEV.R.SAC.2007.F,0.10794704681650394,0.10794704681650505,0.10794704681650394,0.10794704681650505
SE.CLO.6.LDSEV.R.SAC.2007.M,0.4344122789097403,0.4344122789097403,0.4344122789097403,0.4344122789097403
SE.CLO.6.LDSEV.R.SAC.2007.R,-0.03128580442467636,-0.03128580442467636,0.03128580442467636,0.03128580442467636
SE.CLO.6.LDSEV.R.SAC.2007.U,1.1988089589991568,1.1988089589991582,1.1988089589991568,1.1988089589991582
SE.CLO.6.LDSEV.S.TMS.2011.1,2.121320343559643,2.121320343559643,2.121320343559643,2.121320343559643
SE.CLO.6.LDSEV.S.TMS.2011.2,2.1213203435596424,2.1213203435596424,2.1213203435596424,2.1213203435596424
SE.CLO.6.LDSEV.S.TMS.2011.3,2.1213203435596424,2.1213203435596424,2.1213203435596424,2.1213203435596424
SE.CLO.6.LDSEV.S.TMS.2011.4,2.1213203435596424,2.1213203435596424,2.1213203435596424,2.1213203435596424
SE.CLO.6.LDSEV.S.TMS.2011.5,2.1213203435596424,2.1213203435596424,2.1213203435596424,2.1213203435596424
SE.CLO.6.LDSEV.S.TMS.2011.A,-1.5210858480703824,-1.5210858480703826,1.5210858480703824,1.5210858480703826
SE.CLO.6.LDSEV.S.TMS.2011.F,-1.5646898766502504,-1.5646898766502502,1.5646898766502504,1.5646898766502502
SE.CLO.6.LDSEV.S.TMS.2011.M,-1.4038706329013562,-1.403870632901356,1.4038706329013562,1.403870632901356
SE.CLO.6.LDSEV.S.TMS.2011.R,-1.6425992974946821,-1.6425992974946815,1.6425992974946821,1.6425992974946815
SE.CLO.6.LDSEV.S.TMS.2011.U,-1.3175848435226194,-1.3175848435226194,1.3175848435226194,1.3175848435226194
SE.CLO.6.PRF.M.PSC.2014.1,1.72113556411885,1.6177790089720396,1.72113556411885,1.6177790089720396
SE.CLO.6.PRF.M.PSC.2014.2,0.9785677256493958,0.9785677256493953,0.9785677256493958,0.9785677256493953
SE.CLO.6.PRF.M.PSC.2014.3,1.1466270439712576,1.1466270439712583,1.1466270439712576,1.1466270439712583
SE.CLO.6.PRF.M.PSC.2014.4,1.213912259102811,1.213912259102811,1.213912259102811,1.213912259102811
SE.CLO.6.PRF.M.PSC.2014.5,-0.10484654087110688,-0.10484654087110555,0.10484654087110688,0.10484654087110555
SE.CLO.6.PRF.M.PSC.2014.A,0.8090546780864818,0.809054678086481,0.8090546780864818,0.809054678086481
SE.CLO.6.PRF.M.PSC.2014.F,0.6440422442111183,-0.1881340700983025,0.6440422442111183,0.1881340700983025
SE.CLO.6.PRF.M.PSC.2014.M,0.9585783651603204,0.9585783651603196,0.9585783651603204,0.9585783651603196
SE.CLO.6.PRF.M.PSC.2014.R,1.4663270691089443,1.2165272060794912,1.4663270691089443,1.2165272060794912
SE.CLO.6.PRF.M.PSC.2014.U,0.4624109301532315,0.46241093015323215,0.4624109301532315,0.46241093015323215
SE.CLO.6.PRF.M.PSC.2019.1,0.9663719298464802,0.9663719298464809,0.9663719298464802,0.9663719298464809
SE.CLO.6.PRF.M.PSC.2019.2,1.5431688016850722,1.5431688016850718,1.5431688016850722,1.5431688016850718
SE.CLO.6.PRF.M.PSC.2019.3,1.0934498998032642,1.0934498998032636,1.0934498998032642,1.0934498998032636
SE.CLO.6.PRF.M.PSC.2019.4,1.74826509374541,1.7482650937454087,1.74826509374541,1.7482650937454087
SE.CLO.6.PRF.M.PSC.2019.5,-0.6171885994133228,-0.6171885994133213,0.6171885994133228,0.6171885994133213
SE.CLO.6.PRF.M.PSC.2019.A,1.5405748406913817,1.5405748406913817,1.5405748406913817,1.5405748406913817
SE.CLO.6.PRF.M.PSC.2019.F,1.1897150895586812,1.1897150895586814,1.1897150895586812,1.1897150895586814
SE.CLO.6.PRF.M.PSC.2019.M,1.543209845128768,1.543209845128768,1.543209845128768,1.543209845128768
SE.CLO.6.PRF.M.PSC.2019.R,0.6297042388517878,0.17158376006605502,0.6297042388517878,0.17158376006605502
SE.CLO.6.PRF.M.PSC.2019.U,-0.14843155289377974,-0.14843155289377974,0.14843155289377974,0.14843155289377974
SE.CLO.6.PRF.M.TMS.2011.1,2.1213203435596446,2.1213203435596446,2.1213203435596446,2.1213203435596446
SE.CLO.6.PRF.M.TMS.2011.2,2.121320343559643,2.121320343559643,2.121320343559643,2.121320343559643
SE.CLO.6.PRF.M.TMS.2011.3,2.1213203435596437,2.1213203435596437,2.1213203435596437,2.1213203435596437
SE.CLO.6.PRF.M.TMS.2011.4,2.121320343559643,2.121320343559643,2.121320343559643,2.121320343559643
SE.CLO.6.PRF.M.TMS.2011.5,2.121320343559643,2.121320343559643,2.121320343559643,2.121320343559643
SE.CLO.6.PRF.M.TMS.2011.A,-0.592285401209265,-0.5922854012092668,0.592285401209265,0.5922854012092668
SE.CLO.6.PRF.M.TMS.2011.F,0.09000528393813448,0.09000528393813448,0.09000528393813448,0.09000528393813448
SE.CLO.6.PRF.M.TMS.2011.M,-1.367099811885222,-1.3670998118852222,1.367099811885222,1.3670998118852222
SE.CLO.6.PRF.M.TMS.2011.R,0.13224313143430644,0.13224313143430802,0.13224313143430644,0.13224313143430802
SE.CLO.6.PRF.M.TMS.2011.U,-1.3537912746460197,-1.3537912746460197,1.3537912746460197,1.3537912746460197
SE.CLO.6.PRF.R.LLC.2006.1,-0.08357538063965005,-0.08357538063965005,0.08357538063965005,0.08357538063965005
SE.CLO.6.PRF.R.LLC.2006.2,0.6642636462766335,0.6642636462766327,0.6642636462766335,0.6642636462766327
SE.CLO.6.PRF.R.LLC.2006.3,0.8327404266007642,0.8327404266007642,0.8327404266007642,0.8327404266007642
SE.CLO.6.PRF.R.LLC.2006.4,-0.4326565631235478,-0.4326565631235493,0.4326565631235478,0.4326565631235493
SE.CLO.6.PRF.R.LLC.2006.5,-0.2790314412366879,0.295263678062396,0.2790314412366879,0.295263678062396
SE.CLO.6.PRF.R.LLC.2006.A,0.8443651749795448,0.8443651749795448,0.8443651749795448,0.8443651749795448
SE.CLO.6.PRF.R.LLC.2006.F,0.9950671204378099,0.9950671204378096,0.9950671204378099,0.9950671204378096
SE.CLO.6.PRF.R.LLC.2006.M,0.5372728129293354,0.5372728129293354,0.5372728129293354,0.5372728129293354
SE.CLO.6.PRF.R.LLC.2006.R,0.935666718785194,0.9356667187851925,0.935666718785194,0.9356667187851925
SE.CLO.6.PRF.R.LLC.2006.U,-0.3079643209361501,-0.3079643209361486,0.3079643209361501,0.3079643209361486
SE.CLO.6.PRF.R.LLC.2013.1,1.2309143630920045,1.230914363092005,1.2309143630920045,1.230914363092005
SE.CLO.6.PRF.R.LLC.2013.2,-0.040067007182453,-0.040067007182453,0.040067007182453,0.040067007182453
SE.CLO.6.PRF.R.LLC.2013.3,-0.8664387788036132,-0.8664387788036116,0.8664387788036132,0.8664387788036116
SE.CLO.6.PRF.R.LLC.2013.4,0.2507203689950745,0.2507203689950745,0.2507203689950745,0.2507203689950745
SE.CLO.6.PRF.R.LLC.2013.5,0.009926136579235866,0.009926136579231694,0.009926136579235866,0.009926136579231694
SE.CLO.6.PRF.R.LLC.2013.A,-0.39162802770912225,-0.3916280277091223,0.39162802770912225,0.3916280277091223
SE.CLO.6.PRF.R.LLC.2013.F,-0.2745285343079781,-0.27452853430797963,0.2745285343079781,0.27452853430797963
SE.CLO.6.PRF.R.LLC.2013.M,0.2887077144290134,0.2887077144290134,0.2887077144290134,0.2887077144290134
SE.CLO.6.PRF.R.LLC.2013.R,-0.3697151838889723,-0.36971518388897234,0.3697151838889723,0.36971518388897234
SE.CLO.6.PRF.R.LLC.2013.U,-0.7229835504955687,-0.7229835504955688,0.7229835504955687,0.7229835504955688
SE.CLO.6.PRF.R.LLC.2019.A,-0.48815486185513135,-0.4881548618551297,0.48815486185513135,0.4881548618551297
SE.CLO.6.PRF.R.PRL.2011.1,0.22384622279408103,0.223846222794081,0.22384622279408103,0.223846222794081
SE.CLO.6.PRF.R.PRL.2011.2,0.5046094605150205,0.5046094605150234,0.5046094605150205,0.5046094605150234
SE.CLO.6.PRF.R.PRL.2011.3,1.9856141042087219,1.9856141042087183,1.9856141042087219,1.9856141042087183
SE.CLO.6.PRF.R.PRL.2011.4,1.9144106375616068,1.4976206105025085,1.9144106375616068,1.4976206105025085
SE.CLO.6.PRF.R.PRL.2011.5,-0.3399713594304644,-0.33997135943046436,0.3399713594304644,0.33997135943046436
SE.CLO.6.PRF.R.PRL.2011.A,1.4429292534882994,0.026721263338714038,1.4429292534882994,0.026721263338714038
SE.CLO.6.PRF.R.PRL.2011.F,0.7143219828428851,0.7143219828428845,0.7143219828428851,0.7143219828428845
SE.CLO.6.PRF.R.PRL.2011.M,1.762488675455459,1.008583192143164,1.762488675455459,1.008583192143164
SE.CLO.6.PRF.R.PRL.2011.R,1.7824050338773103,1.6636749471876153,1.7824050338773103,1.6636749471876153
SE.CLO.6.PRF.R.PRL.2011.U,1.8020687593428055,0.9432469460329361,1.8020687593428055,0.9432469460329361
SE.CLO.6.PRF.R.PSC.2014.1,1.0156983646266275,1.0156983646266267,1.0156983646266275,1.0156983646266267
SE.CLO.6.PRF.R.PSC.2014.2,1.3904876324522513,0.9750768830968619,1.3904876324522513,0.9750768830968619
SE.CLO.6.PRF.R.PSC.2014.3,0.5610971194318874,0.5610971194318866,0.5610971194318874,0.5610971194318866
SE.CLO.6.PRF.R.PSC.2014.4,-0.630767210564695,-0.6307672105646958,0.630767210564695,0.6307672105646958
SE.CLO.6.PRF.R.PSC.2014.5,-1.1578484366011204,-1.1578484366011204,1.1578484366011204,1.1578484366011204
SE.CLO.6.PRF.R.PSC.2014.A,-0.13954751967375711,-0.13954751967375711,0.13954751967375711,0.13954751967375711
SE.CLO.6.PRF.R.PSC.2014.F,-0.23166936448175227,-0.23166936448175224,0.23166936448175227,0.23166936448175224
SE.CLO.6.PRF.R.PSC.2014.M,-0.01498592875055028,-0.01498592875055028,0.01498592875055028,0.01498592875055028
SE.CLO.6.PRF.R.PSC.2014.R,0.41830623812217566,-0.3526293887877271,0.41830623812217566,0.3526293887877271
SE.CLO.6.PRF.R.PSC.2014.U,-0.3457890015163762,-0.3457890015163762,0.3457890015163762,0.3457890015163762
SE.CLO.6.PRF.R.PSC.2019.1,1.100318403857011,0.7413124617552435,1.100318403857011,0.7413124617552435
SE.CLO.6.PRF.R.PSC.2019.2,1.0601486197397567,0.6692299230881759,1.0601486197397567,0.6692299230881759
SE.CLO.6.PRF.R.PSC.2019.3,0.6428606383313972,0.6428606383313972,0.6428606383313972,0.6428606383313972
SE.CLO.6.PRF.R.PSC.2019.4,0.21048942555489955,0.21048942555489858,0.21048942555489955,0.21048942555489858
SE.CLO.6.PRF.R.PSC.2019.5,-0.6221216629900693,-0.6221216629900704,0.6221216629900693,0.6221216629900704
SE.CLO.6.PRF.R.PSC.2019.A,0.46188737791171874,0.46188737791171874,0.46188737791171874,0.46188737791171874
SE.CLO.6.PRF.R.PSC.2019.F,0.525809414618534,0.5258094146185335,0.525809414618534,0.5258094146185335
SE.CLO.6.PRF.R.PSC.2019.M,0.47427419948767435,0.47427419948767496,0.47427419948767435,0.47427419948767496
SE.CLO.6.PRF.R.PSC.2019.R,0.8372424621864578,0.3325700349966973,0.8372424621864578,0.3325700349966973
SE.CLO.6.PRF.R.PSC.2019.U,0.11958637409600525,0.11958637409600525,0.11958637409600525,0.11958637409600525
SE.CLO.6.PRF.R.SAC.2000.1,-0.47733895108005236,-0.4773389510800524,0.47733895108005236,0.4773389510800524
SE.CLO.6.PRF.R.SAC.2000.2,-1.7234249048622527,-1.7234249048622525,1.7234249048622527,1.7234249048622525
SE.CLO.6.PRF.R.SAC.2000.3,-1.3757790828686935,-1.3757790828686935,1.3757790828686935,1.3757790828686935
SE.CLO.6.PRF.R.SAC.2000.4,-1.1214965963129655,-1.1214965963129653,1.1214965963129655,1.1214965963129653
SE.CLO.6.PRF.R.SAC.2000.5,-1.279779583978589,-0.9310480501114059,1.279779583978589,0.9310480501114059
SE.CLO.6.PRF.R.SAC.2000.A,-1.5594550051361566,-1.559455005136156,1.5594550051361566,1.559455005136156
SE.CLO.6.PRF.R.SAC.2000.F,-1.3976600787096232,-1.397660078709623,1.3976600787096232,1.397660078709623
SE.CLO.6.PRF.R.SAC.2000.M,-0.9738842202327986,-0.9738842202327987,0.9738842202327986,0.9738842202327987
SE.CLO.6.PRF.R.SAC.2000.R,-1.4961353360530394,-1.4961353360530396,1.4961353360530394,1.4961353360530396
SE.CLO.6.PRF.R.SAC.2000.U,-0.6012839764919978,-0.6012839764919967,0.6012839764919978,0.6012839764919967
SE.CLO.6.PRF.R.SAC.2007.1,1.177133928063654,1.1771339280636537,1.177133928063654,1.1771339280636537
SE.CLO.6.PRF.R.SAC.2007.2,1.5434740125086461,1.5434740125086461,1.5434740125086461,1.5434740125086461
SE.CLO.6.PRF.R.SAC.2007.3,1.2779091894844739,1.2779091894844739,1.2779091894844739,1.2779091894844739
SE.CLO.6.PRF.R.SAC.2007.4,0.13446146570952117,0.13446146570952022,0.13446146570952117,0.13446146570952022
SE.CLO.6.PRF.R.SAC.2007.5,-1.6231389550574165,-1.471996163614548,1.6231389550574165,1.471996163614548
SE.CLO.6.PRF.R.SAC.2007.A,0.7423040158337041,0.7423040158337051,0.7423040158337041,0.7423040158337051
SE.CLO.6.PRF.R.SAC.2007.F,0.3662262245959703,0.3662262245959714,0.3662262245959703,0.3662262245959714
SE.CLO.6.PRF.R.SAC.2007.M,1.1085691130509927,1.1085691130509903,1.1085691130509927,1.1085691130509903
SE.CLO.6.PRF.R.SAC.2007.R,1.525417528910785,1.5254175289107847,1.525417528910785,1.5254175289107847
SE.CLO.6.PRF.R.SAC.2007.U,-0.7799969399971325,-0.7799969399971335,0.7799969399971325,0.7799969399971335
SE.CLO.6.PRF.S.TMS.2011.1,2.121320343559642,2.121320343559642,2.121320343559642,2.121320343559642
SE.CLO.6.PRF.S.TMS.2011.2,2.121320343559642,2.121320343559642,2.121320343559642,2.121320343559642
SE.CLO.6.PRF.S.TMS.2011.3,2.121320343559643,2.121320343559643,2.121320343559643,2.121320343559643
SE.CLO.6.PRF.S.TMS.2011.4,2.1213203435596433,2.1213203435596433,2.1213203435596433,2.1213203435596433
SE.CLO.6.PRF.S.TMS.2011.5,2.1213203435596424,2.1213203435596424,2.1213203435596424,2.1213203435596424
SE.CLO.6.PRF.S.TMS.2011.A,0.7847187702116143,0.7847187702116142,0.7847187702116143,0.7847187702116142
SE.CLO.6.PRF.S.TMS.2011.F,0.7655196259475228,0.7655196259475228,0.7655196259475228,0.7655196259475228
SE.CLO.6.PRF.S.TMS.2011.M,0.8833394217250727,0.8833394217250727,0.8833394217250727,0.8833394217250727
SE.CLO.6.PRF.S.TMS.2011.R,0.30861632314278714,0.30861632314278714,0.30861632314278714,0.30861632314278714
SE.CLO.6.PRF.S.TMS.2011.U,0.8401749343996103,0.8401749343996106,0.8401749343996103,0.8401749343996106
SE.CLO.8.LDGAP.M.TMS.2003.1,1.1117073752467073,0.9149655560905043,1.1117073752467073,0.9149655560905043
SE.CLO.8.LDGAP.M.TMS.2003.2,0.9421498145261475,0.8629722586642595,0.9421498145261475,0.8629722586642595
SE.CLO.8.LDGAP.M.TMS.2003.3,1.2799714857576492,1.1547154729020694,1.2799714857576492,1.1547154729020694
SE.CLO.8.LDGAP.M.TMS.2003.4,0.8903873630264116,0.7891992829543868,0.8903873630264116,0.7891992829543868
SE.CLO.8.LDGAP.M.TMS.2003.5,1.0700274795052005,1.09732218892872,1.0700274795052005,1.09732218892872
SE.CLO.8.LDGAP.M.TMS.2003.A,1.142766935291649,1.0033410021504952,1.142766935291649,1.0033410021504952
SE.CLO.8.LDGAP.M.TMS.2003.F,1.1390656927107474,1.0195505599678827,1.1390656927107474,1.0195505599678827
SE.CLO.8.LDGAP.M.TMS.2003.M,1.1120940476349206,0.9334785848670251,1.1120940476349206,0.9334785848670251
SE.CLO.8.LDGAP.M.TMS.2003.R,0.6579677871692847,0.821275034535626,0.6579677871692847,0.821275034535626
SE.CLO.8.LDGAP.M.TMS.2003.U,1.0053864103629122,0.8316664172942881,1.0053864103629122,0.8316664172942881
SE.CLO.8.LDGAP.M.TMS.2007.1,0.3504342785045815,0.3504342785045802,0.3504342785045815,0.3504342785045802
SE.CLO.8.LDGAP.M.TMS.2007.2,0.4450653373184641,0.4450653373184654,0.4450653373184641,0.4450653373184654
SE.CLO.8.LDGAP.M.TMS.2007.3,0.43563741605445616,0.4356374160544548,0.43563741605445616,0.4356374160544548
SE.CLO.8.LDGAP.M.TMS.2007.4,0.9393957929073071,0.9393957929073058,0.9393957929073071,0.9393957929073058
SE.CLO.8.LDGAP.M.TMS.2007.5,0.9784481809891217,0.9784481809891249,0.9784481809891217,0.9784481809891249
SE.CLO.8.LDGAP.M.TMS.2007.A,0.3042132642412418,0.304213264241239,0.3042132642412418,0.304213264241239
SE.CLO.8.LDGAP.M.TMS.2007.F,0.31222385011386816,0.31222385011386805,0.31222385011386816,0.31222385011386805
SE.CLO.8.LDGAP.M.TMS.2007.M,0.448182847999347,0.4481828479993456,0.448182847999347,0.4481828479993456
SE.CLO.8.LDGAP.M.TMS.2007.R,0.22282071644772056,0.22282071644772186,0.22282071644772056,0.22282071644772186
SE.CLO.8.LDGAP.M.TMS.2007.U,0.3927372511882658,0.39273725118826713,0.3927372511882658,0.39273725118826713
SE.CLO.8.LDGAP.M.TMS.2011.1,0.2889547205132093,0.28895472051321336,0.2889547205132093,0.28895472051321336
SE.CLO.8.LDGAP.M.TMS.2011.2,0.4463100173839511,0.4463100173839524,0.4463100173839511,0.4463100173839524
SE.CLO.8.LDGAP.M.TMS.2011.3,0.27542721891925487,0.2754272189192535,0.27542721891925487,0.2754272189192535
SE.CLO.8.LDGAP.M.TMS.2011.4,0.3365060884536395,0.3365060884536426,0.3365060884536395,0.3365060884536426
SE.CLO.8.LDGAP.M.TMS.2011.5,0.7393697696382322,0.7393697696382319,0.7393697696382322,0.7393697696382319
SE.CLO.8.LDGAP.M.TMS.2011.A,0.24344293250540808,0.24344293250540655,0.24344293250540808,0.24344293250540655
SE.CLO.8.LDGAP.M.TMS.2011.F,0.6121765793870702,0.6121765793870702,0.6121765793870702,0.6121765793870702
SE.CLO.8.LDGAP.M.TMS.2011.M,0.4720518735421418,0.47205187354214034,0.4720518735421418,0.47205187354214034
SE.CLO.8.LDGAP.M.TMS.2011.R,-0.17043660420085466,-0.17043660420085335,0.17043660420085466,0.17043660420085335
SE.CLO.8.LDGAP.M.TMS.2011.U,0.01695334214210794,0.01695334214210951,0.01695334214210794,0.01695334214210951
SE.CLO.8.LDGAP.M.TMS.2015.1,0.4839326810138253,0.483932681013827,0.4839326810138253,0.483932681013827
SE.CLO.8.LDGAP.M.TMS.2015.2,1.6731798545476841,1.6731798545476861,1.6731798545476841,1.6731798545476861
SE.CLO.8.LDGAP.M.TMS.2015.3,1.7100970404540041,1.7100970404540028,1.7100970404540041,1.7100970404540028
SE.CLO.8.LDGAP.M.TMS.2015.4,0.9753007998990695,0.9753007998990695,0.9753007998990695,0.9753007998990695
SE.CLO.8.LDGAP.M.TMS.2015.5,0.7238800753145637,0.7238800753145638,0.7238800753145637,0.7238800753145638
SE.CLO.8.LDGAP.M.TMS.2015.A,0.8792926235394375,0.8792926235394373,0.8792926235394375,0.8792926235394373
SE.CLO.8.LDGAP.M.TMS.2015.F,0.830612760247013,0.830612760247015,0.830612760247013,0.830612760247015
SE.CLO.8.LDGAP.M.TMS.2015.M,1.2360700262917765,1.236070026291775,1.2360700262917765,1.236070026291775
SE.CLO.8.LDGAP.M.TMS.2015.R,0.4436655846554308,0.44366558465543243,0.4436655846554308,0.44366558465543243
SE.CLO.8.LDGAP.M.TMS.2015.U,1.4608682482117592,1.4608682482117576,1.4608682482117592,1.4608682482117576
SE.CLO.8.LDGAP.M.TMS.2019.1,0.6452726836186676,0.6452726836186692,0.6452726836186676,0.6452726836186692
SE.CLO.8.LDGAP.M.TMS.2019.2,0.6856007754525513,0.685600775452553,0.6856007754525513,0.685600775452553
SE.CLO.8.LDGAP.M.TMS.2019.3,0.6698047065134257,0.6698047065134257,0.6698047065134257,0.6698047065134257
SE.CLO.8.LDGAP.M.TMS.2019.4,0.4888247249197585,0.4888247249197584,0.4888247249197585,0.4888247249197584
SE.CLO.8.LDGAP.M.TMS.2019.5,-0.11635079191002391,-0.11635079191002164,0.11635079191002391,0.11635079191002164
SE.CLO.8.LDGAP.M.TMS.2019.A,1.354344494100936,1.3543444941009362,1.354344494100936,1.3543444941009362
SE.CLO.8.LDGAP.M.TMS.2019.F,0.9118473403265741,0.9118473403265741,0.9118473403265741,0.9118473403265741
SE.CLO.8.LDGAP.M.TMS.2019.M,1.3121372334056012,1.3121372334055994,1.3121372334056012,1.3121372334055994
SE.CLO.8.LDGAP.M.TMS.2019.R,-0.38185769749998966,-0.3818576974999915,0.38185769749998966,0.3818576974999915
SE.CLO.8.LDGAP.M.TMS.2019.U,0.6151844656920051,0.6151844656920051,0.6151844656920051,0.6151844656920051
SE.CLO.8.LDGAP.S.TMS.2003.1,0.9145339956025484,0.8351854557992467,0.9145339956025484,0.8351854557992467
SE.CLO.8.LDGAP.S.TMS.2003.2,0.7961301167392337,0.8260854592136108,0.7961301167392337,0.8260854592136108
SE.CLO.8.LDGAP.S.TMS.2003.3,1.008400783019907,0.8834692505801094,1.008400783019907,0.8834692505801094
SE.CLO.8.LDGAP.S.TMS.2003.4,0.8161614213857924,1.1457771576229199,0.8161614213857924,1.1457771576229199
SE.CLO.8.LDGAP.S.TMS.2003.5,0.7702310605024949,0.8320260764885594,0.7702310605024949,0.8320260764885594
SE.CLO.8.LDGAP.S.TMS.2003.A,0.8754500966771974,0.9323335920646654,0.8754500966771974,0.9323335920646654
SE.CLO.8.LDGAP.S.TMS.2003.F,0.9498706696870765,0.8066640717281588,0.9498706696870765,0.8066640717281588
SE.CLO.8.LDGAP.S.TMS.2003.M,0.7362553599934171,0.651043002594066,0.7362553599934171,0.651043002594066
SE.CLO.8.LDGAP.S.TMS.2003.R,0.5881027450767077,0.46641671099978216,0.5881027450767077,0.46641671099978216
SE.CLO.8.LDGAP.S.TMS.2003.U,0.9259604645166217,0.8853719771509093,0.9259604645166217,0.8853719771509093
SE.CLO.8.LDGAP.S.TMS.2007.1,0.5876316032723883,0.23082564239265133,0.5876316032723883,0.23082564239265133
SE.CLO.8.LDGAP.S.TMS.2007.2,0.4754935457231485,0.11215380582365268,0.4754935457231485,0.11215380582365268
SE.CLO.8.LDGAP.S.TMS.2007.3,0.5382623582347104,0.2259583479561419,0.5382623582347104,0.2259583479561419
SE.CLO.8.LDGAP.S.TMS.2007.4,0.7425161889480746,0.5020450123822288,0.7425161889480746,0.5020450123822288
SE.CLO.8.LDGAP.S.TMS.2007.5,0.9471946752323871,0.5866792462890886,0.9471946752323871,0.5866792462890886
SE.CLO.8.LDGAP.S.TMS.2007.A,0.6712472874611183,0.4061982478350623,0.6712472874611183,0.4061982478350623
SE.CLO.8.LDGAP.S.TMS.2007.F,0.5567221793131838,0.06895048587908556,0.5567221793131838,0.06895048587908556
SE.CLO.8.LDGAP.S.TMS.2007.M,0.6718532379531015,0.4220391012479798,0.6718532379531015,0.4220391012479798
SE.CLO.8.LDGAP.S.TMS.2007.R,0.08536056316145345,0.16152522562637006,0.08536056316145345,0.16152522562637006
SE.CLO.8.LDGAP.S.TMS.2007.U,0.7030578300577159,0.5807514914520799,0.7030578300577159,0.5807514914520799
SE.CLO.8.LDGAP.S.TMS.2011.1,0.7334886986456831,0.5646495393856298,0.7334886986456831,0.5646495393856298
SE.CLO.8.LDGAP.S.TMS.2011.2,0.47945130809054226,0.2595528816622791,0.47945130809054226,0.2595528816622791
SE.CLO.8.LDGAP.S.TMS.2011.3,0.6542923157338957,0.4517429663444744,0.6542923157338957,0.4517429663444744
SE.CLO.8.LDGAP.S.TMS.2011.4,0.9891126606438252,0.8609596106204839,0.9891126606438252,0.8609596106204839
SE.CLO.8.LDGAP.S.TMS.2011.5,0.7111128974785069,0.5158678278128772,0.7111128974785069,0.5158678278128772
SE.CLO.8.LDGAP.S.TMS.2011.A,0.6686184015572886,0.47342967663427876,0.6686184015572886,0.47342967663427876
SE.CLO.8.LDGAP.S.TMS.2011.F,0.6537115298370743,0.43825335647737157,0.6537115298370743,0.43825335647737157
SE.CLO.8.LDGAP.S.TMS.2011.M,0.6935669595002746,0.6935669595002805,0.6935669595002746,0.6935669595002805
SE.CLO.8.LDGAP.S.TMS.2011.R,0.23362046415358503,-0.06162165432182889,0.23362046415358503,0.06162165432182889
SE.CLO.8.LDGAP.S.TMS.2011.U,0.7104572805137896,0.7104572805137912,0.7104572805137896,0.7104572805137912
SE.CLO.8.LDGAP.S.TMS.2015.1,0.9868577708149986,0.986857770814997,0.9868577708149986,0.986857770814997
SE.CLO.8.LDGAP.S.TMS.2015.2,1.3584306960616817,1.35843069606168,1.3584306960616817,1.35843069606168
SE.CLO.8.LDGAP.S.TMS.2015.3,0.8904554522772637,0.8904554522772619,0.8904554522772637,0.8904554522772619
SE.CLO.8.LDGAP.S.TMS.2015.4,0.8314847627612402,0.83148476276124,0.8314847627612402,0.83148476276124
SE.CLO.8.LDGAP.S.TMS.2015.5,0.8532948328097512,0.8532948328097502,0.8532948328097512,0.8532948328097502
SE.CLO.8.LDGAP.S.TMS.2015.A,1.2732774097964124,1.2732774097964141,1.2732774097964124,1.2732774097964141
SE.CLO.8.LDGAP.S.TMS.2015.F,0.8925390831324448,0.7195092497691108,0.8925390831324448,0.7195092497691108
SE.CLO.8.LDGAP.S.TMS.2015.M,1.4449348656969678,1.4449348656969663,1.4449348656969678,1.4449348656969663
SE.CLO.8.LDGAP.S.TMS.2015.R,0.08390671392480291,0.08390671392480291,0.08390671392480291,0.08390671392480291
SE.CLO.8.LDGAP.S.TMS.2015.U,0.8663232205377766,0.8663232205377764,0.8663232205377766,0.8663232205377764
SE.CLO.8.LDGAP.S.TMS.2019.1,0.20541658828173104,0.33288143596714775,0.20541658828173104,0.33288143596714775
SE.CLO.8.LDGAP.S.TMS.2019.2,0.2902277668215331,0.36617547597142286,0.2902277668215331,0.36617547597142286
SE.CLO.8.LDGAP.S.TMS.2019.3,0.5894201387177279,0.5894201387177299,0.5894201387177279,0.5894201387177299
SE.CLO.8.LDGAP.S.TMS.2019.4,0.3767159538794438,0.3767159538794418,0.3767159538794438,0.3767159538794418
SE.CLO.8.LDGAP.S.TMS.2019.5,0.29332914188195647,0.29332914188195647,0.29332914188195647,0.29332914188195647
SE.CLO.8.LDGAP.S.TMS.2019.A,0.3544292932849869,0.354429293284985,0.3544292932849869,0.354429293284985
SE.CLO.8.LDGAP.S.TMS.2019.F,0.5719945382954283,-0.12891766158771223,0.5719945382954283,0.12891766158771223
SE.CLO.8.LDGAP.S.TMS.2019.M,0.3209828754024923,0.3209828754024923,0.3209828754024923,0.3209828754024923
SE.CLO.8.LDGAP.S.TMS.2019.R,0.5034645583487715,0.5034645583487696,0.5034645583487715,0.5034645583487696
SE.CLO.8.LDGAP.S.TMS.2019.U,0.3893794369103979,0.38937943691039795,0.3893794369103979,0.38937943691039795
SE.CLO.8.LDSEV.M.TMS.2003.1,1.1344981468543052,1.0903063696453805,1.1344981468543052,1.0903063696453805
SE.CLO.8.LDSEV.M.TMS.2003.2,1.1313271852986853,0.9852786581090258,1.1313271852986853,0.9852786581090258
SE.CLO.8.LDSEV.M.TMS.2003.3,1.2891730092360094,1.3309373381436356,1.2891730092360094,1.3309373381436356
SE.CLO.8.LDSEV.M.TMS.2003.4,1.1006382786295266,0.9644497342866484,1.1006382786295266,0.9644497342866484
SE.CLO.8.LDSEV.M.TMS.2003.5,1.213650585978237,1.188147813313474,1.213650585978237,1.188147813313474
SE.CLO.8.LDSEV.M.TMS.2003.A,1.18583366810791,1.0927690326196442,1.18583366810791,1.0927690326196442
SE.CLO.8.LDSEV.M.TMS.2003.F,1.18976338713847,1.121548235085965,1.18976338713847,1.121548235085965
SE.CLO.8.LDSEV.M.TMS.2003.M,1.1379005159287534,1.1477214545205179,1.1379005159287534,1.1477214545205179
SE.CLO.8.LDSEV.M.TMS.2003.R,0.9693685489757042,1.1126219016258545,0.9693685489757042,1.1126219016258545
SE.CLO.8.LDSEV.M.TMS.2003.U,1.0825390470835567,1.1047109576667047,1.0825390470835567,1.1047109576667047
SE.CLO.8.LDSEV.M.TMS.2007.1,0.7152715668272266,0.5647008797889824,0.7152715668272266,0.5647008797889824
SE.CLO.8.LDSEV.M.TMS.2007.2,0.9228758845494703,0.8247537560180194,0.9228758845494703,0.8247537560180194
SE.CLO.8.LDSEV.M.TMS.2007.3,0.6928473738617278,0.7407450874940397,0.6928473738617278,0.7407450874940397
SE.CLO.8.LDSEV.M.TMS.2007.4,1.1781517549474472,1.1932852799905298,1.1781517549474472,1.1932852799905298
SE.CLO.8.LDSEV.M.TMS.2007.5,1.1359183704048272,0.955142942884176,1.1359183704048272,0.955142942884176
SE.CLO.8.LDSEV.M.TMS.2007.A,0.6803314846746749,0.6645014358783973,0.6803314846746749,0.6645014358783973
SE.CLO.8.LDSEV.M.TMS.2007.F,0.5940375904616386,1.0317009340407097,0.5940375904616386,1.0317009340407097
SE.CLO.8.LDSEV.M.TMS.2007.M,0.5498477711278189,0.6084989195153884,0.5498477711278189,0.6084989195153884
SE.CLO.8.LDSEV.M.TMS.2007.R,0.8017241396160656,0.5063900878082093,0.8017241396160656,0.5063900878082093
SE.CLO.8.LDSEV.M.TMS.2007.U,0.61546994350716,0.5711780952995457,0.61546994350716,0.5711780952995457
SE.CLO.8.LDSEV.M.TMS.2011.1,0.7286179946134408,0.7286179946134396,0.7286179946134408,0.7286179946134396
SE.CLO.8.LDSEV.M.TMS.2011.2,0.8700035500651779,0.8700035500651779,0.8700035500651779,0.8700035500651779
SE.CLO.8.LDSEV.M.TMS.2011.3,0.6650423131609721,0.665042313160972,0.6650423131609721,0.665042313160972
SE.CLO.8.LDSEV.M.TMS.2011.4,0.5719498714685141,0.3675302851459324,0.5719498714685141,0.3675302851459324
SE.CLO.8.LDSEV.M.TMS.2011.5,1.1033188525620328,0.9820298410489862,1.1033188525620328,0.9820298410489862
SE.CLO.8.LDSEV.M.TMS.2011.A,0.6803888458923998,0.6803888458923996,0.6803888458923998,0.6803888458923996
SE.CLO.8.LDSEV.M.TMS.2011.F,1.0099544878130764,0.8754070702707277,1.0099544878130764,0.8754070702707277
SE.CLO.8.LDSEV.M.TMS.2011.M,0.7481439672110124,0.7481439672110135,0.7481439672110124,0.7481439672110135
SE.CLO.8.LDSEV.M.TMS.2011.R,0.5826332912899962,0.5826332912899962,0.5826332912899962,0.5826332912899962
SE.CLO.8.LDSEV.M.TMS.2011.U,0.6276966870390693,0.627696687039068,0.6276966870390693,0.627696687039068
SE.CLO.8.LDSEV.M.TMS.2015.1,0.7811857607519301,0.7811857607519295,0.7811857607519301,0.7811857607519295
SE.CLO.8.LDSEV.M.TMS.2015.2,1.8458342631796207,1.845834263179621,1.8458342631796207,1.845834263179621
SE.CLO.8.LDSEV.M.TMS.2015.3,1.8355683481070333,1.8355683481070326,1.8355683481070333,1.8355683481070326
SE.CLO.8.LDSEV.M.TMS.2015.4,1.2260130037156542,1.2260130037156551,1.2260130037156542,1.2260130037156551
SE.CLO.8.LDSEV.M.TMS.2015.5,1.012574533450175,1.0125745334501757,1.012574533450175,1.0125745334501757
SE.CLO.8.LDSEV.M.TMS.2015.A,0.9415970513902765,0.9415970513902763,0.9415970513902765,0.9415970513902763
SE.CLO.8.LDSEV.M.TMS.2015.F,1.2375972459222537,1.2375972459222548,1.2375972459222537,1.2375972459222548
SE.CLO.8.LDSEV.M.TMS.2015.M,1.1896424581350034,1.1896424581350056,1.1896424581350034,1.1896424581350056
SE.CLO.8.LDSEV.M.TMS.2015.R,0.7425250217292549,0.7425250217292549,0.7425250217292549,0.7425250217292549
SE.CLO.8.LDSEV.M.TMS.2015.U,1.3747463036269676,1.3747463036269687,1.3747463036269676,1.3747463036269687
SE.CLO.8.LDSEV.M.TMS.2019.1,1.1112360382103892,1.1112360382103907,1.1112360382103892,1.1112360382103907
SE.CLO.8.LDSEV.M.TMS.2019.2,1.1752061776467382,1.1752061776467382,1.1752061776467382,1.1752061776467382
SE.CLO.8.LDSEV.M.TMS.2019.3,0.9995452615471433,0.9995452615471433,0.9995452615471433,0.9995452615471433
SE.CLO.8.LDSEV.M.TMS.2019.4,0.8521689610354464,0.8521689610354464,0.8521689610354464,0.8521689610354464
SE.CLO.8.LDSEV.M.TMS.2019.5,0.42061658708400196,0.4206165870840012,0.42061658708400196,0.4206165870840012
SE.CLO.8.LDSEV.M.TMS.2019.A,1.650696818889864,1.650696818889866,1.650696818889864,1.650696818889866
SE.CLO.8.LDSEV.M.TMS.2019.F,1.216997724891412,1.2169977248914106,1.216997724891412,1.2169977248914106
SE.CLO.8.LDSEV.M.TMS.2019.M,1.4730006944958287,1.4730006944958278,1.4730006944958287,1.4730006944958278
SE.CLO.8.LDSEV.M.TMS.2019.R,-0.0961818921166679,-0.0961818921166659,0.0961818921166679,0.0961818921166659
SE.CLO.8.LDSEV.M.TMS.2019.U,1.064951140828349,1.064951140828349,1.064951140828349,1.064951140828349
SE.CLO.8.LDSEV.S.TMS.2003.1,0.9631994730103036,0.8701411181401659,0.9631994730103036,0.8701411181401659
SE.CLO.8.LDSEV.S.TMS.2003.2,0.939291410409336,1.1107550209716284,0.939291410409336,1.1107550209716284
SE.CLO.8.LDSEV.S.TMS.2003.3,1.0637763005178773,1.1123181229868604,1.0637763005178773,1.1123181229868604
SE.CLO.8.LDSEV.S.TMS.2003.4,0.9404393965947921,1.4352777808321695,0.9404393965947921,1.4352777808321695
SE.CLO.8.LDSEV.S.TMS.2003.5,0.8812006074481813,0.9480207689647996,0.8812006074481813,0.9480207689647996
SE.CLO.8.LDSEV.S.TMS.2003.A,0.9921854563967233,1.2019091714566366,0.9921854563967233,1.2019091714566366
SE.CLO.8.LDSEV.S.TMS.2003.F,1.0057608773992295,0.9857260008012142,1.0057608773992295,0.9857260008012142
SE.CLO.8.LDSEV.S.TMS.2003.M,0.9543952974093404,0.8251475378893738,0.9543952974093404,0.8251475378893738
SE.CLO.8.LDSEV.S.TMS.2003.R,0.8021667792839041,0.8344991490979281,0.8021667792839041,0.8344991490979281
SE.CLO.8.LDSEV.S.TMS.2003.U,1.036362023953082,1.1610708691159575,1.036362023953082,1.1610708691159575
SE.CLO.8.LDSEV.S.TMS.2007.1,0.7383389596097243,0.5495307467480298,0.7383389596097243,0.5495307467480298
SE.CLO.8.LDSEV.S.TMS.2007.2,0.6876527475887303,0.16980976110426896,0.6876527475887303,0.16980976110426896
SE.CLO.8.LDSEV.S.TMS.2007.3,0.8328234342603366,0.3875296036807252,0.8328234342603366,0.3875296036807252
SE.CLO.8.LDSEV.S.TMS.2007.4,1.0384241772062732,0.7928433914467571,1.0384241772062732,0.7928433914467571
SE.CLO.8.LDSEV.S.TMS.2007.5,1.0222122547142112,0.7343318665995654,1.0222122547142112,0.7343318665995654
SE.CLO.8.LDSEV.S.TMS.2007.A,0.6676715504394545,0.7630456803102427,0.6676715504394545,0.7630456803102427
SE.CLO.8.LDSEV.S.TMS.2007.F,0.7223704258107119,0.29250240794939386,0.7223704258107119,0.29250240794939386
SE.CLO.8.LDSEV.S.TMS.2007.M,0.7595268490016962,0.5491010755554676,0.7595268490016962,0.5491010755554676
SE.CLO.8.LDSEV.S.TMS.2007.R,0.682862916902094,0.24261125018004165,0.682862916902094,0.24261125018004165
SE.CLO.8.LDSEV.S.TMS.2007.U,0.7057832730641891,0.706446691457004,0.7057832730641891,0.706446691457004
SE.CLO.8.LDSEV.S.TMS.2011.1,1.04734268492872,0.9223101426063885,1.04734268492872,0.9223101426063885
SE.CLO.8.LDSEV.S.TMS.2011.2,1.0290462753728011,0.9283825506937795,1.0290462753728011,0.9283825506937795
SE.CLO.8.LDSEV.S.TMS.2011.3,1.094189659902963,1.049086377684397,1.094189659902963,1.049086377684397
SE.CLO.8.LDSEV.S.TMS.2011.4,1.1365283165880604,1.1575604488083053,1.1365283165880604,1.1575604488083053
SE.CLO.8.LDSEV.S.TMS.2011.5,0.9779198135384085,0.9155509204218594,0.9779198135384085,0.9155509204218594
SE.CLO.8.LDSEV.S.TMS.2011.A,0.8810855974688525,0.7378493893745712,0.8810855974688525,0.7378493893745712
SE.CLO.8.LDSEV.S.TMS.2011.F,0.84390359380279,0.7305786734805061,0.84390359380279,0.7305786734805061
SE.CLO.8.LDSEV.S.TMS.2011.M,0.9915715248759929,0.8546387778347395,0.9915715248759929,0.8546387778347395
SE.CLO.8.LDSEV.S.TMS.2011.R,0.7250605327241352,0.5185725606343071,0.7250605327241352,0.5185725606343071
SE.CLO.8.LDSEV.S.TMS.2011.U,1.0758874493659245,0.9636465828562032,1.0758874493659245,0.9636465828562032
SE.CLO.8.LDSEV.S.TMS.2015.1,1.2390595715012478,1.1254574794130554,1.2390595715012478,1.1254574794130554
SE.CLO.8.LDSEV.S.TMS.2015.2,1.1173518821589077,0.9810260918643849,1.1173518821589077,0.9810260918643849
SE.CLO.8.LDSEV.S.TMS.2015.3,1.045058097583476,1.045058097583475,1.045058097583476,1.045058097583475
SE.CLO.8.LDSEV.S.TMS.2015.4,1.0477782959321165,0.8999192544384932,1.0477782959321165,0.8999192544384932
SE.CLO.8.LDSEV.S.TMS.2015.5,1.1652827442121156,1.1652827442121165,1.1652827442121156,1.1652827442121165
SE.CLO.8.LDSEV.S.TMS.2015.A,1.167846323155248,1.0411114034093591,1.167846323155248,1.0411114034093591
SE.CLO.8.LDSEV.S.TMS.2015.F,0.8005396291144028,1.0353045127631668,0.8005396291144028,1.0353045127631668
SE.CLO.8.LDSEV.S.TMS.2015.M,1.5408091628698686,1.540809162869869,1.5408091628698686,1.540809162869869
SE.CLO.8.LDSEV.S.TMS.2015.R,0.7656063670751636,1.2446362424702717,0.7656063670751636,1.2446362424702717
SE.CLO.8.LDSEV.S.TMS.2015.U,0.8674847963379367,0.6918371570767625,0.8674847963379367,0.6918371570767625
SE.CLO.8.LDSEV.S.TMS.2019.1,0.531737693914581,0.8052159380870338,0.531737693914581,0.8052159380870338
SE.CLO.8.LDSEV.S.TMS.2019.2,0.7262171261638473,0.7690431693658069,0.7262171261638473,0.7690431693658069
SE.CLO.8.LDSEV.S.TMS.2019.3,0.9755603822246142,0.791570756495457,0.9755603822246142,0.791570756495457
SE.CLO.8.LDSEV.S.TMS.2019.4,0.7526442944873506,0.6137734741018713,0.7526442944873506,0.6137734741018713
SE.CLO.8.LDSEV.S.TMS.2019.5,0.540442396357135,0.5404423963571351,0.540442396357135,0.5404423963571351
SE.CLO.8.LDSEV.S.TMS.2019.A,0.5548210451190294,0.4031094276333909,0.5548210451190294,0.4031094276333909
SE.CLO.8.LDSEV.S.TMS.2019.F,0.8733726281743642,0.14105236612721192,0.8733726281743642,0.14105236612721192
SE.CLO.8.LDSEV.S.TMS.2019.M,0.686466478699938,0.7773511615636471,0.686466478699938,0.7773511615636471
SE.CLO.8.LDSEV.S.TMS.2019.R,0.6746692421976077,0.6746692421976068,0.6746692421976077,0.6746692421976068
SE.CLO.8.LDSEV.S.TMS.2019.U,0.6436418387480134,0.6714259724667035,0.6436418387480134,0.6714259724667035
SE.CLO.8.PRF.M.TMS.2003.1,-0.1978087092928183,-0.19780870929281832,0.1978087092928183,0.19780870929281832
SE.CLO.8.PRF.M.TMS.2003.2,-0.5050160480661793,-0.5050160480661793,0.5050160480661793,0.5050160480661793
SE.CLO.8.PRF.M.TMS.2003.3,-0.8035242442342271,-0.8035242442342255,0.8035242442342271,0.8035242442342255
SE.CLO.8.PRF.M.TMS.2003.4,-0.9948848479405803,-0.994884847940583,0.9948848479405803,0.994884847940583
SE.CLO.8.PRF.M.TMS.2003.5,-1.1922018324879362,-1.192201832487937,1.1922018324879362,1.192201832487937
SE.CLO.8.PRF.M.TMS.2003.A,-0.7773667607621432,-0.7773667607621431,0.7773667607621432,0.7773667607621431
SE.CLO.8.PRF.M.TMS.2003.F,-0.8944148718457059,-0.8944148718457068,0.8944148718457059,0.8944148718457068
SE.CLO.8.PRF.M.TMS.2003.M,-0.7195041035548142,-0.7195041035548142,0.7195041035548142,0.7195041035548142
SE.CLO.8.PRF.M.TMS.2003.R,-0.4847205239319435,-0.4847205239319416,0.4847205239319435,0.4847205239319416
SE.CLO.8.PRF.M.TMS.2003.U,-1.0196481018403964,-1.0196481018403964,1.0196481018403964,1.0196481018403964
SE.CLO.8.PRF.M.TMS.2007.1,0.4433143191596923,0.4433143191596919,0.4433143191596923,0.4433143191596919
SE.CLO.8.PRF.M.TMS.2007.2,0.4238231701386326,0.42382317013863097,0.4238231701386326,0.42382317013863097
SE.CLO.8.PRF.M.TMS.2007.3,-0.021215766913257526,-0.021215766913258355,0.021215766913257526,0.021215766913258355
SE.CLO.8.PRF.M.TMS.2007.4,-0.5342200571699137,-0.5342200571699147,0.5342200571699137,0.5342200571699147
SE.CLO.8.PRF.M.TMS.2007.5,-1.111499233372097,-1.111499233372098,1.111499233372097,1.111499233372098
SE.CLO.8.PRF.M.TMS.2007.A,-0.49580325630235034,-0.4958032563023512,0.49580325630235034,0.4958032563023512
SE.CLO.8.PRF.M.TMS.2007.F,-0.4974390832088019,-0.497439083208801,0.4974390832088019,0.497439083208801
SE.CLO.8.PRF.M.TMS.2007.M,-0.4934015239717925,-0.4934015239717898,0.4934015239717925,0.4934015239717898
SE.CLO.8.PRF.M.TMS.2007.R,0.30685489959120643,0.3068548995912053,0.30685489959120643,0.3068548995912053
SE.CLO.8.PRF.M.TMS.2007.U,-0.3825152956939439,-0.3825152956939421,0.3825152956939439,0.3825152956939421
SE.CLO.8.PRF.M.TMS.2011.1,1.2019059651592736,1.2019059651592743,1.2019059651592736,1.2019059651592743
SE.CLO.8.PRF.M.TMS.2011.2,0.9685038221720532,0.9685038221720541,0.9685038221720532,0.9685038221720541
SE.CLO.8.PRF.M.TMS.2011.3,0.8683209825060704,0.8683209825060695,0.8683209825060704,0.8683209825060695
SE.CLO.8.PRF.M.TMS.2011.4,0.21675688488884481,0.21675688488884387,0.21675688488884481,0.21675688488884387
SE.CLO.8.PRF.M.TMS.2011.5,-0.4651594490368204,-0.4651594490368182,0.4651594490368204,0.4651594490368182
SE.CLO.8.PRF.M.TMS.2011.A,0.4763187504197423,0.4763187504197433,0.4763187504197423,0.4763187504197433
SE.CLO.8.PRF.M.TMS.2011.F,0.3996310950645771,0.3996310950645781,0.3996310950645771,0.3996310950645781
SE.CLO.8.PRF.M.TMS.2011.M,0.45273392473616153,0.4527339247361596,0.45273392473616153,0.4527339247361596
SE.CLO.8.PRF.M.TMS.2011.R,0.9019259210545866,0.9019259210545867,0.9019259210545866,0.9019259210545867
SE.CLO.8.PRF.M.TMS.2011.U,0.3618714934321522,0.3618714934321532,0.3618714934321522,0.3618714934321532
SE.CLO.8.PRF.M.TMS.2015.1,0.21996322024377665,0.2199632202437766,0.21996322024377665,0.2199632202437766
SE.CLO.8.PRF.M.TMS.2015.2,-0.9136716925581512,-0.9136716925581528,0.9136716925581512,0.9136716925581528
SE.CLO.8.PRF.M.TMS.2015.3,-1.0998794586341116,-1.0998794586341127,1.0998794586341116,1.0998794586341127
SE.CLO.8.PRF.M.TMS.2015.4,-0.7553074421291487,-0.7553074421291477,0.7553074421291487,0.7553074421291477
SE.CLO.8.PRF.M.TMS.2015.5,-0.9126006554733442,-0.9126006554733441,0.9126006554733442,0.9126006554733441
SE.CLO.8.PRF.M.TMS.2015.A,-0.8878622539802838,-0.8878622539802838,0.8878622539802838,0.8878622539802838
SE.CLO.8.PRF.M.TMS.2015.F,-0.856376958527423,-0.856376958527423,0.856376958527423,0.856376958527423
SE.CLO.8.PRF.M.TMS.2015.M,-0.9160586916269691,-0.9160586916269681,0.9160586916269691,0.9160586916269681
SE.CLO.8.PRF.M.TMS.2015.R,-0.867173365681791,-0.867173365681792,0.867173365681791,0.867173365681792
SE.CLO.8.PRF.M.TMS.2015.U,-0.8893511324274381,-0.889351132427436,0.8893511324274381,0.889351132427436
SE.CLO.8.PRF.M.TMS.2019.1,-0.43569909326516937,-0.4356990932651685,0.43569909326516937,0.4356990932651685
SE.CLO.8.PRF.M.TMS.2019.2,-0.25224689344680673,-0.2522468934468067,0.25224689344680673,0.2522468934468067
SE.CLO.8.PRF.M.TMS.2019.3,-0.6302705097872618,-0.6302705097872598,0.6302705097872618,0.6302705097872598
SE.CLO.8.PRF.M.TMS.2019.4,-0.454392881206916,-0.4543928812069159,0.454392881206916,0.4543928812069159
SE.CLO.8.PRF.M.TMS.2019.5,-1.2941640171493507,-1.294164017149348,1.2941640171493507,1.294164017149348
SE.CLO.8.PRF.M.TMS.2019.A,-0.2661613858042019,-0.26616138580419973,0.2661613858042019,0.26616138580419973
SE.CLO.8.PRF.M.TMS.2019.F,-0.6782139030000606,-0.6782139030000606,0.6782139030000606,0.6782139030000606
SE.CLO.8.PRF.M.TMS.2019.M,-0.5484450557616479,-0.5484450557616459,0.5484450557616479,0.5484450557616459
SE.CLO.8.PRF.M.TMS.2019.R,-1.1074886943911981,-1.1074886943912001,1.1074886943911981,1.1074886943912001
SE.CLO.8.PRF.M.TMS.2019.U,-0.4101056912610067,-0.41010569126100777,0.4101056912610067,0.41010569126100777
SE.CLO.8.PRF.S.TMS.2003.1,-0.32721931066791965,-0.32721931066791965,0.32721931066791965,0.32721931066791965
SE.CLO.8.PRF.S.TMS.2003.2,-0.4427313155422726,-0.4427313155422717,0.4427313155422726,0.4427313155422717
SE.CLO.8.PRF.S.TMS.2003.3,-0.8312510767188602,-0.8312510767188587,0.8312510767188602,0.8312510767188587
SE.CLO.8.PRF.S.TMS.2003.4,-0.6019906338362687,-0.6019906338362678,0.6019906338362687,0.6019906338362678
SE.CLO.8.PRF.S.TMS.2003.5,-0.7297397249657799,-0.750008870253272,0.7297397249657799,0.750008870253272
SE.CLO.8.PRF.S.TMS.2003.A,-0.5640693835976986,-0.5640693835977003,0.5640693835976986,0.5640693835977003
SE.CLO.8.PRF.S.TMS.2003.F,-0.4843231903975906,-0.4843231903975906,0.4843231903975906,0.4843231903975906
SE.CLO.8.PRF.S.TMS.2003.M,-0.8365481810586951,-0.8365481810586981,0.8365481810586951,0.8365481810586981
SE.CLO.8.PRF.S.TMS.2003.R,-0.5051669490486551,-0.5051669490486551,0.5051669490486551,0.5051669490486551
SE.CLO.8.PRF.S.TMS.2003.U,-0.251270472209474,-0.25127047220947407,0.251270472209474,0.25127047220947407
SE.CLO.8.PRF.S.TMS.2007.1,0.30979270572226336,0.3097927057222634,0.30979270572226336,0.3097927057222634
SE.CLO.8.PRF.S.TMS.2007.2,0.1866319555676748,0.1866319555676748,0.1866319555676748,0.1866319555676748
SE.CLO.8.PRF.S.TMS.2007.3,-0.2611465700309922,-0.26114657003099023,0.2611465700309922,0.26114657003099023
SE.CLO.8.PRF.S.TMS.2007.4,-0.4700724509766826,-0.47007245097668254,0.4700724509766826,0.47007245097668254
SE.CLO.8.PRF.S.TMS.2007.5,-0.5023242803059105,-0.5023242803059063,0.5023242803059105,0.5023242803059063
SE.CLO.8.PRF.S.TMS.2007.A,-0.27388993360449404,-0.27388993360449204,0.27388993360449404,0.27388993360449204
SE.CLO.8.PRF.S.TMS.2007.F,-0.5487932600518397,-0.5487932600518417,0.5487932600518397,0.5487932600518417
SE.CLO.8.PRF.S.TMS.2007.M,-0.11327079265744355,-0.11327079265744358,0.11327079265744355,0.11327079265744358
SE.CLO.8.PRF.S.TMS.2007.R,-0.09913354437942908,-0.09913354437942806,0.09913354437942908,0.09913354437942806
SE.CLO.8.PRF.S.TMS.2007.U,-0.4043199478831543,-0.4043199478831543,0.4043199478831543,0.4043199478831543
SE.CLO.8.PRF.S.TMS.2011.1,0.5432769064030242,0.5432769064030242,0.5432769064030242,0.5432769064030242
SE.CLO.8.PRF.S.TMS.2011.2,0.4715681349258628,0.4715681349258628,0.4715681349258628,0.4715681349258628
SE.CLO.8.PRF.S.TMS.2011.3,0.46212766150285334,0.46212766150285334,0.46212766150285334,0.46212766150285334
SE.CLO.8.PRF.S.TMS.2011.4,-0.19297475497291686,-0.19297475497291686,0.19297475497291686,0.19297475497291686
SE.CLO.8.PRF.S.TMS.2011.5,-0.5219780811918766,-0.5219780811918765,0.5219780811918766,0.5219780811918765
SE.CLO.8.PRF.S.TMS.2011.A,0.43860564914748684,0.43860564914748695,0.43860564914748684,0.43860564914748695
SE.CLO.8.PRF.S.TMS.2011.F,-0.030134013075857814,-0.03013401307585672,0.030134013075857814,0.03013401307585672
SE.CLO.8.PRF.S.TMS.2011.M,0.2349808455645461,0.23498084556454713,0.2349808455645461,0.23498084556454713
SE.CLO.8.PRF.S.TMS.2011.R,0.8908003642695598,0.8908003642695604,0.8908003642695598,0.8908003642695604
SE.CLO.8.PRF.S.TMS.2011.U,0.17222012000653114,0.17222012000652895,0.17222012000653114,0.17222012000652895
SE.CLO.8.PRF.S.TMS.2015.1,0.2823227124232781,0.28232271242327706,0.2823227124232781,0.28232271242327706
SE.CLO.8.PRF.S.TMS.2015.2,-0.40329994009767844,-0.40329994009767944,0.40329994009767844,0.40329994009767944
SE.CLO.8.PRF.S.TMS.2015.3,-0.33387365133968416,-0.33387365133968533,0.33387365133968416,0.33387365133968533
SE.CLO.8.PRF.S.TMS.2015.4,-0.45373664074969816,-0.4537366407496958,0.45373664074969816,0.4537366407496958
SE.CLO.8.PRF.S.TMS.2015.5,-0.9669565097097487,-0.9669565097097487,0.9669565097097487,0.9669565097097487
SE.CLO.8.PRF.S.TMS.2015.A,-0.3764261997168009,-0.3764261997167974,0.3764261997168009,0.3764261997167974
SE.CLO.8.PRF.S.TMS.2015.F,-0.521196252138657,-0.521196252138657,0.521196252138657,0.521196252138657
SE.CLO.8.PRF.S.TMS.2015.M,-0.54556276886982,-0.5455627688698202,0.54556276886982,0.5455627688698202
SE.CLO.8.PRF.S.TMS.2015.R,-0.6120802285047812,-0.6120802285047781,0.6120802285047812,0.6120802285047781
SE.CLO.8.PRF.S.TMS.2015.U,-0.5523751998593011,-0.5523751998592997,0.5523751998593011,0.5523751998592997
SE.CLO.8.PRF.S.TMS.2019.1,0.675328854373506,0.6753288543735037,0.675328854373506,0.6753288543735037
SE.CLO.8.PRF.S.TMS.2019.2,-0.15743452564198768,-0.15743452564198882,0.15743452564198768,0.15743452564198882
SE.CLO.8.PRF.S.TMS.2019.3,-0.43695073054466077,-0.43695073054465966,0.43695073054466077,0.43695073054465966
SE.CLO.8.PRF.S.TMS.2019.4,-0.439795434734158,-0.03579848680761151,0.439795434734158,0.03579848680761151
SE.CLO.8.PRF.S.TMS.2019.5,-0.26681977154662423,-0.20938382530605154,0.26681977154662423,0.20938382530605154
SE.CLO.8.PRF.S.TMS.2019.A,-0.1698463182843986,-0.1698463182843999,0.1698463182843986,0.1698463182843999
SE.CLO.8.PRF.S.TMS.2019.F,-0.4162315725736545,-0.47773360578942015,0.4162315725736545,0.47773360578942015
SE.CLO.8.PRF.S.TMS.2019.M,-0.33533050884430665,-0.3353305088443055,0.33533050884430665,0.3353305088443055
SE.CLO.8.PRF.S.TMS.2019.R,-0.4122745026160182,-0.4122745026160194,0.4122745026160182,0.4122745026160194
SE.CLO.8.PRF.S.TMS.2019.U,-0.12804743184579925,-0.12804743184579925,0.12804743184579925,0.12804743184579925
SE.CLO.9.LDGAP.M.TMS.2007.1,0.0,0.0,0.0,0.0
SE.CLO.9.LDGAP.M.TMS.2007.2,0.0,0.0,0.0,0.0
SE.CLO.9.LDGAP.M.TMS.2007.3,0.0,0.0,0.0,0.0
SE.CLO.9.LDGAP.M.TMS.2007.4,0.0,0.0,0.0,0.0
SE.CLO.9.LDGAP.M.TMS.2007.5,0.0,0.0,0.0,0.0
SE.CLO.9.LDGAP.M.TMS.2007.A,0.0,0.0,0.0,0.0
SE.CLO.9.LDGAP.M.TMS.2007.F,0.0,0.0,0.0,0.0
SE.CLO.9.LDGAP.M.TMS.2007.M,0.0,0.0,0.0,0.0
SE.CLO.9.LDGAP.M.TMS.2007.R,0.0,0.0,0.0,0.0
SE.CLO.9.LDGAP.M.TMS.2007.U,0.0,0.0,0.0,0.0
SE.CLO.9.LDGAP.M.TMS.2011.1,1.6609080870669435,1.6609080870669435,1.6609080870669435,1.6609080870669435
SE.CLO.9.LDGAP.M.TMS.2011.2,1.380921836688238,1.380921836688238,1.380921836688238,1.380921836688238
SE.CLO.9.LDGAP.M.TMS.2011.3,1.4582025481868195,1.4582025481868195,1.4582025481868195,1.4582025481868195
SE.CLO.9.LDGAP.M.TMS.2011.4,1.0803924194466352,1.080392419446635,1.0803924194466352,1.080392419446635
SE.CLO.9.LDGAP.M.TMS.2011.5,0.8552253668724641,0.8552253668724654,0.8552253668724641,0.8552253668724654
SE.CLO.9.LDGAP.M.TMS.2011.A,1.471425244685841,1.471425244685841,1.471425244685841,1.471425244685841
SE.CLO.9.LDGAP.M.TMS.2011.F,1.6064881773763906,1.6064881773763906,1.6064881773763906,1.6064881773763906
SE.CLO.9.LDGAP.M.TMS.2011.M,1.304743815763859,1.304743815763859,1.304743815763859,1.304743815763859
SE.CLO.9.LDGAP.M.TMS.2011.R,0.9453400959387918,0.945340095938792,0.9453400959387918,0.945340095938792
SE.CLO.9.LDGAP.M.TMS.2011.U,1.638748681620211,1.6387486816202128,1.638748681620211,1.6387486816202128
SE.CLO.9.LDGAP.M.TMS.2015.1,1.1976115309439483,1.1976115309439481,1.1976115309439483,1.1976115309439481
SE.CLO.9.LDGAP.M.TMS.2015.2,1.2205593887304047,1.2205593887304063,1.2205593887304047,1.2205593887304063
SE.CLO.9.LDGAP.M.TMS.2015.3,1.107307256142105,1.107307256142105,1.107307256142105,1.107307256142105
SE.CLO.9.LDGAP.M.TMS.2015.4,1.183436527687636,1.1834365276876342,1.183436527687636,1.1834365276876342
SE.CLO.9.LDGAP.M.TMS.2015.5,1.6024282775197833,1.602428277519782,1.6024282775197833,1.602428277519782
SE.CLO.9.LDGAP.M.TMS.2015.A,1.0163097155317045,1.0163097155317042,1.0163097155317045,1.0163097155317042
SE.CLO.9.LDGAP.M.TMS.2015.F,0.9237697884947859,0.923769788494786,0.9237697884947859,0.923769788494786
SE.CLO.9.LDGAP.M.TMS.2015.M,1.108874072210594,1.1088740722105956,1.108874072210594,1.1088740722105956
SE.CLO.9.LDGAP.M.TMS.2015.R,1.3162533473885156,1.3162533473885156,1.3162533473885156,1.3162533473885156
SE.CLO.9.LDGAP.M.TMS.2015.U,1.482936149569715,1.482936149569715,1.482936149569715,1.482936149569715
SE.CLO.9.LDGAP.M.TMS.2019.1,2.1213203435596437,2.1213203435596437,2.1213203435596437,2.1213203435596437
SE.CLO.9.LDGAP.M.TMS.2019.2,2.1213203435596415,2.1213203435596415,2.1213203435596415,2.1213203435596415
SE.CLO.9.LDGAP.M.TMS.2019.3,2.1213203435596424,2.1213203435596424,2.1213203435596424,2.1213203435596424
SE.CLO.9.LDGAP.M.TMS.2019.4,2.121320343559643,2.121320343559643,2.121320343559643,2.121320343559643
SE.CLO.9.LDGAP.M.TMS.2019.5,2.1213203435596437,2.1213203435596437,2.1213203435596437,2.1213203435596437
SE.CLO.9.LDGAP.M.TMS.2019.A,0.5518248546048272,0.5518248546048272,0.5518248546048272,0.5518248546048272
SE.CLO.9.LDGAP.M.TMS.2019.F,0.40451668802219537,0.4045166880221953,0.40451668802219537,0.4045166880221953
SE.CLO.9.LDGAP.M.TMS.2019.M,0.6866228515193435,0.6866228515193435,0.6866228515193435,0.6866228515193435
SE.CLO.9.LDGAP.M.TMS.2019.R,0.4568268120974043,0.45682681209740433,0.4568268120974043,0.45682681209740433
SE.CLO.9.LDGAP.M.TMS.2019.U,0.8007698421461502,0.8007698421461502,0.8007698421461502,0.8007698421461502
SE.CLO.9.LDGAP.S.TMS.2007.1,0.0,0.0,0.0,0.0
SE.CLO.9.LDGAP.S.TMS.2007.2,0.0,0.0,0.0,0.0
SE.CLO.9.LDGAP.S.TMS.2007.3,0.0,0.0,0.0,0.0
SE.CLO.9.LDGAP.S.TMS.2007.4,0.0,0.0,0.0,0.0
SE.CLO.9.LDGAP.S.TMS.2007.5,0.0,0.0,0.0,0.0
SE.CLO.9.LDGAP.S.TMS.2007.A,0.0,0.0,0.0,0.0
SE.CLO.9.LDGAP.S.TMS.2007.F,0.0,0.0,0.0,0.0
SE.CLO.9.LDGAP.S.TMS.2007.M,0.0,0.0,0.0,0.0
SE.CLO.9.LDGAP.S.TMS.2007.R,0.0,0.0,0.0,0.0
SE.CLO.9.LDGAP.S.TMS.2007.U,0.0,0.0,0.0,0.0
SE.CLO.9.LDGAP.S.TMS.2011.1,0.5079277243504303,0.5079277243504303,0.5079277243504303,0.5079277243504303
SE.CLO.9.LDGAP.S.TMS.2011.2,0.3323128748923287,0.3323128748923287,0.3323128748923287,0.3323128748923287
SE.CLO.9.LDGAP.S.TMS.2011.3,0.42961539175721736,0.42961539175721736,0.42961539175721736,0.42961539175721736
SE.CLO.9.LDGAP.S.TMS.2011.4,0.2377953955350979,0.23779539553509893,0.2377953955350979,0.23779539553509893
SE.CLO.9.LDGAP.S.TMS.2011.5,-0.08338215065130224,-0.08338215065130225,0.08338215065130224,0.08338215065130225
SE.CLO.9.LDGAP.S.TMS.2011.A,0.4729589032652239,0.4729589032652239,0.4729589032652239,0.4729589032652239
SE.CLO.9.LDGAP.S.TMS.2011.F,0.7728174951615223,0.7728174951615223,0.7728174951615223,0.7728174951615223
SE.CLO.9.LDGAP.S.TMS.2011.M,0.1962822871051113,0.1962822871051113,0.1962822871051113,0.1962822871051113
SE.CLO.9.LDGAP.S.TMS.2011.R,1.3194585916397907,1.319458591639791,1.3194585916397907,1.319458591639791
SE.CLO.9.LDGAP.S.TMS.2011.U,0.476318631974931,0.47631863197493113,0.476318631974931,0.47631863197493113
SE.CLO.9.LDGAP.S.TMS.2015.1,1.2762068174837349,1.2762068174837349,1.2762068174837349,1.2762068174837349
SE.CLO.9.LDGAP.S.TMS.2015.2,1.1990439523689604,1.1990439523689616,1.1990439523689604,1.1990439523689616
SE.CLO.9.LDGAP.S.TMS.2015.3,1.1414551598063303,1.1414551598063303,1.1414551598063303,1.1414551598063303
SE.CLO.9.LDGAP.S.TMS.2015.4,1.6159339405111603,1.6159339405111601,1.6159339405111603,1.6159339405111601
SE.CLO.9.LDGAP.S.TMS.2015.5,1.794940038808257,1.794940038808257,1.794940038808257,1.794940038808257
SE.CLO.9.LDGAP.S.TMS.2015.A,1.2897764099747382,1.2897764099747384,1.2897764099747382,1.2897764099747384
SE.CLO.9.LDGAP.S.TMS.2015.F,1.6969128265027722,1.696912826502772,1.6969128265027722,1.696912826502772
SE.CLO.9.LDGAP.S.TMS.2015.M,1.0220833720855946,1.022083372085592,1.0220833720855946,1.022083372085592
SE.CLO.9.LDGAP.S.TMS.2015.R,1.409621585750515,1.409621585750515,1.409621585750515,1.409621585750515
SE.CLO.9.LDGAP.S.TMS.2015.U,0.9797028804334285,0.9797028804334305,0.9797028804334285,0.9797028804334305
SE.CLO.9.LDGAP.S.TMS.2019.1,2.1213203435596424,2.1213203435596424,2.1213203435596424,2.1213203435596424
SE.CLO.9.LDGAP.S.TMS.2019.2,2.1213203435596424,2.1213203435596424,2.1213203435596424,2.1213203435596424
SE.CLO.9.LDGAP.S.TMS.2019.3,2.121320343559642,2.121320343559642,2.121320343559642,2.121320343559642
SE.CLO.9.LDGAP.S.TMS.2019.4,2.121320343559643,2.121320343559643,2.121320343559643,2.121320343559643
SE.CLO.9.LDGAP.S.TMS.2019.5,2.121320343559643,2.121320343559643,2.121320343559643,2.121320343559643
SE.CLO.9.LDGAP.S.TMS.2019.A,1.5958152323242962,1.5958152323242965,1.5958152323242962,1.5958152323242965
SE.CLO.9.LDGAP.S.TMS.2019.F,1.2603148798034998,1.2603148798034995,1.2603148798034998,1.2603148798034995
SE.CLO.9.LDGAP.S.TMS.2019.M,1.5875486805253958,1.5875486805253953,1.5875486805253958,1.5875486805253953
SE.CLO.9.LDGAP.S.TMS.2019.R,1.4014803270521528,1.4014803270521528,1.4014803270521528,1.4014803270521528
SE.CLO.9.LDGAP.S.TMS.2019.U,1.662375690396991,1.6623756903969886,1.662375690396991,1.6623756903969886
SE.CLO.9.LDSEV.M.TMS.2007.1,0.0,0.0,0.0,0.0
SE.CLO.9.LDSEV.M.TMS.2007.2,0.0,0.0,0.0,0.0
SE.CLO.9.LDSEV.M.TMS.2007.3,0.0,0.0,0.0,0.0
SE.CLO.9.LDSEV.M.TMS.2007.4,0.0,0.0,0.0,0.0
SE.CLO.9.LDSEV.M.TMS.2007.5,0.0,0.0,0.0,0.0
SE.CLO.9.LDSEV.M.TMS.2007.A,0.0,0.0,0.0,0.0
SE.CLO.9.LDSEV.M.TMS.2007.F,0.0,0.0,0.0,0.0
SE.CLO.9.LDSEV.M.TMS.2007.M,0.0,0.0,0.0,0.0
SE.CLO.9.LDSEV.M.TMS.2007.R,0.0,0.0,0.0,0.0
SE.CLO.9.LDSEV.M.TMS.2007.U,0.0,0.0,0.0,0.0
SE.CLO.9.LDSEV.M.TMS.2011.1,1.6072739450246805,1.6072739450246802,1.6072739450246805,1.6072739450246802
SE.CLO.9.LDSEV.M.TMS.2011.2,1.4988145183561632,1.4988145183561643,1.4988145183561632,1.4988145183561643
SE.CLO.9.LDSEV.M.TMS.2011.3,1.5587712264700262,1.5587712264700253,1.5587712264700262,1.5587712264700253
SE.CLO.9.LDSEV.M.TMS.2011.4,1.280547107622976,1.280547107622976,1.280547107622976,1.280547107622976
SE.CLO.9.LDSEV.M.TMS.2011.5,1.0894660330232695,1.0894660330232697,1.0894660330232695,1.0894660330232697
SE.CLO.9.LDSEV.M.TMS.2011.A,1.533022365537488,1.5330223655374882,1.533022365537488,1.5330223655374882
SE.CLO.9.LDSEV.M.TMS.2011.F,1.641486973124944,1.641486973124944,1.641486973124944,1.641486973124944
SE.CLO.9.LDSEV.M.TMS.2011.M,1.3759555978379543,1.3759555978379545,1.3759555978379543,1.3759555978379545
SE.CLO.9.LDSEV.M.TMS.2011.R,1.2403256644706875,1.2403256644706875,1.2403256644706875,1.2403256644706875
SE.CLO.9.LDSEV.M.TMS.2011.U,1.6476013736685133,1.6476013736685127,1.6476013736685133,1.6476013736685127
SE.CLO.9.LDSEV.M.TMS.2015.1,1.4264919455698226,1.4264919455698228,1.4264919455698226,1.4264919455698228
SE.CLO.9.LDSEV.M.TMS.2015.2,1.32520406054239,1.325204060542391,1.32520406054239,1.325204060542391
SE.CLO.9.LDSEV.M.TMS.2015.3,1.420251259813249,1.420251259813249,1.420251259813249,1.420251259813249
SE.CLO.9.LDSEV.M.TMS.2015.4,1.442361884922258,1.442361884922258,1.442361884922258,1.442361884922258
SE.CLO.9.LDSEV.M.TMS.2015.5,1.663775484978724,1.663775484978725,1.663775484978724,1.663775484978725
SE.CLO.9.LDSEV.M.TMS.2015.A,1.3070218496572699,1.3070218496572696,1.3070218496572699,1.3070218496572696
SE.CLO.9.LDSEV.M.TMS.2015.F,1.2294871466264008,1.2294871466264008,1.2294871466264008,1.2294871466264008
SE.CLO.9.LDSEV.M.TMS.2015.M,1.3747264372721912,1.3747264372721912,1.3747264372721912,1.3747264372721912
SE.CLO.9.LDSEV.M.TMS.2015.R,1.3950116313684586,1.3950116313684586,1.3950116313684586,1.3950116313684586
SE.CLO.9.LDSEV.M.TMS.2015.U,1.3764543637083781,1.3764543637083781,1.3764543637083781,1.3764543637083781
SE.CLO.9.LDSEV.M.TMS.2019.1,2.121320343559642,2.121320343559642,2.121320343559642,2.121320343559642
SE.CLO.9.LDSEV.M.TMS.2019.2,2.121320343559643,2.121320343559643,2.121320343559643,2.121320343559643
SE.CLO.9.LDSEV.M.TMS.2019.3,2.1213203435596424,2.1213203435596424,2.1213203435596424,2.1213203435596424
SE.CLO.9.LDSEV.M.TMS.2019.4,2.1213203435596424,2.1213203435596424,2.1213203435596424,2.1213203435596424
SE.CLO.9.LDSEV.M.TMS.2019.5,2.1213203435596433,2.1213203435596433,2.1213203435596433,2.1213203435596433
SE.CLO.9.LDSEV.M.TMS.2019.A,0.6093463388204071,0.6093463388204072,0.6093463388204071,0.6093463388204072
SE.CLO.9.LDSEV.M.TMS.2019.F,0.4721466277646979,0.47214662776469796,0.4721466277646979,0.47214662776469796
SE.CLO.9.LDSEV.M.TMS.2019.M,0.7322496424420238,0.732249642442024,0.7322496424420238,0.732249642442024
SE.CLO.9.LDSEV.M.TMS.2019.R,0.4822815239163314,0.48228152391633294,0.4822815239163314,0.48228152391633294
SE.CLO.9.LDSEV.M.TMS.2019.U,0.8565545182576727,0.8565545182576739,0.8565545182576727,0.8565545182576739
SE.CLO.9.LDSEV.S.TMS.2007.1,0.0,0.0,0.0,0.0
SE.CLO.9.LDSEV.S.TMS.2007.2,0.0,0.0,0.0,0.0
SE.CLO.9.LDSEV.S.TMS.2007.3,0.0,0.0,0.0,0.0
SE.CLO.9.LDSEV.S.TMS.2007.4,0.0,0.0,0.0,0.0
SE.CLO.9.LDSEV.S.TMS.2007.5,0.0,0.0,0.0,0.0
SE.CLO.9.LDSEV.S.TMS.2007.A,0.0,0.0,0.0,0.0
SE.CLO.9.LDSEV.S.TMS.2007.F,0.0,0.0,0.0,0.0
SE.CLO.9.LDSEV.S.TMS.2007.M,0.0,0.0,0.0,0.0
SE.CLO.9.LDSEV.S.TMS.2007.R,0.0,0.0,0.0,0.0
SE.CLO.9.LDSEV.S.TMS.2007.U,0.0,0.0,0.0,0.0
SE.CLO.9.LDSEV.S.TMS.2011.1,0.7481456341344944,0.7481456341344944,0.7481456341344944,0.7481456341344944
SE.CLO.9.LDSEV.S.TMS.2011.2,0.6804268744214256,0.6804268744214257,0.6804268744214256,0.6804268744214257
SE.CLO.9.LDSEV.S.TMS.2011.3,0.8256572969399282,0.8256572969399274,0.8256572969399282,0.8256572969399274
SE.CLO.9.LDSEV.S.TMS.2011.4,0.6364682235111501,0.6364682235111496,0.6364682235111501,0.6364682235111496
SE.CLO.9.LDSEV.S.TMS.2011.5,0.35076291226380696,0.3507629122638076,0.35076291226380696,0.3507629122638076
SE.CLO.9.LDSEV.S.TMS.2011.A,0.7735523806925859,0.7735523806925859,0.7735523806925859,0.7735523806925859
SE.CLO.9.LDSEV.S.TMS.2011.F,1.0517827612791364,1.0517827612791366,1.0517827612791364,1.0517827612791366
SE.CLO.9.LDSEV.S.TMS.2011.M,0.523886677447414,0.5238866774474148,0.523886677447414,0.5238866774474148
SE.CLO.9.LDSEV.S.TMS.2011.R,1.3749414872965047,-0.04124992828943863,1.3749414872965047,0.04124992828943863
SE.CLO.9.LDSEV.S.TMS.2011.U,0.7647409236684956,0.7647409236684956,0.7647409236684956,0.7647409236684956
SE.CLO.9.LDSEV.S.TMS.2015.1,1.575291106157756,1.5752911061577577,1.575291106157756,1.5752911061577577
SE.CLO.9.LDSEV.S.TMS.2015.2,1.4520370648599101,1.4520370648599104,1.4520370648599101,1.4520370648599104
SE.CLO.9.LDSEV.S.TMS.2015.3,1.481468328644602,1.4814683286446024,1.481468328644602,1.4814683286446024
SE.CLO.9.LDSEV.S.TMS.2015.4,1.642851507409576,1.6428515074095762,1.642851507409576,1.6428515074095762
SE.CLO.9.LDSEV.S.TMS.2015.5,1.7376221084307497,1.7376221084307495,1.7376221084307497,1.7376221084307495
SE.CLO.9.LDSEV.S.TMS.2015.A,1.5714178465620878,1.5714178465620874,1.5714178465620878,1.5714178465620874
SE.CLO.9.LDSEV.S.TMS.2015.F,1.8686957274624596,1.8686957274624598,1.8686957274624596,1.8686957274624598
SE.CLO.9.LDSEV.S.TMS.2015.M,1.3773196396529572,1.3773196396529572,1.3773196396529572,1.3773196396529572
SE.CLO.9.LDSEV.S.TMS.2015.R,1.6822494455946364,1.6822494455946368,1.6822494455946364,1.6822494455946368
SE.CLO.9.LDSEV.S.TMS.2015.U,1.2805842112148962,1.2805842112148975,1.2805842112148962,1.2805842112148975
SE.CLO.9.LDSEV.S.TMS.2019.1,2.1213203435596424,2.1213203435596424,2.1213203435596424,2.1213203435596424
SE.CLO.9.LDSEV.S.TMS.2019.2,2.121320343559643,2.121320343559643,2.121320343559643,2.121320343559643
SE.CLO.9.LDSEV.S.TMS.2019.3,2.1213203435596433,2.1213203435596433,2.1213203435596433,2.1213203435596433
SE.CLO.9.LDSEV.S.TMS.2019.4,2.1213203435596424,2.1213203435596424,2.1213203435596424,2.1213203435596424
SE.CLO.9.LDSEV.S.TMS.2019.5,2.121320343559643,2.121320343559643,2.121320343559643,2.121320343559643
SE.CLO.9.LDSEV.S.TMS.2019.A,1.6467004717228233,1.6467004717228233,1.6467004717228233,1.6467004717228233
SE.CLO.9.LDSEV.S.TMS.2019.F,1.3417202050246588,1.3417202050246588,1.3417202050246588,1.3417202050246588
SE.CLO.9.LDSEV.S.TMS.2019.M,1.5772127079394367,1.577212707939437,1.5772127079394367,1.577212707939437
SE.CLO.9.LDSEV.S.TMS.2019.R,1.5238148091354558,1.523814809135456,1.5238148091354558,1.523814809135456
SE.CLO.9.LDSEV.S.TMS.2019.U,1.6838309178683666,1.6838309178683668,1.6838309178683666,1.6838309178683668
SE.CLO.9.PRF.M.TMS.2007.1,0.0,0.0,0.0,0.0
SE.CLO.9.PRF.M.TMS.2007.2,0.0,0.0,0.0,0.0
SE.CLO.9.PRF.M.TMS.2007.3,0.0,0.0,0.0,0.0
SE.CLO.9.PRF.M.TMS.2007.4,0.0,0.0,0.0,0.0
SE.CLO.9.PRF.M.TMS.2007.5,0.0,0.0,0.0,0.0
SE.CLO.9.PRF.M.TMS.2007.A,0.0,0.0,0.0,0.0
SE.CLO.9.PRF.M.TMS.2007.F,0.0,0.0,0.0,0.0
SE.CLO.9.PRF.M.TMS.2007.M,0.0,0.0,0.0,0.0
SE.CLO.9.PRF.M.TMS.2007.R,0.0,0.0,0.0,0.0
SE.CLO.9.PRF.M.TMS.2007.U,0.0,0.0,0.0,0.0
SE.CLO.9.PRF.M.TMS.2011.1,1.420860225892105,1.420860225892105,1.420860225892105,1.420860225892105
SE.CLO.9.PRF.M.TMS.2011.2,1.8672855371031531,1.8672855371031531,1.8672855371031531,1.8672855371031531
SE.CLO.9.PRF.M.TMS.2011.3,1.8117876578668222,1.8117876578668215,1.8117876578668222,1.8117876578668215
SE.CLO.9.PRF.M.TMS.2011.4,1.961672301390939,1.9616723013909378,1.961672301390939,1.9616723013909378
SE.CLO.9.PRF.M.TMS.2011.5,1.5477675115299767,1.5477675115299767,1.5477675115299767,1.5477675115299767
SE.CLO.9.PRF.M.TMS.2011.A,1.877202620896817,1.877202620896818,1.877202620896817,1.877202620896818
SE.CLO.9.PRF.M.TMS.2011.F,1.6913592303574134,1.6913592303574134,1.6913592303574134,1.6913592303574134
SE.CLO.9.PRF.M.TMS.2011.M,2.0665161114994484,2.066516111499449,2.0665161114994484,2.066516111499449
SE.CLO.9.PRF.M.TMS.2011.R,-1.0828040157593724,-1.0828040157593724,1.0828040157593724,1.0828040157593724
SE.CLO.9.PRF.M.TMS.2011.U,2.078716510844458,2.078716510844458,2.078716510844458,2.078716510844458
SE.CLO.9.PRF.M.TMS.2015.1,-1.054560964897284,-1.054560964897284,1.054560964897284,1.054560964897284
SE.CLO.9.PRF.M.TMS.2015.2,-1.067260216911882,-1.067260216911882,1.067260216911882,1.067260216911882
SE.CLO.9.PRF.M.TMS.2015.3,-0.9831114047197421,-0.9831114047197421,0.9831114047197421,0.9831114047197421
SE.CLO.9.PRF.M.TMS.2015.4,-0.6556443955289989,-0.6556443955289979,0.6556443955289989,0.6556443955289979
SE.CLO.9.PRF.M.TMS.2015.5,-0.4760151991380149,-0.4760151991380149,0.4760151991380149,0.4760151991380149
SE.CLO.9.PRF.M.TMS.2015.A,-0.8468064452957121,-0.846806445295712,0.8468064452957121,0.846806445295712
SE.CLO.9.PRF.M.TMS.2015.F,-0.922092031021084,-0.922092031021084,0.922092031021084,0.922092031021084
SE.CLO.9.PRF.M.TMS.2015.M,-0.7889462174708453,-0.7889462174708454,0.7889462174708453,0.7889462174708454
SE.CLO.9.PRF.M.TMS.2015.R,-1.1983069057615199,-1.1983069057615208,1.1983069057615199,1.1983069057615208
SE.CLO.9.PRF.M.TMS.2015.U,-0.596304229205702,-0.596304229205702,0.596304229205702,0.596304229205702
SE.CLO.9.PRF.M.TMS.2019.1,0.7025285095203938,0.7025285095203938,0.7025285095203938,0.7025285095203938
SE.CLO.9.PRF.M.TMS.2019.2,0.1757249791610764,0.17572497916107693,0.1757249791610764,0.17572497916107693
SE.CLO.9.PRF.M.TMS.2019.3,-0.17391319759346183,-0.17391319759346183,0.17391319759346183,0.17391319759346183
SE.CLO.9.PRF.M.TMS.2019.4,-0.8110438282457468,-0.8110438282457468,0.8110438282457468,0.8110438282457468
SE.CLO.9.PRF.M.TMS.2019.5,-0.8137871810370344,-0.8137871810370344,0.8137871810370344,0.8137871810370344
SE.CLO.9.PRF.M.TMS.2019.A,0.1543304168729117,0.1543304168729103,0.1543304168729117,0.1543304168729103
SE.CLO.9.PRF.M.TMS.2019.F,0.25685302427698437,0.25685302427698437,0.25685302427698437,0.25685302427698437
SE.CLO.9.PRF.M.TMS.2019.M,0.04800181948494369,0.048001819484944384,0.04800181948494369,0.048001819484944384
SE.CLO.9.PRF.M.TMS.2019.R,-0.7787924005593975,-0.7787924005593976,0.7787924005593975,0.7787924005593976
SE.CLO.9.PRF.M.TMS.2019.U,-0.022973165097209636,-0.022973165097209636,0.022973165097209636,0.022973165097209636
SE.CLO.9.PRF.S.TMS.2007.1,0.0,0.0,0.0,0.0
SE.CLO.9.PRF.S.TMS.2007.2,0.0,0.0,0.0,0.0
SE.CLO.9.PRF.S.TMS.2007.3,0.0,0.0,0.0,0.0
SE.CLO.9.PRF.S.TMS.2007.4,0.0,0.0,0.0,0.0
SE.CLO.9.PRF.S.TMS.2007.5,0.0,0.0,0.0,0.0
SE.CLO.9.PRF.S.TMS.2007.A,0.0,0.0,0.0,0.0
SE.CLO.9.PRF.S.TMS.2007.F,0.0,0.0,0.0,0.0
SE.CLO.9.PRF.S.TMS.2007.M,0.0,0.0,0.0,0.0
SE.CLO.9.PRF.S.TMS.2007.R,0.0,0.0,0.0,0.0
SE.CLO.9.PRF.S.TMS.2007.U,0.0,0.0,0.0,0.0
SE.CLO.9.PRF.S.TMS.2011.1,0.24556075746956174,0.24556075746956174,0.24556075746956174,0.24556075746956174
SE.CLO.9.PRF.S.TMS.2011.2,1.1043300741637752,1.1043300741637752,1.1043300741637752,1.1043300741637752
SE.CLO.9.PRF.S.TMS.2011.3,1.0798340419323078,1.0798340419323076,1.0798340419323078,1.0798340419323076
SE.CLO.9.PRF.S.TMS.2011.4,1.151603434885936,1.1516034348859363,1.151603434885936,1.1516034348859363
SE.CLO.9.PRF.S.TMS.2011.5,1.0698119373188988,1.0698119373188997,1.0698119373188988,1.0698119373188997
SE.CLO.9.PRF.S.TMS.2011.A,1.0108198662756462,1.010819866275647,1.0108198662756462,1.010819866275647
SE.CLO.9.PRF.S.TMS.2011.F,0.9089493217828747,0.9089493217828746,0.9089493217828747,0.9089493217828746
SE.CLO.9.PRF.S.TMS.2011.M,1.1237011134131967,1.1237011134131967,1.1237011134131967,1.1237011134131967
SE.CLO.9.PRF.S.TMS.2011.R,0.029360036674173046,0.029360036674172404,0.029360036674173046,0.029360036674172404
SE.CLO.9.PRF.S.TMS.2011.U,1.2247214151799668,1.2247214151799675,1.2247214151799668,1.2247214151799675
SE.CLO.9.PRF.S.TMS.2015.1,-0.4965716705862267,-0.4965716705862255,0.4965716705862267,0.4965716705862255
SE.CLO.9.PRF.S.TMS.2015.2,-0.5948278777707617,-0.5948278777707617,0.5948278777707617,0.5948278777707617
SE.CLO.9.PRF.S.TMS.2015.3,-0.45978955528438437,-0.45978955528438353,0.45978955528438437,0.45978955528438353
SE.CLO.9.PRF.S.TMS.2015.4,0.13020128111502208,0.13020128111502208,0.13020128111502208,0.13020128111502208
SE.CLO.9.PRF.S.TMS.2015.5,0.8094362873007271,0.8094362873007233,0.8094362873007271,0.8094362873007233
SE.CLO.9.PRF.S.TMS.2015.A,-0.1468010973814894,-0.1468010973814894,0.1468010973814894,0.1468010973814894
SE.CLO.9.PRF.S.TMS.2015.F,-0.4205427171651037,-0.4205427171651037,0.4205427171651037,0.4205427171651037
SE.CLO.9.PRF.S.TMS.2015.M,0.09530368593789526,0.09530368593789423,0.09530368593789526,0.09530368593789423
SE.CLO.9.PRF.S.TMS.2015.R,-0.2286043864427928,-0.22860438644279274,0.2286043864427928,0.22860438644279274
SE.CLO.9.PRF.S.TMS.2015.U,0.019691051851592416,0.01969105185159242,0.019691051851592416,0.01969105185159242
SE.CLO.9.PRF.S.TMS.2019.1,0.4194066012406671,0.41940660124066714,0.4194066012406671,0.41940660124066714
SE.CLO.9.PRF.S.TMS.2019.2,-0.24204775361659273,-0.24204775361659223,0.24204775361659273,0.24204775361659223
SE.CLO.9.PRF.S.TMS.2019.3,-0.6147687568019343,-0.6147687568019343,0.6147687568019343,0.6147687568019343
SE.CLO.9.PRF.S.TMS.2019.4,-1.0476487294914374,-1.0476487294914374,1.0476487294914374,1.0476487294914374
SE.CLO.9.PRF.S.TMS.2019.5,-1.166990190241559,-1.1669901902415607,1.166990190241559,1.1669901902415607
SE.CLO.9.PRF.S.TMS.2019.A,-0.4086436763375531,-0.40864367633755383,0.4086436763375531,0.40864367633755383
SE.CLO.9.PRF.S.TMS.2019.F,-0.35195734768427794,-0.351957347684278,0.35195734768427794,0.351957347684278
SE.CLO.9.PRF.S.TMS.2019.M,-0.3580515119101856,-0.3580515119101856,0.3580515119101856,0.3580515119101856
SE.CLO.9.PRF.S.TMS.2019.R,-1.7232946899521688,-1.7232946899521688,1.7232946899521688,1.7232946899521688
SE.CLO.9.PRF.S.TMS.2019.U,-0.48860078508741017,-0.4886007850874102,0.48860078508741017,0.4886007850874102
SE.LPV.POP.0516,0.30093637493172354,0.2770611570958061,0.30093637493172354,0.2770611570958061
SE.LPV.POP.0516.FE,0.33246294845469837,0.3054132509884738,0.33246294845469837,0.3054132509884738
SE.LPV.POP.0516.MA,0.3387989314769904,0.31159329679241665,0.3387989314769904,0.31159329679241665
SE.LPV.POP.10,0.3580797183702049,0.3349701348059799,0.3580797183702049,0.3349701348059799
SE.LPV.POP.10.FE,0.37541230409772625,0.3490608622294639,0.37541230409772625,0.3490608622294639
SE.LPV.POP.10.MA,0.40857364239655075,0.3824946627555548,0.40857364239655075,0.3824946627555548
SE.LPV.POP.1014,0.25642951629840116,0.23193254754411516,0.25642951629840116,0.23193254754411516
SE.LPV.POP.1014.FE,0.2846992886656117,0.29106806578511124,0.2846992886656117,0.29106806578511124
SE.LPV.POP.1014.MA,0.2920998573551482,0.2641135774437386,0.2920998573551482,0.2641135774437386
SE.LPV.POP.9PLUS,0.22481024511405204,0.22481024511406164,0.22481024511405204,0.22481024511406164
SE.LPV.POP.9PLUS.FE,0.2201441028844356,0.22014410288446826,0.2201441028844356,0.22014410288446826
SE.LPV.POP.9PLUS.MA,0.2761462509794546,0.27614625097941525,0.2761462509794546,0.27614625097941525
SE.LPV.POP.PRIM,0.390151384889776,0.3901513848897828,0.390151384889776,0.3901513848897828
SE.LPV.POP.PRIM.FE,0.16219120575319043,0.16219120575319734,0.16219120575319043,0.16219120575319734
SE.LPV.POP.PRIM.MA,0.23677957708010433,0.20787480146845044,0.23677957708010433,0.20787480146845044
SE.LPV.PRIM,0.5282659764551999,0.5282659764552078,0.5282659764551999,0.5282659764552078
SE.LPV.PRIM.BMP,-9.085338663992775E-4,-9.085338663992775E-4,9.085338663992775E-4,9.085338663992775E-4
SE.LPV.PRIM.BMP.FE,0.48366641269314786,0.4836664126931479,0.48366641269314786,0.4836664126931479
SE.LPV.PRIM.BMP.MA,0.3371879930042941,0.33718799300429736,0.3371879930042941,0.33718799300429736
SE.LPV.PRIM.FE,0.6507080190453285,0.650708019045333,0.6507080190453285,0.650708019045333
SE.LPV.PRIM.LD,1.080905882129847,1.080905882129838,1.080905882129847,1.080905882129838
SE.LPV.PRIM.LD.FE,1.0633079083781412,1.0633079083781407,1.0633079083781412,1.0633079083781407
SE.LPV.PRIM.LD.MA,0.9808022826753869,0.9808022826753863,0.9808022826753869,0.9808022826753863
SE.LPV.PRIM.LDGAP,0.5343336191637559,0.814743424114293,0.5343336191637559,0.814743424114293
SE.LPV.PRIM.LDGAP.FE,0.5397411347295072,0.7937662030278179,0.5397411347295072,0.7937662030278179
SE.LPV.PRIM.LDGAP.MA,0.5560246048336297,0.8000234690308085,0.5560246048336297,0.8000234690308085
SE.LPV.PRIM.LDSEV,0.569172099743206,1.016218633493568,0.569172099743206,1.016218633493568
SE.LPV.PRIM.LDSEV.FE,0.5868477993572991,1.058546559382116,0.5868477993572991,1.058546559382116
SE.LPV.PRIM.LDSEV.MA,0.6087320875189671,0.8812089406523993,0.6087320875189671,0.8812089406523993
SE.LPV.PRIM.LPGAP,0.6167599367396466,0.6228400793739303,0.6167599367396466,0.6228400793739303
SE.LPV.PRIM.LPGAP.FE,0.6313291502273674,0.5599833267353119,0.6313291502273674,0.5599833267353119
SE.LPV.PRIM.LPGAP.MA,0.45697270053591516,0.42990029238245187,0.45697270053591516,0.42990029238245187
SE.LPV.PRIM.LPSEV,0.8200090694410245,0.7777418664934698,0.8200090694410245,0.7777418664934698
SE.LPV.PRIM.LPSEV.FE,0.7920088372951035,0.8338150660665905,0.7920088372951035,0.8338150660665905
SE.LPV.PRIM.LPSEV.MA,0.821595634466996,0.7724219426424896,0.821595634466996,0.7724219426424896
SE.LPV.PRIM.MA,0.6994400087688641,0.6994400087688543,0.6994400087688641,0.6994400087688543
SE.LPV.PRIM.OOS,0.31513079703223057,0.2907508637940491,0.31513079703223057,0.2907508637940491
SE.LPV.PRIM.OOS.FE,0.34821872537161297,0.31602872114790204,0.34821872537161297,0.31602872114790204
SE.LPV.PRIM.OOS.MA,0.044741339909158816,0.009863117594585484,0.044741339909158816,0.009863117594585484
SE.LPV.PRIM.SD,0.6105176035383912,0.6105176035383902,0.6105176035383912,0.6105176035383902
SE.LPV.PRIM.SD.FE,0.5744931016154848,0.6296533702411639,0.5744931016154848,0.6296533702411639
SE.LPV.PRIM.SD.MA,0.3241820804049756,0.3241820804049769,0.3241820804049756,0.3241820804049769
