Indicator name,non_null_values
"School age population, secondary education, female (number)",270
"School age population, last grade of primary education, female (number)",216
"Repeaters in Grade 5 of lower secondary general education, female (number)",205
"Repeaters in grade unknown of lower secondary general education, both sexes (number)",203
"School age population, upper secondary education, both sexes (number)",186
"School life expectancy, primary, female (years)",172
"School age population, primary education, both sexes (number)",162
"School age population, lower secondary education, both sexes (number)",162
"School age population, tertiary education, male (number)",162
"Population of compulsory school age, both sexes (number)",157
"School age population, pre-primary education, both sexes (number)",153
Share of all students in secondary education enrolled in general programmes (%),151
"Repetition rate in Grade 1 of primary education, both sexes (%)",138
"Repetition rate in primary education (all grades), both sexes (%)",131
Official entrance age to compulsory education (years),129
"Repeaters in primary education, all grades, male (number)",116
"Enrolment in early childhood educational development programmes, female (number)",110
"School age population, pre-primary education, male (number)",108
"School age population, lower secondary education, male (number)",108
"School age population, secondary education, male (number)",108
"School age population, upper secondary education, female (number)",108
"School age population, one year before than official primary entry age, female (number)",108
Start of the academic school year (pre-primary to post-secondary non tertiary education),108
End of the academic school year (pre-primary to post-secondary non tertiary education),108
Theoretical duration of primary education (years),108
"Repetition rate in Grade 5 of lower secondary general education, male (%)",106
"Population of the official entrance age to primary education, both sexes (number)",105
"Gross enrolment ratio for tertiary education, both sexes (%)",103
"School life expectancy, tertiary, female (years)",102
"Repetition rate in Grade 5 of lower secondary general education, both sexes (%)",98
"Enrolment in primary education, both sexes (number)",98
"Gross enrolment ratio for tertiary education, female (%)",97
"School age population, last grade of primary education, both sexes (number)",97
"Repeaters in Grade 1 of lower secondary general education, both sexes (number)",96
"Gross enrolment ratio, primary, both sexes (%)",96
"School life expectancy, primary to tertiary, female (years)",94
"Repeaters in lower secondary general education, all grades, female (number)",90
"Repeaters in Grade 5 of primary education, both sexes (number)",89
"Gross intake ratio to the last grade of lower secondary general education, female (%)",87
"Completion rate, primary education, both sexes (%)",86
Number of years of free primary and secondary education guaranteed in legal frameworks,85
"Repeaters in primary education, all grades, both sexes (number)",84
Expenditure on education as a percentage of total government expenditure (%),84
"Repetition rate in Grade 4 of primary education, female (%)",84
"Repetition rate in Grade 4 of lower secondary general education, male (%)",83
Theoretical duration of post-secondary non-tertiary education (years),82
"Repetition rate in Grade 1 of lower secondary general education, female (%)",81
"Teachers in pre-primary education, both sexes (number)",79
"Repeaters in Grade 3 of lower secondary general education, both sexes (number)",79
"Enrolment in early childhood education, male (number)",77
"Out-of-school children of primary school age, both sexes (number)",76
"Repetition rate in Grade 3 of lower secondary general education, male (%)",76
"Enrolment in tertiary education, all programmes, female (number)",76
"Repeaters in Grade 7 of primary education, both sexes (number)",75
"Out-of-school rate for children one year younger than official primary entry age, male (%)",74
"Repeaters in lower secondary general education, all grades, male (number)",72
"Repetition rate in Grade 3 of lower secondary general education, both sexes (%)",69
"Completion rate, lower secondary education, male (%)",68
"Completion rate, primary education, adjusted gender parity index (GPIA)",68
"Completion rate, upper secondary education, male (%)",67
"Enrolment in lower secondary education, male (number)",67
"Out-of-school rate for youth of upper secondary school age, adjusted gender parity index (GPIA)",66
Share of all students in secondary education enrolled in vocational programmes (%),65
"Gross enrolment ratio, primary and lower secondary, male (%)",64
"Gross intake ratio to the last grade of lower secondary general education, male (%)",64
Percentage of enrolment in primary education in private institutions (%),64
"Out-of-school rate for children of primary school age, adjusted gender parity index (GPIA)",63
"Government expenditure on pre-primary education, US$ (millions)",63
"Out-of-school rate for children and adolescents of primary and lower secondary school age, adjusted gender parity index (GPIA)",62
"Out-of-school rate for children and adolescents of primary and lower secondary school age, both sexes (%)",60
"Out-of-school children of primary school age, female (number)",59
"Caribbean and Central America: Students from Bahamas, both sexes (number)",59
"Teachers in tertiary education programmes, both sexes (number)",59
"Enrolment in tertiary education, all programmes, male (number)",58
"Asia: Students from Azerbaijan, both sexes (number)",58
"Teachers in primary education, female (number)",58
"Total net enrolment rate, primary, female (%)",58
"Total net enrolment rate, lower secondary, male (%)",58
"Survival rate to Grade 4 of primary education, male (%)",58
Percentage of teachers in primary education who are female (%),57
"Gross enrolment ratio for tertiary education, male (%)",57
"Repeaters in Grade 7 of primary education, male (number)",56
"Asia: Students from Saudi Arabia, both sexes (number)",56
"Caribbean and Central America: Students from Aruba, both sexes (number)",56
"Gross enrolment ratio, primary and secondary, male (%)",56
"Repeaters in Grade 1 of primary education, both sexes (number)",55
"School age population, pre-primary education, female (number)",54
"School age population, primary education, male (number)",54
"Population of the official entrance age to secondary general education, both sexes (number)",54
"School age population, tertiary education, both sexes (number)",54
"Population of the official entrance age to secondary general education, male (number)",54
"Population of the official entrance age to primary education, male (number)",54
Theoretical duration of secondary education (years),54
Theoretical duration of pre-primary education (years),54
Theoretical duration of upper secondary education (years),54
"Population of the official entrance age to primary education, female (number)",54
Official entrance age to primary education (years),54
"School life expectancy, secondary, female (years)",54
"Repeaters in Grade 5 of lower secondary general education, both sexes (number)",54
"Repetition rate in Grade 4 of primary education, male (%)",54
Official entrance age to pre-primary education (years),54
"School age population, upper secondary education, male (number)",54
Official entrance age to lower secondary education (years),54
"Repeaters in Grade 6 of lower secondary general education, both sexes (number)",54
"Repetition rate in Grade 5 of lower secondary general education, female (%)",53
Official entrance age to post-secondary non-tertiary education (years),53
"Oceania: Students from Papua New Guinea, both sexes (number)",53
"School age population, early childhood education, both sexes (number)",52
"Out-of-school rate for adolescents and youth of lower and upper secondary school age, female (%)",52
"Population of compulsory school age, female (number)",52
"Enrolment in primary education, female (number)",52
"Government expenditure on education not specified by level, constant US$ (millions)",52
"Repeaters in Grade 4 of lower secondary general education, female (number)",52
"Asia: Students from the Republic of Korea, both sexes (number)",51
"Repeaters in Grade 6 of primary education, male (number)",51
Theoretical duration of early childhood educational development (years),51
Percentage of enrolment in early childhood education programmes in private institutions (%),51
"Caribbean and Central America: Students from Dominican Republic, both sexes (number)",50
"Survival rate to Grade 4 of primary education, both sexes (%)",49
"Repeaters in Grade 4 of primary education, both sexes (number)",49
"Enrolment in post-secondary non-tertiary education, male (number)",48
"Gross enrolment ratio for tertiary education, adjusted gender parity index (GPIA)",48
"Government expenditure on tertiary education, constant PPP$ (millions)",48
"Government expenditure on primary education, PPP$ (millions)",48
"Africa: Students from Burundi, both sexes (number)",48
"Repeaters in Grade 5 of primary education, female (number)",48
"Asia: Students from Malaysia, both sexes (number)",47
"Enrolment in secondary education, both sexes (number)",47
"Repeaters in grade unknown of lower secondary general education, male (number)",47
"Africa: Students from Tunisia, both sexes (number)",47
"Gross enrolment ratio, primary and secondary, both sexes (%)",46
"Caribbean and Central America: Students from Saint Vincent and the Grenadines, both sexes (number)",45
"Repetition rate in Grade 4 of primary education, both sexes (%)",45
"Out-of-school children of primary school age, male (number)",45
"Caribbean and Central America: Students from Guatemala, both sexes (number)",45
"Africa: Students from the Central African Republic, both sexes (number)",45
"Europe: Students from unknown countries, both sexes (number)",45
"Asia: Students from Singapore, both sexes (number)",45
"Repeaters in grade unknown of primary education, male (number)",44
Initial government funding per pre-primary student as a percentage of GDP per capita,44
"Youth literacy rate, population 15-24 years, female (%)",44
"School life expectancy, secondary, both sexes (years)",44
"Teachers in post-secondary non-tertiary education, male (number)",43
"Repeaters in Grade 6 of lower secondary general education, male (number)",43
"School life expectancy, primary and lower secondary, female (years)",43
"Repetition rate in Grade 7 of primary education, male (%)",43
"Gross enrolment ratio, post-secondary non-tertiary, both sexes (%)",42
"Youth literacy rate, population 15-24 years, both sexes (%)",42
"Enrolment in pre-primary education, both sexes (number)",42
"Outbound mobility ratio to East Asia and the Pacific, both sexes (%)",42
"Caribbean and Central America: Students from Dominica, both sexes (number)",42
"Percentage of graduates from tertiary education graduating from Information and Communication Technologies programmes, both sexes (%)",41
"Out-of-school rate for youth of upper secondary school age, female (%)",40
Government expenditure on education as a percentage of GDP (%),40
"North America: Students from unknown countries, both sexes (number)",40
Capital expenditure as a percentage of total expenditure in pre-primary public institutions (%),40
"Asia: Students from Bangladesh, both sexes (number)",39
"Proportion of teachers with the minimum required qualifications in primary education, both sexes (%)",39
"Gross enrolment ratio, upper secondary, female (%)",39
"Gross enrolment ratio, upper secondary, both sexes (%)",39
"Total net enrolment rate, lower secondary, female (%)",39
"Adjusted net enrolment rate, one year before the official primary entry age, male (%)",39
"Repetition rate in Grade 1 of lower secondary general education, both sexes (%)",39
"Oceania: Students from Fiji, both sexes (number)",38
"Gross intake ratio to the last grade of primary education, male (%)",38
"Gross intake ratio to the last grade of lower secondary general education, both sexes (%)",38
"Enrolment in post-secondary non-tertiary education, both sexes (number)",38
"Total net enrolment rate, upper secondary, both sexes (%)",38
"Inbound internationally mobile students from sub-Saharan Africa, both sexes (number)",38
Current expenditure other than staff compensation as a percentage of total expenditure in secondary public institutions (%),37
"School life expectancy, pre-primary, male (years)",37
"Educational attainment rate, completed Master's or equivalent education or higher, population 25+ years, both sexes (%)",37
"Total net enrolment rate, upper secondary, male (%)",37
Percentage of enrolment in early childhood educational development programmes in private institutions (%),37
"Repetition rate in Grade 3 of lower secondary general education, female (%)",37
Government expenditure on primary education as a percentage of GDP (%),36
"Out-of-school rate for children of primary school age, female (%)",36
"Completion rate, upper secondary education, adjusted location parity index (LPIA)",36
Number of years of free pre-primary education guaranteed in legal frameworks,36
"Caribbean and Central America: Students from the Turks and Caicos Islands, both sexes (number)",36
All staff compensation as a percentage of total expenditure in tertiary public institutions (%),36
Percentage of teachers in lower secondary education who are female (%),36
"Percentage of pupils enrolled in primary education who are at least 2 years over-age for their current grade, male (%)",36
"Asia: Students from Maldives, both sexes (number)",36
"Asia: Students from Armenia, both sexes (number)",35
"Proportion of teachers with the minimum required qualifications in pre-primary education, female (%)",35
"Repeaters in Grade 6 of primary education, female (number)",35
"Out-of-school rate for adolescents of lower secondary school age, both sexes (%)",35
Non-teaching staff compensation as a percentage of total expenditure in tertiary public institutions (%),35
"Enrolment in early childhood educational development programmes, male (number)",35
"Completion rate, lower secondary education, female (%)",34
"Initial government funding per pre-primary student, constant PPP$",34
"Completion rate, primary education, male (%)",34
"Asia: Students from Uzbekistan, both sexes (number)",34
"Proportion of 15- to 24-year-olds enrolled in vocational education, female (%)",34
"Repeaters in Grade 1 of primary education, male (number)",33
"Asia: Students from the Philippines, both sexes (number)",33
"Repeaters in Grade 2 of lower secondary general education, both sexes (number)",33
"Completion rate, upper secondary education, both sexes (%)",33
"Out-of-school youth of upper secondary school age, both sexes (number)",33
"Percentage of graduates from tertiary education graduating from Agriculture, Forestry, Fisheries and Veterinary programmes, both sexes (%)",33
"Africa: Students from Morocco, both sexes (number)",33
Proportion of lower secondary schools with access to electricity (%),33
All staff compensation as a percentage of total expenditure in secondary public institutions (%),32
"Out-of-school rate for adolescents of lower secondary school age, urban, poorest quintile, both sexes (household survey data) (%)",32
"Proportion of teachers with the minimum required qualifications in secondary education, both sexes (%)",32
"Proportion of teachers with the minimum required qualifications in pre-primary education, male (%)",32
"Caribbean and Central America: Students from Cuba, both sexes (number)",32
"Adult illiterate population, 15+ years, % female",32
"Repeaters in Grade 4 of lower secondary general education, male (number)",32
Current expenditure as a percentage of total expenditure in tertiary public institutions (%),32
"Out-of-school rate for children one year younger than official primary entry age, both sexes (%)",32
"Completion rate, primary education, female (%)",32
"Enrolment in primary education, male (number)",31
"Oceania: Students from the Marshall Islands, both sexes (number)",31
"Government expenditure on post-secondary non-tertiary education, constant US$ (millions)",31
"Repetition rate in Grade 4 of lower secondary general education, both sexes (%)",31
"Repetition rate in Grade 5 of primary education, female (%)",31
"Percentage of pupils enrolled in primary education who are at least 2 years over-age for their current grade, both sexes (%)",31
"Asia: Students from Viet Nam, both sexes (number)",31
"Survival rate to Grade 5 of primary education, male (%)",31
"Asia: Students from Japan, both sexes (number)",31
"Teachers in upper secondary education, both sexes (number)",31
Initial household funding per primary student as a percentage of GDP per capita,30
"Mean years of schooling (ISCED 1 or higher), population 25+ years, both sexes",30
"North America: Students from Canada, both sexes (number)",30
"South America: Students from Argentina, both sexes (number)",30
"Repeaters in Grade 3 of primary education, both sexes (number)",30
Administration of a nationally representative learning assessment in Grade 2 or 3 in mathematics (number),30
"Survival rate to Grade 5 of primary education, both sexes (%)",30
Percentage of teachers in pre-primary education who are female (%),30
"Africa: Students from Uganda, both sexes (number)",30
"Gross enrolment ratio, secondary, male (%)",30
"Africa: Students from Sao Tome and Principe, both sexes (number)",30
Administration of a nationally-representative learning assessment at the end of primary in reading (number),30
"Proportion of 15- to 24-year-olds enrolled in vocational education, male (%)",29
"Enrolment in secondary education, female (number)",29
"Completion rate, upper secondary education, rural, richest quintile, male (%)",29
"Percentage of pupils enrolled in lower secondary general education who are at least 2 years over-age for their current grade, male (%)",29
"Gross enrolment ratio, primary and secondary, female (%)",29
"Caribbean and Central America: Students from Jamaica, both sexes (number)",29
Current expenditure other than staff compensation as a percentage of total expenditure in pre-primary public institutions (%),29
"Completion rate, primary education, urban, second quintile, female (%)",29
"Europe: Students from Norway, both sexes (number)",29
Share of all students in lower secondary education enrolled in vocational programmes (%),29
"Oceania: Students from the Federated States of Micronesia, both sexes (number)",29
"School life expectancy, secondary, male (years)",29
"Inbound internationally mobile students from Latin America and the Caribbean, both sexes (number)",29
"Repetition rate in Grade 6 of primary education, female (%)",28
"Asia: Students from Thailand, both sexes (number)",28
"Percentage of graduates from tertiary education graduating from Education programmes, both sexes (%)",28
"Asia: Students from Oman, both sexes (number)",28
"Inbound mobility rate, female (%)",28
"Completion rate, upper secondary education, rural, fourth quintile, female (%)",28
Initial government funding per lower secondary student as a percentage of GDP per capita,28
"Completion rate, lower secondary education, rural, both sexes (%)",27
Government expenditure on tertiary education as a percentage of GDP (%),27
"Percentage of graduates from tertiary education graduating from Social Sciences, Journalism and Information programmes, both sexes (%)",27
"Out-of-school rate for youth of upper secondary school age, second quintile, both sexes (household survey data) (%)",27
"Completion rate, lower secondary education, second quintile, both sexes (%)",27
"Government expenditure on education, PPP$ (millions)",27
"Gross enrolment ratio, secondary, both sexes (%)",27
"Completion rate, lower secondary education, urban, middle quintile, male (%)",27
"Completion rate, upper secondary education, middle quintile, adjusted location parity index (LPIA)",27
End month of the academic school year (pre-primary to post-secondary non-tertiary education),27
"Gross enrolment ratio, primary and lower secondary, both sexes (%)",27
All staff compensation as a percentage of total expenditure in upper secondary public institutions (%),27
"Africa: Students from South Sudan, both sexes (number)",27
"Repeaters in Grade 3 of primary education, female (number)",26
"Oceania: Students from Kiribati, both sexes (number)",26
"Repetition rate in Grade 1 of lower secondary general education, male (%)",26
Number of years of compulsory pre-primary education guaranteed in legal frameworks,26
"Europe: Students from Bosnia and Herzegovina, both sexes (number)",26
"Government expenditure on primary education, US$ (millions)",26
"Repetition rate in Grade 5 of primary education, both sexes (%)",26
"School age population, early childhood education, female (number)",26
"Survival rate to Grade 5 of primary education, female (%)",26
"Asia: Students from the Democratic People's Republic of Korea, both sexes (number)",26
"Outbound mobility ratio to South and West Asia, both sexes (%)",26
"Out-of-school rate for children of primary school age, urban, adjusted wealth parity index (household survey data) (WPIA)",26
"Completion rate, lower secondary education, adjusted gender parity index (GPIA)",26
"Outbound mobility ratio, all regions, both sexes (%)",26
"Completion rate, upper secondary education, richest quintile, male (%)",26
"Gross enrolment ratio, primary to tertiary, female (%)",26
"School age population, tertiary education, female (number)",26
"Gross enrolment ratio, upper secondary, male (%)",26
"Completion rate, lower secondary education, rural, poorest quintile, adjusted gender parity index (GPIA)",26
Official entrance age to early childhood education (years),25
"School life expectancy, primary and secondary, both sexes (years)",25
"Oceania: Students from unknown countries, both sexes (number)",25
"Enrolment in early childhood education, both sexes (number)",25
"School life expectancy, tertiary, both sexes (years)",25
"Adjusted net attendance rate, one year before the official primary entry age, fourth quintile, both sexes (%)",25
End of the academic school year (tertiary education),25
"Repeaters in grade unknown of primary education, female (number)",25
"Out-of-school children, one year before than official primary entry age, female (number)",25
"Completion rate, upper secondary education, fourth quintile, male (%)",25
"Completion rate, lower secondary education, rural, middle quintile, both sexes (%)",25
"Total net attendance rate, primary, rural, female (%)",25
Percentage of teachers in post-secondary non-tertiary education who are female (%),25
"School life expectancy, primary and secondary, female (years)",25
"Asia: Students from the Islamic Republic of Iran, both sexes (number)",24
"Asia: Students from Georgia, both sexes (number)",24
"Asia: Students from Lebanon, both sexes (number)",24
"Completion rate, upper secondary education, urban, male (%)",24
"Total outbound internationally mobile tertiary students studying abroad, all countries, both sexes (number)",24
"Europe: Students from the Netherlands, both sexes (number)",24
"Completion rate, upper secondary education, rural, second quintile, male (%)",24
"Total net attendance rate, lower secondary, adjusted location parity index (LPIA)",24
"Enrolment in tertiary education, all programmes, both sexes (number)",24
"Enrolment in pre-primary education, female (number)",24
"Teachers in secondary education, male (number)",24
"South America: Students from the Bolivarian Republic of Venezuela, both sexes (number)",24
"Enrolment in upper secondary education, both sexes (number)",24
"Europe: Students from Switzerland, both sexes (number)",24
"Enrolment in tertiary education, ISCED 5 programmes, female (number)",24
"Inbound internationally mobile students from East Asia and the Pacific, both sexes (number)",24
"Completion rate, primary education, middle quintile, male (%)",24
"Adjusted net attendance rate, one year before the official primary entry age, adjusted gender parity index (GPIA)",24
"Europe: Students from Hungary, both sexes (number)",24
"Europe: Students from Austria, both sexes (number)",24
"School life expectancy, primary and lower secondary, both sexes (years)",24
"Repeaters in Grade 7 of primary education, female (number)",24
"Africa: Students from Rwanda, both sexes (number)",24
"Outbound internationally mobile tertiary students studying in North America and Western Europe, both sexes (number)",24
"Caribbean and Central America: Students from Saint Kitts and Nevis, both sexes (number)",24
"Africa: Students from the Congo, both sexes (number)",24
"Africa: Students from Mauritius, both sexes (number)",24
"Africa: Students from Burkina Faso, both sexes (number)",24
"Asia: Students from unknown countries, both sexes (number)",24
"Out-of-school children and adolescents of primary and lower secondary school age, female (number)",23
"Repetition rate in Grade 3 of primary education, both sexes (%)",23
"Repeaters in lower secondary general education, all grades, both sexes (number)",23
"Educational attainment rate, completed short-cycle tertiary education or higher, population 25+ years, male (%)",23
"Repetition rate in Grade 3 of primary education, female (%)",23
"Completion rate, upper secondary education, adjusted wealth parity index (WPIA)",23
"Out-of-school rate for adolescents and youth of lower and upper secondary school age, both sexes (%)",23
"Repeaters in Grade 2 of primary education, female (number)",23
"Enrolment in upper secondary education, female (number)",23
"South America: Students from Peru, both sexes (number)",23
"Outbound internationally mobile tertiary students studying in South and West Asia, both sexes (number)",23
"Out-of-school rate for youth of upper secondary school age, urban, second quintile, both sexes (household survey data) (%)",23
"Out-of-school youth of upper secondary school age, male (number)",23
"Asia: Students from Nepal, both sexes (number)",23
"Gross enrolment ratio, lower secondary, both sexes (%)",23
"Out-of-school rate for youth of upper secondary school age, male (household survey data) (%)",23
"Africa: Students from Chad, both sexes (number)",23
"Caribbean and Central America: Students from Trinidad and Tobago, both sexes (number)",23
"Government expenditure on pre-primary education, PPP$ (millions)",23
Current expenditure other than staff compensation as a percentage of total expenditure in lower secondary public institutions (%),23
"Completion rate, upper secondary education, urban, adjusted gender parity index (GPIA)",23
"Gross attendance ratio for tertiary education, adjusted wealth parity index (WPIA)",23
"Europe: Students from North Macedonia, both sexes (number)",23
"Africa: Students from unknown countries, both sexes (number)",23
"Asia: Students from Palestine, both sexes (number)",23
"Gross attendance ratio for tertiary education, urban, fourth quintile, both sexes (%)",22
"Outbound internationally mobile tertiary students studying in Latin America and the Caribbean, both sexes (number)",22
Capital expenditure as a percentage of total expenditure in lower secondary public institutions (%),22
"Outbound internationally mobile tertiary students studying in East Asia and the Pacific, both sexes (number)",22
"Africa: Students from Angola, both sexes (number)",22
"Africa: Students from Zambia, both sexes (number)",22
"Asia: Students from India, both sexes (number)",22
"Asia: Students from Turkey, both sexes (number)",22
"Completion rate, lower secondary education, rural, poorest quintile, male (%)",22
"Asia: Students from Afghanistan, both sexes (number)",22
"Teachers in lower secondary education, female (number)",22
"Enrolment in tertiary education, ISCED 6 programmes, both sexes (number)",22
"Repetition rate in primary education (all grades), male (%)",22
"Oceania: Students from Samoa, both sexes (number)",22
"Teachers in secondary education, female (number)",22
"Enrolment in pre-primary education, male (number)",22
"Teachers in upper secondary education, male (number)",22
Teaching staff compensation as a percentage of total expenditure in lower secondary public institutions (%),22
"Completion rate, primary education, richest quintile, adjusted gender parity index (GPIA)",21
"Europe: Students from Romania, both sexes (number)",21
"Africa: Students from Ethiopia, both sexes (number)",21
"Educational attainment rate, completed lower secondary education or higher, population 25+ years, female (%)",21
"Enrolment in tertiary education, ISCED 6 programmes, female (number)",21
"Adjusted net attendance rate, one year before the official primary entry age, rural, adjusted gender parity index (GPIA)",21
"Asia: Students from Myanmar, both sexes (number)",21
"Caribbean and Central America: Students from Saint Lucia, both sexes (number)",21
"Out-of-school rate for youth of upper secondary school age, urban, poorest quintile, both sexes (household survey data) (%)",21
"Out-of-school rate for youth of upper secondary school age, urban, richest quintile, both sexes (household survey data) (%)",21
"Out-of-school rate for adolescents of lower secondary school age, rural, richest quintile, both sexes (household survey data) (%)",21
"Out-of-school rate for adolescents of lower secondary school age, urban, middle quintile, both sexes (household survey data) (%)",21
Percentage of teachers in tertiary education who are female (%),21
"Total net attendance rate, lower secondary, poorest quintile, both sexes (%)",21
"Government expenditure on upper secondary education, US$ (millions)",21
Capital expenditure as a percentage of total expenditure in upper-secondary public institutions (%),21
"Gross attendance ratio for tertiary education, adjusted location parity index (LPIA)",21
Current expenditure as a percentage of total expenditure in lower secondary public institutions (%),20
"Proportion of students at the end of lower secondary education achieving at least a minimum proficiency level in reading, did not speak the language of the test at home, both sexes (%)",20
"Total net attendance rate, upper secondary, rural, fourth quintile, both sexes (%)",20
"Asia: Students from Bahrain, both sexes (number)",20
"Percentage of graduates from tertiary education graduating from Engineering, Manufacturing and Construction  programmes, both sexes (%)",20
"School life expectancy, primary to tertiary, both sexes (years)",20
"Repetition rate in Grade 2 of primary education, female (%)",20
"Completion rate, primary education, fourth quintile, adjusted location parity index (LPIA)",20
"Out-of-school children and adolescents of primary and lower secondary school age, male (number)",20
"Out-of-school rate for children one year younger than official age, adjusted gender parity index (GPIA)",20
"Out-of-school rate for children of primary school age, urban, second quintile, both sexes (household survey data) (%)",20
"Out-of-school children, adolescents and youth of primary and secondary school age, female (number)",20
"Completion rate, primary education, middle quintile, male, adjusted location parity index (LPIA)",20
"Africa: Students from Cape Verde, both sexes (number)",19
"Completion rate, primary education, rural, richest quintile, male (%)",19
"Teachers in tertiary education programmes, female (number)",19
"Teachers in upper secondary education, female (number)",19
"Repetition rate in Grade 2 of lower secondary general education, male (%)",19
"Completion rate, primary education, rural, adjusted wealth parity index (WPIA)",19
"Oceania: Students from the Cook Islands, both sexes (number)",19
"Adjusted net enrolment rate, one year before the official primary entry age, female (%)",19
"Net flow ratio of internationally mobile students (inbound - outbound), both sexes (%)",19
"Government expenditure on upper secondary education, constant US$ (millions)",19
"Africa: Students from Sudan, both sexes (number)",19
"Completion rate, upper secondary education, urban, female, adjusted wealth parity index (WPIA)",18
"Teachers in early childhood educational development programmes, male (number)",18
"Total net attendance rate, upper secondary, adjusted gender parity index (GPIA)",18
"Government expenditure on secondary education, constant PPP$ (millions)",18
"Total net attendance rate, lower secondary, urban, poorest quintile, both sexes (%)",18
Capital expenditure as a percentage of total expenditure in public institutions (%),18
"Africa: Students from Cameroon, both sexes (number)",18
Percentage of enrolment in pre-primary education in private institutions (%),18
"Africa: Students from Djibouti, both sexes (number)",18
"Completion rate, lower secondary education, poorest quintile, adjusted location parity index (LPIA)",18
"Africa: Students from Comoros, both sexes (number)",18
"Total net enrolment rate, primary, male (%)",18
"Gross enrolment ratio, primary, male (%)",18
"Out-of-school rate for children of primary school age, urban, both sexes (household survey data) (%)",18
"School life expectancy, post-secondary non-tertiary, female (years)",18
"Out-of-school adolescents of lower secondary school age, both sexes (number)",18
"Completion rate, primary education, middle quintile, adjusted location parity index (LPIA)",18
"Inbound internationally mobile students from Central Asia, both sexes (number)",18
"Completion rate, primary education, urban, male, adjusted wealth parity index (WPIA)",18
"Completion rate, primary education, urban, male (%)",18
"Repetition rate in Grade 2 of lower secondary general education, both sexes (%)",18
"Enrolment in tertiary education, ISCED 8 programmes, both sexes (number)",18
"Teachers in tertiary education ISCED 6, 7 and 8 programmes, female (number)",17
"Europe: Students from Gibraltar, both sexes (number)",17
Government expenditure on secondary and post-secondary non-tertiary vocational education as a percentage of GDP (%),17
"Enrolment in post-secondary non-tertiary education, female (number)",17
"Asia: Students from Indonesia, both sexes (number)",17
"Government expenditure on upper secondary education, constant PPP$ (millions)",17
Percentage of enrolment in secondary education in private institutions (%),17
"Literacy rate, population 25-64 years, female (%)",17
Non-teaching staff compensation as a percentage of total expenditure in secondary public institutions (%),17
"Teachers in tertiary education ISCED 5 programmes, male (number)",17
"Percentage of graduates from tertiary education graduating from Business, Administration and Law  programmes, both sexes (%)",17
"Percentage of graduates from tertiary education graduating from programmes in unspecified fields, both sexes (%)",17
"Oceania: Students from Australia, both sexes (number)",17
"Educational attainment rate, completed primary education or higher, population 25+ years, male (%)",16
"Completion rate, lower secondary education, rural, male (%)",16
Percentage of enrolment in upper secondary education in private institutions (%),16
"Completion rate, lower secondary education, urban, female (%)",16
"Government expenditure on pre-primary education, constant US$ (millions)",16
"Africa: Students from Ghana, both sexes (number)",16
"Proportion of teachers with the minimum required qualifications in upper secondary education, male (%)",16
"Gross attendance ratio for tertiary education, male (%)",16
"Gross attendance ratio for tertiary education, both sexes (%)",16
"Teachers in early childhood educational development programmes, female (number)",16
"Teachers in lower secondary education, both sexes (number)",16
"Gross enrolment ratio, post-secondary non-tertiary, female (%)",16
"Oceania: Students from Nauru, both sexes (number)",16
"Inbound mobility rate, both sexes (%)",16
"Inbound internationally mobile students from North America, both sexes (number)",16
"Completion rate, upper secondary education, rural, female (%)",16
"Teachers in tertiary education ISCED 5 programmes, female (number)",15
"Repeaters in Grade 1 of lower secondary general education, male (number)",15
"Europe: Students from Albania, both sexes (number)",15
Current expenditure other than staff compensation as a percentage of total expenditure in public institutions (%),15
"Proportion of youth and adults who have used basic arithmetic formulae in a spreadsheet, both sexes (%)",15
Pupil-trained teacher ratio in lower secondary education (headcount basis),15
"Proportion of teachers with the minimum required qualifications in secondary education, female (%)",15
Pupil-qualified teacher ratio in pre-primary education (headcount basis),15
"Proportion of students at the end of lower secondary education achieving at least a minimum proficiency level in reading, both sexes (%)",15
Harmonized Test Scores,15
"Completion rate, upper secondary education, rural, middle quintile, adjusted gender parity index (GPIA)",15
Initial government funding per secondary student as a percentage of GDP per capita,15
"Completion rate, upper secondary education, urban, female (%)",15
"Out-of-school children, one year younger than official primary entry age, male (number)",15
"Percentage of qualified teachers in lower secondary education, both sexes (%)",15
"Out-of-school rate for youth of upper secondary school age, middle quintile, female, adjusted location parity index (household survey data) (LPIA)",15
"Enrolment in early childhood educational development programmes, both sexes (number)",14
"Out-of-school children, one year before than official primary entry age, both sexes (number)",14
"Youth literacy rate, population 15-24 years, adjusted gender parity index (GPIA)",14
"Repetition rate in Grade 1 of primary education, male (%)",14
"Oceania: Students from Tokelau, both sexes (number)",14
"Europe: Students from Monaco, both sexes (number)",14
"Gross intake ratio to the last grade of primary education, female (%)",14
"Repetition rate in Grade 7 of primary education, female (%)",14
"Completion rate, primary education, rural, female (%)",14
"Adult illiterate population, 15+ years, female (number)",14
"Africa: Students from Sudan (pre-secession), both sexes (number)",14
"Out-of-school rate for youth of upper secondary school age, rural, richest quintile, female (household survey data) (%)",14
"Caribbean and Central America: Students from Barbados, both sexes (number)",14
"Caribbean and Central America: Students from Nicaragua, both sexes (number)",14
"Completion rate, upper secondary education, poorest quintile, both sexes (%)",14
"Outbound mobility ratio to sub-Saharan Africa, both sexes (%)",14
"Adjusted net attendance rate, one year before the official primary entry age, rural, both sexes (%)",13
"Europe: Students from France, both sexes (number)",13
Current expenditure other than staff compensation as a percentage of total expenditure in primary public institutions (%),13
Share of all students in upper secondary education enrolled in vocational programmes (%),13
"South America: Students from Guyana, both sexes (number)",13
"Completion rate, lower secondary education, rural, adjusted wealth parity index (WPIA)",13
"Adult literacy rate, population 15+ years, both sexes (%)",13
"Completion rate, upper secondary education, rural, female, adjusted wealth parity index (WPIA)",13
"Gross intake ratio to the last grade of primary education, both sexes (%)",13
"Completion rate, primary education, rural, middle quintile, male (%)",13
"Completion rate, primary education, adjusted wealth parity index (WPIA)",13
"School age population, post-secondary non-tertiary education, female (number)",13
"Repetition rate in lower secondary general education (all grades), female (%)",13
"Oceania: Students from New Zealand, both sexes (number)",13
Proportion of upper secondary schools with access to electricity (%),13
Current expenditure as a percentage of total expenditure in secondary public institutions (%),13
"Completion rate, upper secondary education, urban, both sexes (%)",13
"Survival rate to the last grade of primary education, male (%)",13
"Total net attendance rate, lower secondary, urban, fourth quintile, both sexes (%)",13
"Youth literacy rate, population 15-24 years, male (%)",13
"Total net attendance rate, primary, rural, middle quintile, both sexes (%)",13
"Youth illiterate population, 15-24 years, % female",12
"Adjusted net attendance rate, one year before the official primary entry age, female, adjusted location parity index (LPIA)",12
"Repeaters in Grade 6 of primary education, both sexes (number)",12
"Adjusted net attendance rate, one year before the official primary entry age, rural, middle quintile, adjusted gender parity index (GPIA)",12
"Out-of-school adolescents and youth of secondary school age, both sexes (number)",12
Capital expenditure as a percentage of total expenditure in post-secondary non-tertiary public institutions (%),12
"Completion rate, lower secondary education, rural, adjusted gender parity index (GPIA)",12
"Repeaters in Grade 3 of lower secondary general education, female (number)",12
"Educational attainment rate, completed Master's or equivalent education or higher, population 25+ years, female (%)",12
"Completion rate, upper secondary education, rural, poorest quintile, male (%)",12
"Outbound mobility ratio to Central and Eastern Europe, both sexes (%)",12
"Out-of-school rate for youth of upper secondary school age, rural, adjusted wealth parity index (household survey data) (WPIA)",12
"Outbound mobility ratio to Latin America and the Caribbean, both sexes (%)",12
Proportion of primary schools with single-sex basic sanitation facilities (%),12
"Teachers in tertiary education programmes, male (number)",12
Non-teaching staff compensation as a percentage of total expenditure in post-secondary non-tertiary public institutions (%),12
"Out-of-school rate for youth of upper secondary school age, both sexes (household survey data) (%)",12
"Out-of-school rate for children of primary school age, urban, richest quintile, female (household survey data) (%)",12
"Government expenditure on primary education, constant US$ (millions)",12
"Out-of-school rate for adolescents of lower secondary school age, richest quintile, male (household survey data) (%)",12
"Completion rate, upper secondary education, female (%)",12
"Out-of-school rate for adolescents and youth of lower and upper secondary school age, male (%)",11
"Completion rate, lower secondary education, rural, second quintile, adjusted gender parity index (GPIA)",11
"Adjusted net attendance rate, one year before the official primary entry age, poorest quintile, both sexes (%)",11
"School age population, post-secondary non-tertiary education, both sexes (number)",11
"Repetition rate in Grade 2 of primary education, male (%)",11
"Completion rate, upper secondary education, rural, richest quintile, female (%)",11
All staff compensation as a percentage of total expenditure in post-secondary non-tertiary public institutions (%),11
"Out-of-school adolescents of lower secondary school age, female (number)",11
"Teachers in post-secondary non-tertiary education, both sexes (number)",11
"Completion rate, upper secondary education, urban, poorest quintile, male (%)",11
End month of the academic school year (tertiary education),11
Pupil-qualified teacher ratio in upper secondary (headcount basis),11
"Out-of-school rate for adolescents and youth of lower and upper secondary school age, adjusted gender parity index (GPIA)",11
"Completion rate, upper secondary education, fourth quintile, male, adjusted location parity index (LPIA)",11
"Completion rate, upper secondary education, middle quintile, female, adjusted location parity index (LPIA)",11
"South America: Students from Chile, both sexes (number)",11
"Human Capital Index (HCI), Female, Lower Bound (scale 0-1)",11
"Europe: Students from Portugal, both sexes (number)",11
"Out-of-school adolescents and youth of secondary school age, female (number)",11
"Asia: Students from Cyprus, both sexes (number)",11
"Africa: Students from Malawi, both sexes (number)",11
"School age population, early childhood educational development programmes, both sexes (number)",11
"Caribbean and Central America: Students from Panama, both sexes (number)",11
"Out-of-school rate for adolescents of lower secondary school age, middle quintile, both sexes (household survey data) (%)",11
"Completion rate, primary education, richest quintile, male, adjusted location parity index (LPIA)",11
"Total net enrolment rate, lower secondary, both sexes (%)",11
"Government expenditure on pre-primary education, constant PPP$ (millions)",10
SD = ANER; Male,10
"Percentage of pupils enrolled in lower secondary general education who are at least 2 years over-age for their current grade, female (%)",10
All staff compensation as a percentage of total expenditure in public institutions (%),10
"Completion rate, lower secondary education, urban, second quintile, adjusted gender parity index (GPIA)",10
"Africa: Students from the Gambia, both sexes (number)",10
Administration of a nationally-representative learning assessment at the end of lower secondary education in mathematics (number),10
"Asia: Students from Qatar, both sexes (number)",10
"Out-of-school rate for youth of upper secondary school age, richest quintile, male, adjusted location parity index (household survey data) (LPIA)",10
"Asia: Students from Israel, both sexes (number)",10
"Enrolment in tertiary education, ISCED 7 programmes, female (number)",10
"Proportion of students at the end of lower secondary education achieving at least a minimum proficiency level in mathematics, did not speak the language of the test at home, both sexes (%)",10
LDGAP: PIRLS 2016 for grade 4 using MPL Low (400 points) for reading; Female,10
"Out-of-school rate for youth of upper secondary school age, poorest quintile, male, adjusted location parity index (household survey data) (LPIA)",10
LPGAP = SD: ANER; LD: PIRLS 2016 for grade 4 using MPL Low (400 points) for reading;,10
"Oceania: Students from Niue, both sexes (number)",10
"Outbound internationally mobile tertiary students studying in the Arab States, both sexes (number)",10
"Africa: Students from Egypt, both sexes (number)",10
"Survival rate to Grade 4 of primary education, female (%)",10
"Out-of-school rate for adolescents of lower secondary school age, second quintile, male (household survey data) (%)",10
Current expenditure as a percentage of total expenditure in public institutions (%),10
"Teachers in tertiary education ISCED 5 programmes, both sexes (number)",10
"Out-of-school rate for adolescents of lower secondary school age, urban, male (household survey data) (%)",10
Administration of a nationally representative learning assessment in Grade 2 or 3 in reading (number),10
"Caribbean and Central America: Students from the British Virgin Islands, both sexes (number)",10
"Caribbean and Central America: Students from Mexico, both sexes (number)",10
"Percentage of qualified teachers in lower secondary education, female (%)",10
"Caribbean and Central America: Students from the Netherlands Antilles, both sexes (number)",10
Administration of a nationally-representative learning assessment at the end of primary in mathematics (number),10
"Adult illiterate population, 15+ years, both sexes (number)",10
"Repetition rate in Grade 5 of primary education, male (%)",10
"Educational attainment rate, completed Bachelor's or equivalent education or higher, population 25+ years, female (%)",9
"Government expenditure on education not specified by level, constant PPP$ (millions)",9
"Africa: Students from Namibia, both sexes (number)",9
"Educational attainment rate, completed post-secondary non-tertiary education or higher, population 25+ years, both sexes (%)",9
"Africa: Students from Botswana, both sexes (number)",9
"School life expectancy, post-secondary non-tertiary, male (years)",9
"Out-of-school rate for youth of upper secondary school age, rural, poorest quintile, both sexes (household survey data) (%)",9
"Out-of-school rate for youth of upper secondary school age, second quintile, female (household survey data) (%)",9
Initial household funding per secondary student as a percentage of GDP per capita,9
"Total net attendance rate, primary education, urban, poorest quintile, adjusted gender parity index (GPIA)",9
"Out-of-school rate for adolescents of lower secondary school age, both sexes (household survey data) (%)",9
"Africa: Students from the United Republic of Tanzania, both sexes (number)",9
All staff compensation as a percentage of total expenditure in primary public institutions (%),9
"Asia: Students from Bhutan, both sexes (number)",9
"Percentage of qualified teachers in pre-primary education, both sexes (%)",9
Capital expenditure as a percentage of total expenditure in primary public institutions (%),9
"Africa: Students from Niger, both sexes (number)",9
"Total net attendance rate, primary education, urban, adjusted wealth parity index (WPIA)",9
"Gross enrolment ratio, primary to tertiary, both sexes (%)",9
"Europe: Students from Slovenia, both sexes (number)",9
"Completion rate, upper secondary education, middle quintile, both sexes (%)",9
"Completion rate, primary education, poorest quintile, female (%)",9
"Mean years of schooling (ISCED 1 or higher), population 25+ years, female",9
"South America: Students from Colombia, both sexes (number)",9
"Inbound internationally mobile students from Asia, both sexes (number)",9
"Out-of-school rate for children of primary school age, rural, fourth quintile, male (household survey data) (%)",9
"Africa: Students from Equatorial Guinea, both sexes (number)",9
"Out-of-school rate for youth of upper secondary school age, male (%)",9
Initial government funding per primary student as a percentage of GDP per capita,9
"Inbound internationally mobile students from the Caribbean and Central America, both sexes (number)",9
"Government expenditure on education, constant US$ (millions)",9
"Total net attendance rate, lower secondary, urban, both sexes (%)",9
Proportion of primary schools with access to electricity (%),9
"Total net attendance rate, primary, rural, poorest quintile, male (%)",9
"Enrolment in tertiary education, ISCED 7 programmes, both sexes (number)",9
"Enrolment in tertiary education, ISCED 7 programmes, male (number)",9
"Asia: Students from Kuwait, both sexes (number)",9
Proportion of upper secondary schools with access to basic drinking water (%),9
"Europe: Students from Germany, both sexes (number)",9
"Completion rate, lower secondary education, poorest quintile, both sexes (%)",9
"Proportion of students at the end of lower secondary education achieving at least a minimum proficiency level in mathematics, female (%)",8
"Probability of Survival to Age 5, Female",8
"Out-of-school rate for children of primary school age, rural, poorest quintile, male (household survey data) (%)",8
"Out-of-school rate for children of primary school age, rural, middle quintile, both sexes (household survey data) (%)",8
"Total net attendance rate, lower secondary, male (%)",8
Pupil-trained teacher ratio in pre-primary education (headcount basis),8
"Completion rate, upper secondary education, urban, adjusted wealth parity index (WPIA)",8
"Government expenditure on lower secondary education, PPP$ (millions)",8
"Total net attendance rate, upper secondary education, middle quintile, adjusted location parity index (LPIA)",8
"Total net attendance rate, lower secondary, adjusted wealth parity index (WPIA)",8
"Total net attendance rate, lower secondary education, second quintile, male, adjusted location parity index (LPIA)",8
"Completion rate, primary education, richest quintile, adjusted location parity index (LPIA)",8
"Completion rate, upper secondary education, male, adjusted wealth parity index (WPIA)",8
"Out-of-school rate for children of primary school age, urban, second quintile, male (household survey data) (%)",8
"Proportion of teachers with the minimum required qualifications in upper secondary education, both sexes (%)",8
"Proportion of students at the end of lower secondary education achieving at least a minimum proficiency level in reading, spoke the language of the test at home, both sexes (%)",8
Capital expenditure as a percentage of total expenditure in tertiary public institutions (%),8
"Oceania: Students from Tonga, both sexes (number)",8
"Completion rate, primary education, urban, second quintile, male (%)",8
"Proportion of teachers with the minimum required qualifications in primary education, female (%)",8
"Completion rate, upper secondary education, urban, fourth quintile, male (%)",8
"Government expenditure on secondary and post-secondary non-tertiary vocational education only, US$ (millions)",8
"Initial household funding per tertiary student, constant PPP$",8
"Out-of-school rate for adolescents of lower secondary school age, second quintile, both sexes (household survey data) (%)",8
"Out-of-school rate for children of primary school age, both sexes (%)",8
LDSEV: PIRLS 2011 for grade 4 using MPL Low (400 points) for reading;,8
"Completion rate, primary education, rural, male (%)",8
"Percentage of qualified teachers in upper secondary education, female (%)",8
"Percentage of qualified teachers in upper secondary education, both sexes (%)",8
Percentage of lower secondary schools providing life skills-based HIV and sexuality education,8
"Africa: Students from Mauritania, both sexes (number)",8
"Africa: Students from Mali, both sexes (number)",8
"Adjusted net attendance rate, one year before the official primary entry age, middle quintile, female, adjusted location parity index (LPIA)",8
"Educational attainment rate, completed post-secondary non-tertiary education or higher, population 25+ years, male (%)",8
"Proportion of students at the end of primary education achieving at least a minimum proficiency level in mathematics, both sexes (%)",8
"Proportion of youth and adults who have used copy and paste tools to duplicate or move information within a document, female (%)",7
"Completion rate, upper secondary education, urban, richest quintile, female (%)",7
Proportion of primary schools with access to basic drinking water (%),7
"Total net attendance rate, lower secondary education, fourth quintile, female, adjusted location parity index (LPIA)",7
"Out-of-school rate for adolescents of lower secondary school age, rural, fourth quintile, adjusted gender parity index (household survey data) (GPIA)",7
"Literacy rate, population 25-64 years, both sexes (%)",7
"Harmonized Test Scores, Male",7
"Total net attendance rate, lower secondary, middle quintile, female (%)",7
"Harmonized Test Scores, Female",7
"Completion rate, upper secondary education, rural, middle quintile, both sexes (%)",7
"Total net attendance rate, lower secondary education, fourth quintile, male, adjusted location parity index (LPIA)",7
"Total net attendance rate, upper secondary, rural, second quintile, both sexes (%)",7
"Completion rate, lower secondary education, female, adjusted location parity index (LPIA)",7
"Expected Years of School, Male",7
"School age population, early childhood educational development programmes, male (number)",7
Initial government funding per upper secondary student as a percentage of GDP per capita,7
"Total net attendance rate, primary education, urban, middle quintile, adjusted gender parity index (GPIA)",7
"Completion rate, upper secondary education, urban, richest quintile, male (%)",7
"Gross graduation ratio from first degree programmes (ISCED 6 and 7) in tertiary education, both sexes (%)",7
"Out-of-school rate for adolescents of lower secondary school age, female, adjusted location parity index (household survey data) (LPIA)",7
"Out-of-school rate for children, adolescents and youth of primary, lower secondary and upper secondary school age, both sexes (%)",7
Proportion of upper secondary schools with access to adapted infrastructure and materials for students with disabilities (%),7
"Out-of-school rate for children of primary school age, fourth quintile, both sexes (household survey data) (%)",7
"Completion rate, lower secondary education, urban, female, adjusted wealth parity index (WPIA)",7
"Out-of-school rate for adolescents of lower secondary school age, urban, richest quintile, both sexes (household survey data) (%)",7
"Total net attendance rate, lower secondary education, rural, female, adjusted wealth parity index (WPIA)",7
"Out-of-school rate for children of primary school age, fourth quintile, adjusted gender parity index (household survey data) (GPIA)",7
"Out-of-school rate for adolescents of lower secondary school age, urban, second quintile, both sexes (household survey data) (%)",7
"Adjusted net attendance rate, one year before the official primary entry age, urban, male  (%)",7
"Out-of-school rate for adolescents of lower secondary school age, rural, middle quintile, male (household survey data) (%)",7
"Out-of-school rate for adolescents of lower secondary school age, poorest quintile, male (household survey data) (%)",7
"Youth illiterate population, 15-24 years, female (number)",7
"Completion rate, lower secondary education, poorest quintile, male (%)",7
"Proportion of students at the end of lower secondary education achieving at least a minimum proficiency level in reading, female (%)",7
"Proportion of students at the end of primary education achieving at least a minimum proficiency level in reading, female (%)",7
"Total net attendance rate, primary, middle quintile, both sexes (%)",7
Pupil-trained teacher ratio in primary education (headcount basis),7
"Out-of-school rate for adolescents of lower secondary school age, fourth quintile, adjusted gender parity index (household survey data) (GPIA)",7
"Caribbean and Central America: Students from Costa Rica, both sexes (number)",7
"Adult literacy rate, population 15+ years, male (%)",7
"Enrolment in tertiary education, ISCED 6 programmes, male (number)",7
"Repetition rate in Grade 6 of primary education, male (%)",7
"Out-of-school rate for youth of upper secondary school age, second quintile, adjusted gender parity index (household survey data) (GPIA)",7
"Total net attendance rate, lower secondary, urban, fourth quintile, male (%)",7
"Total net attendance rate, lower secondary, rural, second quintile, male (%)",7
"Government expenditure on secondary education, US$ (millions)",7
"Proportion of students in Grade 2 or 3 achieving at least a minimum proficiency level in reading, both sexes (%)",7
"Asia: Students from Macao, Special Administrative Region of China, both sexes (number)",7
"Enrolment in lower secondary education, female (number)",7
"Completion rate, lower secondary education, middle quintile, male (%)",7
"Europe: Students from Spain, both sexes (number)",6
"Proportion of students at the end of lower secondary education achieving at least a minimum proficiency level in mathematics, male (%)",6
"Total net attendance rate, upper secondary education, urban, second quintile, adjusted gender parity index (GPIA)",6
"Europe: Students from the Republic of Moldova, both sexes (number)",6
"Completion rate, lower secondary education, fourth quintile, adjusted location parity index (LPIA)",6
"Total net attendance rate, upper secondary education, urban, adjusted wealth parity index (WPIA)",6
Fraction of Children Under 5 Not Stunted,6
"Expected Years of School, Female",6
"Adjusted net attendance rate, one year before the official primary entry age, adjusted location parity index (LPIA)",6
"Adjusted net attendance rate, one year before the official primary entry age, richest quintile, adjusted location parity index (LPIA)",6
"Europe: Students from San Marino, both sexes (number)",6
"Adjusted net attendance rate, one year before the official primary entry age, middle quintile, adjusted gender parity index (GPIA)",6
"Repeaters in primary education, all grades, female (number)",6
"Adult literacy rate, population 15+ years, female (%)",6
Population Age 10 for Reference Year 2019; Male,6
"Out-of-school rate for youth of upper secondary school age, urban, female, adjusted wealth parity index (household survey data) (WPIA)",6
"Out-of-school rate for youth of upper secondary school age, rural, fourth quintile, female (household survey data) (%)",6
"Proportion of students at the end of lower secondary education achieving at least a minimum proficiency level in reading, immigrant background, both sexes (%)",6
SD = ANER; Female,6
"Completion rate, primary education, rural, both sexes (%)",6
"Adjusted net attendance rate, one year before the official primary entry age, urban, fourth quintile, male (%)",6
"Africa: Students from Eswatini, both sexes (number)",6
Teaching staff compensation as a percentage of total expenditure in pre-primary public institutions (%),6
"Out-of-school rate for adolescents of lower secondary school age, urban, poorest quintile, male (household survey data) (%)",6
"Out-of-school rate for adolescents of lower secondary school age, middle quintile, male, adjusted location parity index (household survey data) (LPIA)",6
"Out-of-school adolescents and youth of secondary school age, male (number)",6
"Out-of-school rate for children of primary school age, richest quintile, adjusted location parity index (household survey data) (LPIA)",6
"Out-of-school rate for adolescents of lower secondary school age, poorest quintile, male, adjusted location parity index (household survey data) (LPIA)",6
"Total net attendance rate, primary, fourth quintile, male (%)",6
"Total net attendance rate, primary, fourth quintile, both sexes (%)",6
"Total net attendance rate, lower secondary education, middle quintile, adjusted gender parity index (GPIA)",6
"Proportion of youth and adults who have transferred files between a computer and other devices, both sexes (%)",6
"Out-of-school rate for children of primary school age, richest quintile, female, adjusted location parity index (household survey data) (LPIA)",6
"Out-of-school rate for children of primary school age, urban, richest quintile, male (household survey data) (%)",6
"Completion rate, primary education, middle quintile, adjusted gender parity index (GPIA)",6
"Completion rate, primary education, female, adjusted wealth parity index (WPIA)",6
"Government expenditure on tertiary education, US$ (millions)",6
"Completion rate, upper secondary education, urban, fourth quintile, both sexes (%)",6
"Total net attendance rate, upper secondary, rural, poorest quintile, male (%)",6
"Elderly literacy rate, population 65+ years, both sexes (%)",6
"Educational attainment rate, completed Doctoral or equivalent education, population 25+ years, male (%)",6
Non-teaching staff compensation as a percentage of total expenditure in public institutions (%),6
"Total net attendance rate, lower secondary, urban, richest quintile, male (%)",6
"Inbound mobility rate, male (%)",6
"Europe: Students from Denmark, both sexes (number)",6
"Completion rate, upper secondary education, rural, middle quintile, female (%)",6
"Completion rate, upper secondary education, rural, middle quintile, male (%)",6
"Out-of-school rate for children of primary school age, urban, richest quintile, both sexes (household survey data) (%)",6
"Mean years of schooling (ISCED 1 or higher), population 25+ years, male",6
"Out-of-school rate for youth of upper secondary school age, fourth quintile, male, adjusted location parity index (household survey data) (LPIA)",6
"North America: Students from the United States, both sexes (number)",6
"Completion rate, primary education, richest quintile, both sexes (%)",6
"Completion rate, lower secondary education, poorest quintile, female, adjusted location parity index (LPIA)",6
"Total net attendance rate, primary, urban, second quintile, female (%)",6
"Completion rate, primary education, urban, female (%)",6
"Total net attendance rate, primary, poorest quintile, both sexes (%)",6
"Proportion of youth and adults who have sent e-mails with attached files (e.g. document, picture, video), both sexes (%)",6
"Out-of-school rate for children of primary school age, adjusted wealth parity index (household survey data) (WPIA)",6
"Total net attendance rate, primary education, female, adjusted location parity index (LPIA)",6
"Africa: Students from Guinea-Bissau, both sexes (number)",5
"Completion rate, primary education, urban, adjusted wealth parity index (WPIA)",5
"Out-of-school rate for youth of upper secondary school age, rural, adjusted gender parity index (household survey data) (GPIA)",5
"Out-of-school rate for youth of upper secondary school age, urban, middle quintile, both sexes (household survey data) (%)",5
"Out-of-school rate for youth of upper secondary school age, urban, second quintile, adjusted gender parity index (household survey data) (GPIA)",5
"Proportion of students at the end of primary education achieving at least a minimum proficiency level in reading, did not speak the language of the test at home, both sexes (%)",5
"Africa: Students from Gabon, both sexes (number)",5
"Total net attendance rate, primary, urban, richest quintile, both sexes (%)",5
"Total net attendance rate, upper secondary, urban, richest quintile, male (%)",5
"Total net attendance rate, lower secondary education, urban, adjusted wealth parity index (WPIA)",5
"Total net attendance rate, lower secondary education, urban, female, adjusted wealth parity index (WPIA)",5
"Out-of-school rate for children of primary school age, primary education, rural, second quintile, adjusted gender parity index (household survey data) (GPIA)",5
"Oceania: Students from Palau, both sexes (number)",5
"Completion rate, primary education, second quintile, both sexes (%)",5
"Completion rate, primary education, second quintile, female, adjusted location parity index (LPIA)",5
LPSEV = SD: ANER; LD: PIRLS 2001 for grade 4 using MPL Low (400 points) for reading; Male,5
"Out-of-school rate for youth of upper secondary school age, fourth quintile, both sexes (household survey data) (%)",5
"Total net attendance rate, lower secondary, fourth quintile, male (%)",5
"Total net attendance rate, lower secondary education, urban, second quintile, adjusted gender parity index (GPIA)",5
LDGAP: PIRLS 2011 for grade 4 using MPL Low (400 points) for reading;,5
LDSEV: PIRLS 2006 for grade 4 using MPL Low (400 points) for reading;,5
LDSEV: PIRLS 2006 for grade 4 using MPL Low (400 points) for reading; Male,5
"Total net attendance rate, lower secondary, rural, middle quintile, male (%)",5
LP = SD: ANER; LD: PIRLS 2006 for grade 4 using MPL Low (400 points) for reading;,5
LPGAP = SD: ANER; LD: PIRLS 2021 for grade 4 using MPL Low (400 points) for reading; Male,5
"Oceania: Students from Tuvalu, both sexes (number)",5
Government expenditure on upper secondary education as a percentage of GDP (%),5
"Proportion of students at the end of lower secondary education achieving at least a minimum proficiency level in mathematics, both sexes (%)",5
"Completion rate, upper secondary education, second quintile, male (%)",5
"Completion rate, lower secondary education, urban, both sexes (%)",5
"Completion rate, lower secondary education, rural, fourth quintile, male (%)",5
"Completion rate, lower secondary education, rural, male, adjusted wealth parity index (WPIA)",5
"South America: Students from unknown countries, both sexes (number)",5
"Survival rate to the last grade of primary education, female (%)",5
"Out-of-school rate for adolescents of lower secondary school age, urban, female, adjusted wealth parity index (household survey data) (WPIA)",5
"Teachers in tertiary education ISCED 6, 7 and 8 programmes, both sexes (number)",5
"Out-of-school rate for adolescents of lower secondary school age, urban, fourth quintile, both sexes (household survey data) (%)",5
"Out-of-school rate for adolescents of lower secondary school age, urban, both sexes (household survey data) (%)",5
"Proportion of youth and adults who have found, downloaded, installed and configured software, both sexes (%)",5
"Out-of-school rate for adolescents of lower secondary school age, rural, poorest quintile, both sexes (household survey data) (%)",5
"Proportion of youth and adults who have copied or moved a file or folder, female (%)",5
"Total net attendance rate, primary, male (%)",5
"Government expenditure on secondary and post-secondary non-tertiary vocational education only, constant PPP$ (millions)",5
LD = PIRLS 2006 for grade 4 using MPL Low (400 points) for reading;,5
"Completion rate, upper secondary education, urban, second quintile, male (%)",5
"Gross graduation ratio from first degree programmes (ISCED 6 and 7) in tertiary education, male (%)",5
"Gross enrolment ratio, post-secondary non-tertiary, male (%)",5
"Completion rate, upper secondary education, poorest quintile, adjusted location parity index (LPIA)",5
"Gross enrolment ratio, primary and lower secondary, female (%)",5
Pupil-trained teacher ratio in secondary education (headcount basis),5
"Completion rate, primary education, urban, poorest quintile, male (%)",5
"Out-of-school rate for adolescents of lower secondary school age, urban, fourth quintile, adjusted gender parity index (household survey data) (GPIA)",5
LDSEV: PIRLS 2021 for grade 4 using MPL Low (400 points) for reading; Male,5
LDGAP: PIRLS 2001 for grade 4 using MPL Low (400 points) for reading; Female,5
"Completion rate, primary education, rural, male, adjusted wealth parity index (WPIA)",5
"Percentage of graduates from tertiary education graduating from Services programmes, both sexes (%)",5
"Asia: Students from Hong Kong, Special Administrative Region of China, both sexes (number)",5
"Completion rate, upper secondary education, richest quintile, adjusted gender parity index (GPIA)",5
"Total net attendance rate, primary education, rural, female, adjusted wealth parity index (WPIA)",5
"Total net attendance rate, primary education, middle quintile, female, adjusted location parity index (LPIA)",5
LDSEV: PIRLS 2016 for grade 4 using MPL Low (400 points) for reading;,5
"Adjusted net attendance rate, one year before the official primary entry age, rural, second quintile, both sexes (%)",5
"Out-of-school rate for youth of upper secondary school age, second quintile, male (household survey data) (%)",5
"Adjusted net attendance rate, one year before the official primary entry age, rural, fourth quintile, both sexes (%)",5
"Europe: Students from Slovakia, both sexes (number)",5
"Adjusted net attendance rate, one year before the official primary entry age, rural, fourth quintile, female (%)",5
"Adjusted net attendance rate, one year before the official primary entry age, rural, richest quintile, male (%)",5
"Caribbean and Central America: Students from Grenada, both sexes (number)",5
"Out-of-school rate for youth of upper secondary school age, rural, fourth quintile, male (household survey data) (%)",5
SD = ANER;,5
"Educational attainment rate, completed upper secondary education or higher, population 25+ years, female (%)",5
"Educational attainment rate, completed upper secondary education or higher, population 25+ years, male (%)",5
"Educational attainment rate, completed Bachelor's or equivalent education or higher, population 25+ years, both sexes (%)",5
"Total net attendance rate, upper secondary, rural, richest quintile, both sexes (%)",4
"Educational attainment rate, completed lower secondary education or higher, population 25+ years, both sexes (%)",4
"Educational attainment rate, completed post-secondary non-tertiary education or higher, population 25+ years, female (%)",4
"Educational attainment rate, completed primary education or higher, population 25+ years, both sexes (%)",4
"Gross attendance ratio for tertiary education, richest quintile, male (%)",4
"Government expenditure on tertiary education, PPP$ (millions)",4
"Probability of Survival to Age 5, Male",4
Proportion of primary schools with basic handwashing facilities (%),4
"Total net attendance rate, upper secondary, adjusted wealth parity index (WPIA)",4
"Total net attendance rate, upper secondary, poorest quintile, female (%)",4
"Total net attendance rate, primary, second quintile, both sexes (%)",4
"Total net attendance rate, primary, urban, female (%)",4
"Total net attendance rate, upper secondary education, urban, adjusted gender parity index (GPIA)",4
"Total net attendance rate, upper secondary education, urban, fourth quintile, adjusted gender parity index (GPIA)",4
"Total net attendance rate, upper secondary education, urban, middle quintile, adjusted gender parity index (GPIA)",4
"Total net attendance rate, upper secondary, adjusted location parity index (LPIA)",4
"Total net attendance rate, upper secondary, urban, poorest quintile, female (%)",4
"Total net attendance rate, upper secondary, rural, second quintile, female (%)",4
"Total net attendance rate, upper secondary, rural, second quintile, male (%)",4
"Adjusted net attendance rate, one year before the official primary entry age, fourth quintile, male, adjusted location parity index (LPIA)",4
"Adjusted net attendance rate, one year before the official primary entry age, middle quintile, adjusted location parity index (LPIA)",4
"Adjusted net attendance rate, one year before the official primary entry age, poorest quintile, female (%)",4
"Adjusted net attendance rate, one year before the official primary entry age, richest quintile, male (%)",4
"Caribbean and Central America: Students from Antigua and Barbuda, both sexes (number)",4
"Out-of-school rate for adolescents of lower secondary school age, urban, fourth quintile, female (household survey data) (%)",4
Population Age 0516 for Reference Year 2019; Female,4
Population Age 10 for Reference Year 2019;,4
"Out-of-school rate for adolescents of lower secondary school age, adjusted wealth parity index (household survey data) (WPIA)",4
"Out-of-school rate for adolescents of lower secondary school age, middle quintile, female (household survey data) (%)",4
"Out-of-school rate for adolescents of lower secondary school age, poorest quintile, adjusted location parity index (household survey data) (LPIA)",4
"Out-of-school rate for adolescents of lower secondary school age, poorest quintile, female (household survey data) (%)",4
"Completion rate, primary education, urban, richest quintile, female (%)",4
"Proportion of youth and adults who have sent e-mails with attached files (e.g. document, picture, video), male (%)",4
"Out-of-school rate for children of primary school age, richest quintile, female (household survey data) (%)",4
"Out-of-school rate for adolescents of lower secondary school age, rural, poorest quintile, male (household survey data) (%)",4
"Out-of-school rate for adolescents of lower secondary school age, rural, adjusted gender parity index (household survey data) (GPIA)",4
"Out-of-school rate for adolescents of lower secondary school age, urban, fourth quintile, male (household survey data) (%)",4
"Survival Rate from Age 15-60, Female",4
"Survival Rate from Age 15-60, Male",4
"Teacher attrition rate from primary education, both sexes (%)",4
"Total net attendance rate, lower secondary education, rural, adjusted gender parity index (GPIA)",4
"Completion rate, lower secondary education, urban, middle quintile, female (%)",4
"Out-of-school rate for children of primary school age, fourth quintile, female, adjusted location parity index (household survey data) (LPIA)",4
"Out-of-school rate for children of primary school age, middle quintile, female, adjusted location parity index (household survey data) (LPIA)",4
"Out-of-school rate for children of primary school age, rural, fourth quintile, both sexes (household survey data) (%)",4
"Out-of-school rate for children of primary school age, poorest quintile, male (household survey data) (%)",4
"Total net attendance rate, lower secondary education, middle quintile, male, adjusted location parity index (LPIA)",4
"Total net attendance rate, lower secondary education, urban, richest quintile, adjusted gender parity index (GPIA)",4
"Out-of-school rate for adolescents of lower secondary school age, rural, fourth quintile, both sexes (household survey data) (%)",4
"Human Capital Index (HCI), Male, Upper Bound (scale 0-1)",4
"Inbound internationally mobile students from North America and Western Europe, both sexes (number)",4
Human Capital Index (HCI) (scale 0-1),4
"Human Capital Index (HCI), Female, Upper Bound (scale 0-1)",4
"Total net attendance rate, lower secondary, middle quintile, male (%)",4
"Total net attendance rate, lower secondary, urban, poorest quintile, female (%)",4
"Total net attendance rate, lower secondary, second quintile, male (%)",4
"Total net attendance rate, lower secondary, middle quintile, both sexes (%)",4
"Total net attendance rate, primary education, middle quintile, adjusted location parity index (LPIA)",4
LDGAP: PIRLS 2021 for grade 4 using MPL Low (400 points) for reading;,4
"Total net attendance rate, primary education, adjusted wealth parity index (WPIA)",4
"Adjusted net attendance rate, one year before the official primary entry age, urban, richest quintile, adjusted gender parity index (GPIA)",4
"Adjusted net attendance rate, one year before the official primary entry age, urban, second quintile, female (%)",4
"Number of attacks on students, personnel and institutions",4
"Completion rate, primary education, adjusted location parity index (LPIA)",4
"Net flow of internationally mobile students (inbound - outbound), both sexes (number)",4
Learning-Adjusted Years of School,4
"Completion rate, primary education, middle quintile, both sexes (%)",4
"Completion rate, primary education, poorest quintile, both sexes (%)",4
"Completion rate, primary education, second quintile, adjusted gender parity index (GPIA)",4
"Learning-Adjusted Years of School, Female",4
"Proportion of students at the end of lower secondary education achieving at least a minimum proficiency level in mathematics, rural areas, both sexes (%)",4
"Completion rate, upper secondary education, fourth quintile, adjusted gender parity index (GPIA)",4
"Completion rate, upper secondary education, fourth quintile, both sexes (%)",4
"Out-of-school rate for youth of upper secondary school age, female, adjusted location parity index (household survey data) (LPIA)",4
"Out-of-school rate for youth of upper secondary school age, middle quintile, female (household survey data) (%)",4
"Out-of-school rate for children of primary school age, rural, poorest quintile, female (household survey data) (%)",4
"Out-of-school rate for children of primary school age, second quintile, adjusted location parity index (household survey data) (LPIA)",4
"Out-of-school rate for children of primary school age, urban, fourth quintile, female (household survey data) (%)",4
"Completion rate, lower secondary education, richest quintile, male (%)",4
LPSEV = SD: ANER; LD: PIRLS 2021 for grade 4 using MPL Low (400 points) for reading; Male,4
"Human Capital Index (HCI), Lower Bound (scale 0-1)",4
"Total net attendance rate, primary, fourth quintile, female (%)",4
"Total net attendance rate, primary education, rural, middle quintile, adjusted gender parity index (GPIA)",4
"Total net attendance rate, primary education, second quintile, female, adjusted location parity index (LPIA)",4
Initial household funding per tertiary student as a percentage of GDP per capita,4
LD = PIRLS 2021 for grade 4 using MPL Low (400 points) for reading; Male,4
"Gross attendance ratio for tertiary education, second quintile, male (%)",4
"Completion rate, upper secondary education, rural, second quintile, adjusted gender parity index (GPIA)",4
"Europe: Students from Montenegro, both sexes (number)",4
"Out-of-school rate for youth of upper secondary school age, rural, male, adjusted wealth parity index (household survey data) (WPIA)",4
"Out-of-school rate for youth of upper secondary school age, second quintile, adjusted location parity index (household survey data) (LPIA)",4
"Out-of-school rate for youth of upper secondary school age, urban, adjusted wealth parity index (household survey data) (WPIA)",4
"Out-of-school rate for youth of upper secondary school age, urban, fourth quintile, adjusted gender parity index (household survey data) (GPIA)",4
"Completion rate, lower secondary education, urban, richest quintile, adjusted gender parity index (GPIA)",4
"Completion rate, lower secondary education, urban, second quintile, female (%)",4
"Completion rate, upper secondary education, rural, adjusted gender parity index (GPIA)",4
"Proportion of students at the end of primary education achieving at least a minimum proficiency level in mathematics, rural areas, both sexes (%)",4
"Proportion of students at the end of lower secondary education achieving at least a minimum proficiency level in mathematics, spoke the language of the test at home, both sexes (%)",4
"Proportion of students at the end of primary education achieving at least a minimum proficiency level in mathematics, non-immigrant background, both sexes (%)",4
Proportion of upper secondary schools with basic handwashing facilities (%),4
"Proportion of students at the end of primary education achieving at least a minimum proficiency level in mathematics, very poor socioeconomic background, both sexes (%)",4
"Completion rate, primary education, urban, fourth quintile, both sexes (%)",4
Probability of Survival to Age 5,4
"Completion rate, primary education, urban, adjusted gender parity index (GPIA)",4
"Europe: Students from the United Kingdom, both sexes (number)",4
"Out-of-school rate for youth of upper secondary school age, richest quintile, male (household survey data) (%)",4
"Youth illiterate population, 15-24 years, male (number)",4
"Out-of-school rate for youth of upper secondary school age, richest quintile, adjusted location parity index (household survey data) (LPIA)",4
"Out-of-school rate for youth of upper secondary school age, urban, richest quintile, adjusted gender parity index (household survey data) (GPIA)",4
"Completion rate, lower secondary education, fourth quintile, male (%)",3
"Completion rate, lower secondary education, fourth quintile, female, adjusted location parity index (LPIA)",3
"Out-of-school rate for youth of upper secondary school age, urban, fourth quintile, female (household survey data) (%)",3
"Out-of-school rate for youth of upper secondary school age, urban, adjusted gender parity index (household survey data) (GPIA)",3
"Total net attendance rate, primary education, poorest quintile, male, adjusted location parity index (LPIA)",3
"Total net attendance rate, primary education, richest quintile, adjusted location parity index (LPIA)",3
"Out-of-school rate for children one year younger than official primary entry age, female (%)",3
"Completion rate, lower secondary education, urban, poorest quintile, female (%)",3
"Out-of-school rate for children of primary school age, urban, middle quintile, male (household survey data) (%)",3
"Total net attendance rate, primary, rural, male  (%)",3
"Total net attendance rate, primary education, rural, male, adjusted wealth parity index (WPIA)",3
"Out-of-school rate for youth of upper secondary school age, fourth quintile, female, adjusted location parity index (household survey data) (LPIA)",3
"Completion rate, upper secondary education, poorest quintile, adjusted gender parity index (GPIA)",3
"Completion rate, upper secondary education, fourth quintile, female, adjusted location parity index (LPIA)",3
"Gross attendance ratio for tertiary education, urban, poorest quintile, male (%)",3
LD = LLECES 2019 for grade 6 using MPL III (SERCE scale) for reading;,3
"Total net attendance rate, primary, poorest quintile, male (%)",3
"Completion rate, primary education, richest quintile, female (%)",3
"Completion rate, primary education, richest quintile, female, adjusted location parity index (LPIA)",3
"Completion rate, primary education, fourth quintile, male (%)",3
"Adjusted net attendance rate, one year before the official primary entry age, urban, richest quintile, female (%)",3
"Proportion of students at the end of primary education achieving at least a minimum proficiency level in mathematics, male (%)",3
"Africa: Students from Senegal, both sexes (number)",3
"Learning Deprivation Severity;TIMSS 2011 for grade 4 using MPL Low (400 points) for science, Female",3
"Completion rate, primary education, rural, second quintile, female (%)",3
"Completion rate, primary education, urban, both sexes (%)",3
"Completion rate, primary education, urban, female, adjusted wealth parity index (WPIA)",3
"Completion rate, primary education, rural, richest quintile, female (%)",3
"Proportion of students in Grade 2 or 3 achieving at least a minimum proficiency level in mathematics, rural areas, both sexes (%)",3
"Africa: Students from Libya, both sexes (number)",3
Proportion of lower secondary schools with access to basic drinking water (%),3
Proportion of lower secondary schools with basic handwashing facilities (%),3
Population Age 9plus for Reference Year 2019;,3
"Out-of-school rate for children of primary school age, rural, male, adjusted wealth parity index (household survey data) (WPIA)",3
"Out-of-school rate for children of primary school age, rural, richest quintile, male (household survey data) (%)",3
"Out-of-school rate for youth of upper secondary school age, fourth quintile, male (household survey data) (%)",3
"Out-of-school rate for youth of upper secondary school age, middle quintile, male (household survey data) (%)",3
"Out-of-school rate for youth of upper secondary school age, both sexes (%)",3
LDSEV: PIRLS 2016 for grade 4 using MPL Low (400 points) for reading; Male,3
LP = SD: ANER; LD: LLECES 2019 for grade 6 using MPL III (SERCE scale) for reading;,3
"Completion rate, lower secondary education, second quintile, female, adjusted location parity index (LPIA)",3
"Out-of-school rate for children of primary school age, second quintile, male (household survey data) (%)",3
"Out-of-school rate for children of primary school age, second quintile, male, adjusted location parity index (household survey data) (LPIA)",3
"Inbound internationally mobile students from unknown regions, both sexes (number)",3
"Initial government funding per lower secondary student, constant PPP$",3
"Human Capital Index (HCI), Male, Lower Bound (scale 0-1)",3
LP = SD: ANER; LD: PIRLS 2016 for grade 4 using MPL Low (400 points) for reading; Male,3
"Total net attendance rate, lower secondary, urban, middle quintile, male (%)",3
"Total net attendance rate, lower secondary, rural, fourth quintile, male (%)",3
"Adjusted net attendance rate, one year before the official primary entry age, rural, poorest quintile, female (%)",3
"Adjusted net attendance rate, one year before the official primary entry age, rural, richest quintile, both sexes (%)",3
"Adjusted net attendance rate, one year before the official primary entry age, rural, richest quintile, female (%)",3
"Adjusted net attendance rate, one year before the official primary entry age, richest quintile, female (%)",3
"Adjusted net attendance rate, one year before the official primary entry age, richest quintile, female, adjusted location parity index (LPIA)",3
"Completion rate, primary education, urban, richest quintile, both sexes (%)",3
"Completion rate, primary education, urban, richest quintile, male (%)",3
"Out-of-school rate for adolescents of lower secondary school age, richest quintile, female (household survey data) (%)",3
"Out-of-school rate for adolescents of lower secondary school age, fourth quintile, male (household survey data) (%)",3
"Completion rate, primary education, rural, fourth quintile, adjusted gender parity index (GPIA)",3
"Proportion of students in Grade 2 or 3 achieving at least a minimum proficiency level in reading, female (%)",3
"Completion rate, primary education, urban, poorest quintile, both sexes (%)",3
"Completion rate, primary education, urban, poorest quintile, female (%)",3
"Adjusted net attendance rate, one year before the official primary entry age, urban, second quintile, both sexes (%)",3
"Adjusted net attendance rate, one year before the official primary entry age, urban, second quintile, male (%)",3
"Adjusted net attendance rate, one year before the official primary entry age, urban, fourth quintile, female (%)",3
"Proportion of youth and adults who have wrote a computer program using a specialised programming language, female (%)",3
"Proportion of youth and adults who have copied or moved a file or folder, male (%)",3
"Learning Deprivation Severity;PISA 2018 for grade 15Y using MPL Level 2 for science, Fourth Quintile",3
"Percentage of qualified teachers in pre-primary education, male (%)",3
Teaching staff compensation as a percentage of total expenditure in public institutions (%),3
"Adjusted net attendance rate, one year before the official primary entry age, rural, second quintile, female (%)",3
"Adjusted net attendance rate, one year before the official primary entry age, rural, second quintile, male (%)",3
"Adjusted net attendance rate, one year before the official primary entry age, second quintile, adjusted location parity index (LPIA)",3
"Asia: Students from China, both sexes (number)",3
Population Age 1014 for Reference Year 2019;,3
"Adjusted net attendance rate, one year before the official primary entry age, fourth quintile, adjusted gender parity index (GPIA)",3
"Adjusted net attendance rate, one year before the official primary entry age, fourth quintile, female, adjusted location parity index (LPIA)",3
"Adjusted net attendance rate, one year before the official primary entry age, poorest quintile, adjusted location parity index (LPIA)",3
"Learning Deprivation Severity;PISA 2006 for grade 15Y using MPL Level 2 for reading, Female",3
"Adjusted net attendance rate, one year before the official primary entry age, male (%)",3
"Adjusted net attendance rate, one year before the official primary entry age, male, adjusted location parity index (LPIA)",3
"Total net attendance rate, primary education, female, adjusted wealth parity index (WPIA)",3
"Total net attendance rate, primary education, male, adjusted wealth parity index (WPIA)",3
"Total net attendance rate, primary education, middle quintile, adjusted gender parity index (GPIA)",3
"Out-of-school rate for adolescents of lower secondary school age, urban, richest quintile, male (household survey data) (%)",3
"Completion rate, lower secondary education, second quintile, male, adjusted location parity index (LPIA)",3
"Completion rate, lower secondary education, urban, fourth quintile, female (%)",3
"Completion rate, lower secondary education, urban, male, adjusted wealth parity index (WPIA)",3
"Total net attendance rate, lower secondary education, second quintile, adjusted location parity index (LPIA)",3
"Total net attendance rate, lower secondary education, urban, adjusted gender parity index (GPIA)",3
"Out-of-school rate for children of primary school age, rural, both sexes (household survey data) (%)",3
"Out-of-school rate for children of primary school age, poorest quintile, both sexes (household survey data) (%)",3
"Out-of-school rate for children of primary school age, poorest quintile, female (household survey data) (%)",3
"Out-of-school rate for children of primary school age, primary education, urban, poorest quintile, adjusted gender parity index (household survey data) (GPIA)",3
"Total net attendance rate, lower secondary education, urban, fourth quintile, adjusted gender parity index (GPIA)",3
"Learning Deprivation Gap;PISA 2015 for grade 15Y using MPL Level 2 for math, First Quintile",3
"Out-of-school rate for adolescents of lower secondary school age, rural, poorest quintile, adjusted gender parity index (household survey data) (GPIA)",3
"Out-of-school rate for adolescents of lower secondary school age, rural, richest quintile, female (household survey data) (%)",3
"Out-of-school rate for adolescents of lower secondary school age, richest quintile, female, adjusted location parity index (household survey data) (LPIA)",3
"Out-of-school rate for children of primary school age, richest quintile, adjusted gender parity index (household survey data) (GPIA)",3
"South America: Students from the Plurinational State of Bolivia, both sexes (number)",3
"Out-of-school rate for adolescents of lower secondary school age, urban, male, adjusted wealth parity index (household survey data) (WPIA)",3
"Out-of-school rate for adolescents of lower secondary school age, urban, middle quintile, male (household survey data) (%)",3
"Out-of-school rate for adolescents of lower secondary school age, second quintile, male, adjusted location parity index (household survey data) (LPIA)",3
"Completion rate, lower secondary education, middle quintile, adjusted gender parity index (GPIA)",3
"Completion rate, lower secondary education, adjusted location parity index (LPIA)",3
"Completion rate, lower secondary education, both sexes (%)",3
"Fraction of Children Under 5 Not Stunted, Female",3
"Fraction of Children Under 5 Not Stunted, Male",3
"Completion rate, upper secondary education, rural, second quintile, both sexes (%)",3
"Completion rate, upper secondary education, second quintile, female, adjusted location parity index (LPIA)",3
"Completion rate, upper secondary education, rural, richest quintile, adjusted gender parity index (GPIA)",3
"Completion rate, upper secondary education, urban, poorest quintile, adjusted gender parity index (GPIA)",3
"Completion rate, upper secondary education, urban, poorest quintile, both sexes (%)",3
"Completion rate, upper secondary education, urban, richest quintile, both sexes (%)",3
"Total net attendance rate, primary, urban, both sexes (%)",3
"Total net attendance rate, primary, urban, middle quintile, male (%)",3
"Above Proficiency;PISA 2009 for grade 15Y using MPL Level 2 for math, Urban",3
"Total net attendance rate, upper secondary, male, adjusted wealth parity index (WPIA)",3
"Total net attendance rate, upper secondary education, rural, female, adjusted wealth parity index (WPIA)",3
"Total net attendance rate, upper secondary education, rural, male, adjusted wealth parity index (WPIA)",3
"Total net attendance rate, upper secondary education, second quintile, adjusted location parity index (LPIA)",3
"Total net attendance rate, upper secondary education, second quintile, male, adjusted location parity index (LPIA)",3
"Total net attendance rate, primary, urban, richest quintile, male (%)",3
"Total net attendance rate, primary, urban, second quintile, male (%)",3
"Total net attendance rate, upper secondary education, fourth quintile, male, adjusted location parity index (LPIA)",3
"Total net attendance rate, upper secondary, urban, richest quintile, female (%)",3
"Total net attendance rate, upper secondary, urban, female (%)",3
"Total net attendance rate, upper secondary education, urban, male, adjusted wealth parity index (WPIA)",3
"Total net enrolment rate, upper secondary, female (%)",3
"Above Proficiency;PISA 2018 for grade 15Y using MPL Level 2 for reading, Male",3
"Total net attendance rate, primary, rural, middle quintile, male (%)",3
"Above Proficiency;PISA 2012 for grade 15Y using MPL Level 2 for science, Fifth Quintile",3
"Above Proficiency;PISA 2018 for grade 15Y using MPL Level 2 for math, Urban",2
"Above Proficiency;PISA 2018 for grade 15Y using MPL Level 2 for science, Female",2
"Above Proficiency;PISA 2015 for grade 15Y using MPL Level 2 for science, Male",2
"Above Proficiency;PISA 2015 for grade 15Y using MPL Level 2 for reading, Fourth Quintile",2
"Above Proficiency;PISA 2009 for grade 15Y using MPL Level 2 for science, Second Quintile",2
"Above Proficiency;PISA 2012 for grade 15Y using MPL Level 2 for reading, Second Quintile",2
"Total net attendance rate, upper secondary, urban, middle quintile, male (%)",2
"Total net attendance rate, upper secondary, urban, poorest quintile, both sexes (%)",2
"Total net attendance rate, upper secondary, second quintile, both sexes (%)",2
"Total net attendance rate, upper secondary education, fourth quintile, adjusted gender parity index (GPIA)",2
"Total net attendance rate, primary, urban, fourth quintile, male (%)",2
"Total net attendance rate, upper secondary, richest quintile, male (%)",2
"Above Proficiency;PISA 2006 for grade 15Y using MPL Level 2 for math, Female",2
"Above Proficiency;PISA 2006 for grade 15Y using MPL Level 2 for reading, Fourth Quintile",2
"Out-of-school rate for youth of upper secondary school age, rural, second quintile, both sexes (household survey data) (%)",2
"Europe: Students from Ireland, both sexes (number)",2
"Europe: Students from Liechtenstein, both sexes (number)",2
"Completion rate, upper secondary education, urban, middle quintile, female (%)",2
"Completion rate, upper secondary education, rural, richest quintile, both sexes (%)",2
"Total net attendance rate, upper secondary, urban, fourth quintile, both sexes (%)",2
"Total net attendance rate, upper secondary, urban, fourth quintile, female (%)",2
"Total net attendance rate, upper secondary, urban, male  (%)",2
"Total net attendance rate, upper secondary, rural, both sexes (%)",2
"Total net attendance rate, upper secondary, rural, male  (%)",2
"Total net attendance rate, upper secondary, rural, poorest quintile, both sexes (%)",2
"Total net attendance rate, upper secondary, rural, poorest quintile, female (%)",2
"Educational attainment rate, completed lower secondary education or higher, population 25+ years, male (%)",2
Current expenditure other than staff compensation as a percentage of total expenditure in upper secondary public institutions (%),2
"Out-of-school rate for youth of upper secondary school age, poorest quintile, both sexes (household survey data) (%)",2
Percentage of enrolment in tertiary education in private institutions (%),2
"Asia: Students from the United Arab Emirates, both sexes (number)",2
"Completion rate, lower secondary education, middle quintile, adjusted location parity index (LPIA)",2
"Completion rate, lower secondary education, middle quintile, female (%)",2
"Completion rate, lower secondary education, richest quintile, adjusted location parity index (LPIA)",2
"Completion rate, lower secondary education, fourth quintile, both sexes (%)",2
"Learning Deprivation Gap;PISA 2018 for grade 15Y using MPL Level 2 for science, Fourth Quintile",2
"Learning Deprivation Gap;PISA 2018 for grade 15Y using MPL Level 2 for science, Second Quintile",2
"Learning Deprivation Gap;PISA 2018 for grade 15Y using MPL Level 2 for science, Urban",2
"Learning Deprivation Gap;PISA 2015 for grade 15Y using MPL Level 2 for science, Fourth Quintile",2
"Learning Deprivation Gap;PISA 2015 for grade 15Y using MPL Level 2 for science, Rural",2
"Learning Deprivation Gap;PISA 2018 for grade 15Y using MPL Level 2 for reading, Fifth Quintile",2
"Teacher attrition rate from upper secondary education, both sexes (%)",2
"Teacher attrition rate from upper secondary education, male (%)",2
"Above Proficiency;TIMSS 2011 for grade 8 using MPL Low (400 points) for math, Female",2
"Above Proficiency;TIMSS 2011 for grade 8 using MPL Low (400 points) for math, Male",2
"Out-of-school rate for adolescents of lower secondary school age, urban, poorest quintile, female (household survey data) (%)",2
"Out-of-school rate for adolescents of lower secondary school age, urban, female (household survey data) (%)",2
"Out-of-school rate for adolescents of lower secondary school age, rural, middle quintile, female (household survey data) (%)",2
"Out-of-school rate for adolescents of lower secondary school age, rural, female (household survey data) (%)",2
"Out-of-school rate for adolescents of lower secondary school age, rural, male, adjusted wealth parity index (household survey data) (WPIA)",2
"Learning Deprivation Gap;PISA 2000 for grade 15Y using MPL Level 2 for science, Third Quintile",2
"Learning Deprivation Gap;PISA 2006 for grade 15Y using MPL Level 2 for math, Second Quintile",2
"Learning Deprivation Gap;PISA 2006 for grade 15Y using MPL Level 2 for reading, Female",2
"Learning Deprivation Gap;PISA 2006 for grade 15Y using MPL Level 2 for reading, Third Quintile",2
"Learning Deprivation Gap;PISA 2000 for grade 15Y using MPL Level 2 for math, Fifth Quintile",2
"Learning Deprivation Gap;PIRLS 2011 for grade 4 using MPL Low (400 points) for reading, Female",2
"Learning Deprivation Gap;PIRLS 2016 for grade 4 using MPL Low (400 points) for reading, Third Quintile",2
"Learning Deprivation Gap;PISA 2012 for grade 15Y using MPL Level 2 for science, Third Quintile",2
"Learning Deprivation Gap;PISA 2012 for grade 15Y using MPL Level 2 for science, Fifth Quintile",2
"Learning Deprivation Gap;PISA 2009 for grade 15Y using MPL Level 2 for science, Second Quintile",2
"Learning Deprivation Gap;PISA 2012 for grade 15Y using MPL Level 2 for math, Fifth Quintile",2
"Learning Deprivation Gap;PISA 2012 for grade 15Y using MPL Level 2 for math, Urban",2
"Learning Deprivation Gap;PISA 2009 for grade 15Y using MPL Level 2 for reading, Female",2
"Learning Deprivation Gap;PISA 2009 for grade 15Y using MPL Level 2 for reading, Second Quintile",2
"Total net attendance rate, lower secondary, both sexes (%)",2
"Total net attendance rate, lower secondary education, fourth quintile, adjusted location parity index (LPIA)",2
"Out-of-school rate for children of primary school age, primary education, rural, middle quintile, adjusted gender parity index (household survey data) (GPIA)",2
"Out-of-school rate for children of primary school age, primary education, urban, richest quintile, adjusted gender parity index (household survey data) (GPIA)",2
"Out-of-school rate for children of primary school age, middle quintile, adjusted gender parity index (household survey data) (GPIA)",2
"Out-of-school rate for adolescents of lower secondary school age, urban, second quintile, female (household survey data) (%)",2
"Out-of-school rate for children of primary school age, adjusted gender parity index (household survey data) (GPIA)",2
"Completion rate, lower secondary education, rural, richest quintile, adjusted gender parity index (GPIA)",2
"Completion rate, lower secondary education, rural, richest quintile, both sexes (%)",2
LDSEV: LLECES 2006 for grade 6 using MPL III (SERCE scale) for reading;,2
"Total net attendance rate, primary education, fourth quintile, male, adjusted location parity index (LPIA)",2
"Total net attendance rate, lower secondary, urban, middle quintile, female (%)",2
"Adjusted net attendance rate, one year before the official primary entry age, middle quintile, male, adjusted location parity index (LPIA)",2
"Adjusted net attendance rate, one year before the official primary entry age, poorest quintile, adjusted gender parity index (GPIA)",2
"Learning Deprivation Severity;PISA 2009 for grade 15Y using MPL Level 2 for reading, Third Quintile",2
"Learning Deprivation Severity;PISA 2009 for grade 15Y using MPL Level 2 for math, Fifth Quintile",2
"Learning Deprivation Gap;TIMSS 2015 for grade 4 using MPL Low (400 points) for science, Rural",2
"Learning Deprivation Gap;TIMSS 2015 for grade 4 using MPL Low (400 points) for science, Urban",2
"Learning Deprivation Gap;TIMSS 2011 for grade 4 using MPL Low (400 points) for science, Urban",2
Above Proficiency;TIMSS 2015 for grade 8 using MPL Low (400 points) for science,2
"Above Proficiency;TIMSS 2019 for grade 4 using MPL Low (400 points) for math, Urban",2
Above Proficiency;TIMSS 2019 for grade 8 using MPL Low (400 points) for science,2
"Above Proficiency;TIMSS 2015 for grade 4 using MPL Low (400 points) for science, First Quintile",2
"Repetition rate in lower secondary general education (all grades), both sexes (%)",2
"Adjusted net attendance rate, one year before the official primary entry age, urban, female, adjusted wealth parity index (WPIA)",2
"Percentage of graduates from Science, Technology, Engineering and Mathematics programmes in tertiary education, both sexes (%)",2
"Total net attendance rate, lower secondary education, richest quintile, male, adjusted location parity index (LPIA)",2
"Total net attendance rate, lower secondary education, fourth quintile, adjusted gender parity index (GPIA)",2
"Learning Deprivation Gap;TIMSS 2007 for grade 8 using MPL Low (400 points) for science, Fourth Quintile",2
"Learning Deprivation Gap;TIMSS 2007 for grade 8 using MPL Low (400 points) for science, Third Quintile",2
"Learning Deprivation Gap;TIMSS 2007 for grade 4 using MPL Low (400 points) for math, Female",2
"Adjusted net attendance rate, one year before the official primary entry age, urban, fourth quintile, adjusted gender parity index (GPIA)",2
"Proportion of youth and adults who have wrote a computer program using a specialised programming language, both sexes (%)",2
"Learning Deprivation Severity;PISA 2015 for grade 15Y using MPL Level 2 for science, Rural",2
"Learning Deprivation Severity;PISA 2018 for grade 15Y using MPL Level 2 for reading, Male",2
"Learning Deprivation Severity;PISA 2012 for grade 15Y using MPL Level 2 for science, Fifth Quintile",2
"Learning Deprivation Severity;PISA 2012 for grade 15Y using MPL Level 2 for reading, Male",2
"Proportion of students in Grade 2 or 3 achieving at least a minimum proficiency level in reading, very affluent socioeconomic background, both sexes (%)",2
"Out-of-school rate for adolescents of lower secondary school age, poorest quintile, female, adjusted location parity index (household survey data) (LPIA)",2
"Out-of-school rate for adolescents of lower secondary school age, richest quintile, adjusted gender parity index (household survey data) (GPIA)",2
"Out-of-school rate for adolescents of lower secondary school age, poorest quintile, adjusted gender parity index (household survey data) (GPIA)",2
"Adjusted net attendance rate, one year before the official primary entry age, rural, middle quintile, male (%)",2
"Adjusted net attendance rate, one year before the official primary entry age, richest quintile, male, adjusted location parity index (LPIA)",2
"Adjusted net attendance rate, one year before the official primary entry age, rural, female, adjusted wealth parity index (WPIA)",2
"Total net attendance rate, primary education, adjusted gender parity index (GPIA)",2
"Total net attendance rate, lower secondary, rural, second quintile, female (%)",2
"Total net attendance rate, lower secondary, richest quintile, male (%)",2
"Total net attendance rate, lower secondary, rural, poorest quintile, both sexes (%)",2
"Learning Deprivation Gap;PISA 2006 for grade 15Y using MPL Level 2 for science, Male",2
"Learning Deprivation Gap;PISA 2000 for grade 15Y using MPL Level 2 for science, Male",2
"Inbound internationally mobile students from Oceania, both sexes (number)",2
"Inbound internationally mobile students from South America, both sexes (number)",2
LPSEV = SD: ANER; LD: LLECES 2013 for grade 6 using MPL III (SERCE scale) for reading;,2
LPSEV = SD: ANER; LD: PIRLS 2016 for grade 4 using MPL Low (400 points) for reading; Female,2
LP = SD: ANER; LD: LLECES 2006 for grade 6 using MPL III (SERCE scale) for reading; Male,2
"Out-of-school rate for children of primary school age, rural, second quintile, male (household survey data) (%)",2
"Out-of-school rate for children of primary school age, urban, adjusted gender parity index (household survey data) (GPIA)",2
"Out-of-school rate for children of primary school age, rural, male (household survey data) (%)",2
"Out-of-school rate for children of primary school age, rural, second quintile, female (household survey data) (%)",2
"Out-of-school rate for youth of upper secondary school age, middle quintile, male, adjusted location parity index (household survey data) (LPIA)",2
"Above Proficiency;PISA 2000 for grade 15Y using MPL Level 2 for science, Urban",2
Above Proficiency;PISA 2000 for grade 15Y using MPL Level 2 for math,2
"Proportion of students at the end of lower secondary education achieving at least a minimum proficiency level in mathematics, non-immigrant background, both sexes (%)",2
"Proportion of population achieving at least a fixed level of proficiency in functional numeracy skills, immigrant background (%)",2
Population Age primary for Reference Year 2019; Female,2
"Completion rate, primary education, urban, fourth quintile, adjusted gender parity index (GPIA)",2
"Completion rate, primary education, rural, poorest quintile, adjusted gender parity index (GPIA)",2
"Proportion of students at the end of primary education achieving at least a minimum proficiency level in reading, very affluent socioeconomic background, both sexes (%)",2
"Learning Deprivation Severity;TIMSS 2015 for grade 4 using MPL Low (400 points) for science, Urban",2
"Learning Deprivation Severity;TIMSS 2007 for grade 8 using MPL Low (400 points) for math, Male",2
"Learning Deprivation Severity;TIMSS 2003 for grade 8 using MPL Low (400 points) for science, Female",2
"Learning Deprivation Severity;TIMSS 2015 for grade 8 using MPL Low (400 points) for math, Fifth Quintile",2
"Learning Deprivation Severity;TIMSS 2019 for grade 8 using MPL Low (400 points) for science, Male",2
"Completion rate, primary education, poorest quintile, adjusted gender parity index (GPIA)",2
"Oceania: Students from the Solomon Islands, both sexes (number)",2
"Adjusted net attendance rate, one year before the official primary entry age, urban, poorest quintile, male (%)",2
"Out-of-school rate for youth of upper secondary school age, fourth quintile, female (household survey data) (%)",2
"Initial household funding per secondary student, constant PPP$",2
"Total net attendance rate, primary, richest quintile, female (%)",2
"Above Proficiency;PISA 2009 for grade 15Y using MPL Level 2 for reading, Fourth Quintile",2
"Total net attendance rate, primary education, urban, richest quintile, adjusted gender parity index (GPIA)",2
"Total net attendance rate, primary, both sexes (%)",2
"Total net attendance rate, primary education, rural, poorest quintile, adjusted gender parity index (GPIA)",2
"Total net attendance rate, primary education, rural, richest quintile, adjusted gender parity index (GPIA)",2
"Total net attendance rate, primary education, second quintile, male, adjusted location parity index (LPIA)",2
"Total net attendance rate, primary education, richest quintile, adjusted gender parity index (GPIA)",2
"Out-of-school rate for youth of upper secondary school age, adjusted gender parity index (household survey data) (GPIA)",2
"Caribbean and Central America: Students from unknown countries, both sexes (number)",2
"Out-of-school rate for youth of upper secondary school age, second quintile, female, adjusted location parity index (household survey data) (LPIA)",2
"Out-of-school rate for youth of upper secondary school age, urban, female (household survey data) (%)",2
"Out-of-school rate for youth of upper secondary school age, rural, male (household survey data) (%)",2
"Out-of-school rate for youth of upper secondary school age, rural, middle quintile, adjusted gender parity index (household survey data) (GPIA)",2
"Out-of-school rate for youth of upper secondary school age, rural, second quintile, adjusted gender parity index (household survey data) (GPIA)",2
"Youth illiterate population, 15-24 years, both sexes (number)",2
"Above Proficiency;PIRLS 2001 for grade 4 using MPL Low (400 points) for reading, Female",2
"Above Proficiency;LLECES 2006 for grade 6 using MPL Level 3 for reading, First Quintile",1
"Above Proficiency;PIRLS 2011 for grade 4 using MPL Low (400 points) for reading, Rural",1
Above Proficiency;PIRLS 2011 for grade 6 using MPL Low (400 points) for reading,1
"Above Proficiency;PIRLS 2016 for grade 3 using MPL Low (400 points) for reading, Rural",1
"Above Proficiency;PIRLS 2016 for grade 4 using MPL Low (400 points) for reading, First Quintile",1
"Above Proficiency;PIRLS 2016 for grade 4 using MPL Low (400 points) for reading, Male",1
"Above Proficiency;PIRLS 2016 for grade 4 using MPL Low (400 points) for reading, Urban",1
"Above Proficiency;PIRLS 2016 for grade 5 using MPL Low (400 points) for reading, First Quintile",1
"Above Proficiency;PISA 2000 for grade 15Y using MPL Level 2 for math, Male",1
"Above Proficiency;PISA 2000 for grade 15Y using MPL Level 2 for math, Urban",1
Above Proficiency;PISA 2000 for grade 15Y using MPL Level 2 for reading,1
"Above Proficiency;PISA 2000 for grade 15Y using MPL Level 2 for reading, Male",1
"Above Proficiency;PISA 2000 for grade 15Y using MPL Level 2 for reading, Second Quintile",1
"Above Proficiency;PISA 2000 for grade 15Y using MPL Level 2 for science, Fourth Quintile",1
"Above Proficiency;PISA 2000 for grade 15Y using MPL Level 2 for science, Male",1
"Above Proficiency;PISA 2006 for grade 15Y using MPL Level 2 for math, Second Quintile",1
"Above Proficiency;PISA 2006 for grade 15Y using MPL Level 2 for reading, Male",1
"Above Proficiency;PISA 2006 for grade 15Y using MPL Level 2 for reading, Urban",1
"Total net attendance rate, upper secondary, rural, middle quintile, male (%)",1
"Total net attendance rate, upper secondary, urban, middle quintile, female (%)",1
"Total net attendance rate, upper secondary, urban, richest quintile, both sexes (%)",1
"Above Proficiency;PASEC 2019 for grade 6 using MPL 4 for math, Urban",1
"Enrolment in tertiary education, ISCED 5 programmes, male (number)",1
"Above Proficiency;PISA 2009 for grade 15Y using MPL Level 2 for reading, Second Quintile",1
"Above Proficiency;PISA 2009 for grade 15Y using MPL Level 2 for science, Female",1
"Above Proficiency;PISA 2009 for grade 15Y using MPL Level 2 for science, Male",1
"Total net attendance rate, primary education, urban, fourth quintile, adjusted gender parity index (GPIA)",1
"Total net attendance rate, primary, richest quintile, both sexes (%)",1
"Government expenditure on secondary and post-secondary non-tertiary vocational education only, constant US$ (millions)",1
"Completion rate, upper secondary education, urban, middle quintile, male (%)",1
"Completion rate, upper secondary education, urban, richest quintile, adjusted gender parity index (GPIA)",1
"Europe: Students from Poland, both sexes (number)",1
"Educational attainment rate, completed Doctoral or equivalent education, population 25+ years, female (%)",1
"Educational attainment rate, completed Master's or equivalent education or higher, population 25+ years, male (%)",1
"Completion rate, upper secondary education, poorest quintile, female (%)",1
"Completion rate, upper secondary education, poorest quintile, male (%)",1
"Completion rate, upper secondary education, richest quintile, male, adjusted location parity index (LPIA)",1
"Completion rate, upper secondary education, rural, adjusted wealth parity index (WPIA)",1
"Total net attendance rate, primary education, middle quintile, male, adjusted location parity index (LPIA)",1
"Total net attendance rate, primary education, poorest quintile, adjusted gender parity index (GPIA)",1
"Total net attendance rate, primary education, richest quintile, female, adjusted location parity index (LPIA)",1
"Total net attendance rate, primary education, second quintile, adjusted location parity index (LPIA)",1
"Inbound internationally mobile students from Europe, both sexes (number)",1
"Inbound internationally mobile students from North America, the Caribbean and Central America, both sexes (number)",1
"Inbound internationally mobile students from South and West Asia, both sexes (number)",1
Current expenditure as a percentage of total expenditure in post-secondary non-tertiary public institutions (%),1
"Completion rate, upper secondary education, male, adjusted location parity index (LPIA)",1
Non-teaching staff compensation as a percentage of total expenditure in pre-primary public institutions (%),1
"Completion rate, primary education, male, adjusted location parity index (LPIA)",1
"Completion rate, primary education, male, adjusted wealth parity index (WPIA)",1
"Learning Deprivation Severity;TIMSS 2015 for grade 8 using MPL Low (400 points) for science, Third Quintile",1
Learning Deprivation Severity;TIMSS 2015 for grade 9 using MPL Low (400 points) for science,1
Learning Deprivation Severity;TIMSS 2019 for grade 5 using MPL Low (400 points) for science,1
"Learning Deprivation Severity;TIMSS 2019 for grade 8 using MPL Low (400 points) for math, First Quintile",1
"Learning Deprivation Severity;TIMSS 2019 for grade 8 using MPL Low (400 points) for math, Male",1
"Percentage of qualified teachers in secondary education, female (%)",1
"Completion rate, primary education, rural, fourth quintile, male (%)",1
"Out-of-school adolescents of lower secondary school age, male (number)",1
"Out-of-school rate for adolescents of lower secondary school age, fourth quintile, female, adjusted location parity index (household survey data) (LPIA)",1
"Out-of-school rate for adolescents of lower secondary school age, male, adjusted location parity index (household survey data) (LPIA)",1
"Out-of-school rate for adolescents of lower secondary school age, poorest quintile, both sexes (household survey data) (%)",1
"Completion rate, primary education, urban, poorest quintile, adjusted gender parity index (GPIA)",1
"Completion rate, upper secondary education, adjusted gender parity index (GPIA)",1
"Out-of-school rate for children of primary school age, richest quintile, male (household survey data) (%)",1
"Out-of-school rate for children of primary school age, rural, adjusted gender parity index (household survey data) (GPIA)",1
"Out-of-school rate for adolescents of lower secondary school age, rural, female, adjusted wealth parity index (household survey data) (WPIA)",1
"Out-of-school rate for adolescents of lower secondary school age, rural, second quintile, adjusted gender parity index (household survey data) (GPIA)",1
"Out-of-school rate for adolescents of lower secondary school age, urban, adjusted wealth parity index (household survey data) (WPIA)",1
"Caribbean and Central America: Students from Belize, both sexes (number)",1
"Caribbean and Central America: Students from Honduras, both sexes (number)",1
"Percentage of graduates from tertiary education graduating from Natural Sciences, Mathematics and Statistics programmes, both sexes (%)",1
"Completion rate, lower secondary education, second quintile, male (%)",1
"Completion rate, lower secondary education, urban, male (%)",1
"Out-of-school rate for children of primary school age, fourth quintile, male (household survey data) (%)",1
"Out-of-school rate for children of primary school age, fourth quintile, male, adjusted location parity index (household survey data) (LPIA)",1
"Out-of-school rate for children of primary school age, middle quintile, adjusted location parity index (household survey data) (LPIA)",1
"Out-of-school rate for children of primary school age, middle quintile, both sexes (household survey data) (%)",1
"Out-of-school rate for children of primary school age, middle quintile, male, adjusted location parity index (household survey data) (LPIA)",1
"Out-of-school rate for children of primary school age, poorest quintile, adjusted location parity index (household survey data) (LPIA)",1
"Learning Deprivation Severity;TIMSS 2011 for grade 4 using MPL Low (400 points) for math, Female",1
"Learning Deprivation Severity;TIMSS 2011 for grade 4 using MPL Low (400 points) for math, First Quintile",1
"Learning Deprivation Severity;TIMSS 2011 for grade 4 using MPL Low (400 points) for math, Third Quintile",1
"Learning Deprivation Severity;TIMSS 2011 for grade 4 using MPL Low (400 points) for math, Urban",1
"Learning Deprivation Severity;TIMSS 2011 for grade 8 using MPL Low (400 points) for math, Male",1
"Learning Deprivation Severity;TIMSS 2011 for grade 8 using MPL Low (400 points) for science, Fifth Quintile",1
"Learning Deprivation Severity;TIMSS 2011 for grade 8 using MPL Low (400 points) for science, Male",1
"Learning Deprivation Severity;TIMSS 2011 for grade 8 using MPL Low (400 points) for science, Urban",1
Learning Deprivation Severity;TIMSS 2007 for grade 4 using MPL Low (400 points) for science,1
"Learning Deprivation Severity;TIMSS 2007 for grade 4 using MPL Low (400 points) for science, Male",1
"Learning Deprivation Severity;TIMSS 2007 for grade 8 using MPL Low (400 points) for math, Fifth Quintile",1
"Learning Deprivation Severity;TIMSS 2007 for grade 8 using MPL Low (400 points) for math, First Quintile",1
"Learning Deprivation Severity;TIMSS 2007 for grade 8 using MPL Low (400 points) for math, Third Quintile",1
"Learning Deprivation Severity;TIMSS 2007 for grade 8 using MPL Low (400 points) for math, Urban",1
Learning Deprivation Severity;TIMSS 2007 for grade 8 using MPL Low (400 points) for science,1
"Learning Deprivation Severity;TIMSS 2007 for grade 8 using MPL Low (400 points) for science, Female",1
"Proportion of population achieving at least a fixed level of proficiency in functional numeracy skills, low socio-economic status (%)",1
"Africa: Students from Madagascar, both sexes (number)",1
"Learning Deprivation Severity;TIMSS 2003 for grade 8 using MPL Low (400 points) for math, Fifth Quintile",1
"Learning Deprivation Severity;TIMSS 2003 for grade 8 using MPL Low (400 points) for math, Male",1
"Learning Deprivation Severity;TIMSS 2003 for grade 8 using MPL Low (400 points) for math, Third Quintile",1
"Learning Deprivation Severity;TIMSS 2003 for grade 8 using MPL Low (400 points) for math, Urban",1
"Learning Deprivation Severity;TIMSS 2003 for grade 8 using MPL Low (400 points) for science, Second Quintile",1
"Learning Deprivation Severity;TIMSS 2007 for grade 4 using MPL Low (400 points) for math, Rural",1
"Learning-Adjusted Years of School, Male",1
"Completion rate, primary education, rural, middle quintile, female (%)",1
"Completion rate, primary education, rural, poorest quintile, both sexes (%)",1
"Completion rate, primary education, rural, second quintile, male (%)",1
"Completion rate, primary education, urban, middle quintile, male (%)",1
Population Age primary for Reference Year 2019; Male,1
"Proportion of children aged 24-59 months who are developmentally on track in health, learning and psychosocial well-being, both sexes (%)",1
"Proportion of population achieving at least a fixed level of proficiency in functional numeracy skills, high socio-economic status (%)",1
"Learning Deprivation Severity;PISA 2015 for grade 15Y using MPL Level 2 for science, Female",1
"Learning Deprivation Severity;PISA 2015 for grade 15Y using MPL Level 2 for science, Fifth Quintile",1
"Learning Deprivation Severity;PISA 2015 for grade 15Y using MPL Level 2 for science, First Quintile",1
"Learning Deprivation Severity;PISA 2018 for grade 15Y using MPL Level 2 for math, Female",1
"Learning Deprivation Severity;PISA 2018 for grade 15Y using MPL Level 2 for math, Third Quintile",1
"Learning Deprivation Severity;PISA 2018 for grade 15Y using MPL Level 2 for math, Urban",1
"Learning Deprivation Severity;PISA 2018 for grade 15Y using MPL Level 2 for reading, Fourth Quintile",1
Learning Deprivation Severity;PISA 2018 for grade 15Y using MPL Level 2 for science,1
"Learning Deprivation Severity;PISA 2012 for grade 15Y using MPL Level 2 for math, Male",1
"Learning Deprivation Severity;PISA 2012 for grade 15Y using MPL Level 2 for reading, Rural",1
"Learning Deprivation Severity;PISA 2012 for grade 15Y using MPL Level 2 for reading, Third Quintile",1
"Learning Deprivation Severity;PISA 2012 for grade 15Y using MPL Level 2 for science, Female",1
"Learning Deprivation Severity;PISA 2012 for grade 15Y using MPL Level 2 for science, First Quintile",1
"Learning Deprivation Severity;PISA 2015 for grade 15Y using MPL Level 2 for math, Male",1
"Learning Deprivation Severity;PISA 2015 for grade 15Y using MPL Level 2 for reading, Female",1
"Learning Deprivation Severity;PISA 2015 for grade 15Y using MPL Level 2 for reading, Second Quintile",1
"Proportion of students at the end of primary education achieving at least a minimum proficiency level in reading, male (%)",1
"Proportion of students in Grade 2 or 3 achieving at least a minimum proficiency level in mathematics, very affluent socioeconomic background, both sexes (%)",1
"Proportion of youth and adults who have connected and installed new devices, female (%)",1
"Learning Deprivation Severity;PISA 2009 for grade 15Y using MPL Level 2 for science, Fifth Quintile",1
"Learning Deprivation Severity;PISA 2009 for grade 15Y using MPL Level 2 for science, Rural",1
"Learning Deprivation Severity;PISA 2009 for grade 15Y using MPL Level 2 for science, Second Quintile",1
"Learning Deprivation Severity;PISA 2009 for grade 15Y using MPL Level 2 for science, Third Quintile",1
Learning Deprivation Severity;PISA 2012 for grade 15Y using MPL Level 2 for math,1
"Learning Deprivation Severity;TIMSS 2015 for grade 4 using MPL Low (400 points) for math, Female",1
"Learning Deprivation Severity;TIMSS 2015 for grade 4 using MPL Low (400 points) for math, First Quintile",1
"Learning Deprivation Severity;TIMSS 2015 for grade 4 using MPL Low (400 points) for math, Male",1
"Learning Deprivation Severity;TIMSS 2015 for grade 4 using MPL Low (400 points) for math, Rural",1
"Learning Deprivation Severity;TIMSS 2015 for grade 4 using MPL Low (400 points) for science, Rural",1
"Learning Deprivation Severity;TIMSS 2015 for grade 8 using MPL Low (400 points) for math, Female",1
"Africa: Students from Nigeria, both sexes (number)",1
"Proportion of students at the end of primary education achieving at least a minimum proficiency level in mathematics, spoke the language of the test at home, both sexes (%)",1
"Learning Deprivation Severity;PISA 2000 for grade 15Y using MPL Level 2 for reading, Urban",1
"Learning Deprivation Severity;PISA 2000 for grade 15Y using MPL Level 2 for science, Female",1
"Learning Deprivation Severity;PISA 2006 for grade 15Y using MPL Level 2 for math, Female",1
"Learning Deprivation Severity;PISA 2006 for grade 15Y using MPL Level 2 for math, First Quintile",1
"Learning Deprivation Severity;PISA 2006 for grade 15Y using MPL Level 2 for math, Third Quintile",1
"Learning Deprivation Severity;PISA 2006 for grade 15Y using MPL Level 2 for math, Urban",1
"Learning Deprivation Severity;PISA 2006 for grade 15Y using MPL Level 2 for reading, Third Quintile",1
Learning Deprivation Severity;PISA 2006 for grade 15Y using MPL Level 2 for science,1
"Learning Deprivation Severity;PIRLS 2011 for grade 4 using MPL Low (400 points) for reading, Second Quintile",1
"Learning Deprivation Severity;PIRLS 2016 for grade 4 using MPL Low (400 points) for reading, Female",1
"Learning Deprivation Severity;PIRLS 2016 for grade 4 using MPL Low (400 points) for reading, Fifth Quintile",1
"Learning Deprivation Severity;PIRLS 2016 for grade 4 using MPL Low (400 points) for reading, First Quintile",1
"Learning Deprivation Severity;PIRLS 2016 for grade 4 using MPL Low (400 points) for reading, Male",1
Learning Deprivation Severity;PISA 2000 for grade 15Y using MPL Level 2 for math,1
"Learning Deprivation Severity;PISA 2000 for grade 15Y using MPL Level 2 for math, Third Quintile",1
"Learning Deprivation Severity;PISA 2000 for grade 15Y using MPL Level 2 for math, Urban",1
Pupil-qualified teacher ratio in primary education (headcount basis),1
"Repeaters in Grade 2 of lower secondary general education, male (number)",1
"Adjusted net attendance rate, one year before the official primary entry age, urban, fourth quintile, both sexes (%)",1
"Adjusted net attendance rate, one year before the official primary entry age, urban, male, adjusted wealth parity index (WPIA)",1
"Adjusted net attendance rate, one year before the official primary entry age, urban, poorest quintile, both sexes (%)",1
"Adjusted net attendance rate, one year before the official primary entry age, urban, richest quintile, male (%)",1
"Learning Deprivation Severity;PIRLS 2011 for grade 4 using MPL Low (400 points) for reading, Fourth Quintile",1
"Learning Deprivation Severity;PIRLS 2011 for grade 4 using MPL Low (400 points) for reading, Rural",1
"Learning Deprivation Severity;PISA 2018 for grade 15Y using MPL Level 2 for science, Third Quintile",1
"Learning Deprivation Severity;SACMEQ 2000 for grade 6 using MPL Level 5 for reading, Fourth Quintile",1
"Learning Deprivation Severity;SACMEQ 2000 for grade 6 using MPL Level 5 for reading, Third Quintile",1
Learning Deprivation Severity;SACMEQ 2007 for grade 6 using MPL Level 5 for reading,1
"Learning Deprivation Severity;SACMEQ 2007 for grade 6 using MPL Level 5 for reading, Second Quintile",1
"Learning Deprivation Severity;TIMSS 2003 for grade 4 using MPL Low (400 points) for math, Urban",1
"Proportion of youth and adults who have connected and installed new devices, male (%)",1
"Proportion of youth and adults who have created electronic presentations with presentation software, male (%)",1
"Above Proficiency;TIMSS 2015 for grade 5 using MPL Low (400 points) for math, Male",1
"Above Proficiency;TIMSS 2015 for grade 8 using MPL Low (400 points) for math, Female",1
"Above Proficiency;TIMSS 2015 for grade 8 using MPL Low (400 points) for math, Rural",1
"Above Proficiency;TIMSS 2015 for grade 9 using MPL Low (400 points) for science, Second Quintile",1
"Above Proficiency;TIMSS 2019 for grade 4 using MPL Low (400 points) for science, First Quintile",1
Above Proficiency;TIMSS 2019 for grade 8 using MPL Low (400 points) for math,1
"Learning Deprivation Gap;TIMSS 2011 for grade 4 using MPL Low (400 points) for math, Female",1
"Learning Deprivation Gap;TIMSS 2011 for grade 4 using MPL Low (400 points) for math, First Quintile",1
"Repetition rate in lower secondary general education (all grades), male (%)",1
"Above Proficiency;TIMSS 2011 for grade 9 using MPL Low (400 points) for math, Third Quintile",1
Above Proficiency;TIMSS 2015 for grade 4 using MPL Low (400 points) for math,1
"Above Proficiency;TIMSS 2015 for grade 4 using MPL Low (400 points) for math, Female",1
"Above Proficiency;TIMSS 2015 for grade 4 using MPL Low (400 points) for math, Male",1
"Above Proficiency;TIMSS 2015 for grade 4 using MPL Low (400 points) for math, Second Quintile",1
"Above Proficiency;TIMSS 2015 for grade 4 using MPL Low (400 points) for science, Male",1
"Above Proficiency;TIMSS 2015 for grade 4 using MPL Low (400 points) for science, Second Quintile",1
"Learning Deprivation Severity;PISA 2009 for grade 15Y using MPL Level 2 for reading, Fourth Quintile",1
"Learning Deprivation Severity;PISA 2009 for grade 15Y using MPL Level 2 for reading, Rural",1
Learning Deprivation Severity;PISA 2009 for grade 15Y using MPL Level 2 for science,1
"Adjusted net attendance rate, one year before the official primary entry age, rural, adjusted wealth parity index (WPIA)",1
"Adjusted net attendance rate, one year before the official primary entry age, rural, male, adjusted wealth parity index (WPIA)",1
"Adjusted net attendance rate, one year before the official primary entry age, rural, poorest quintile, male (%)",1
"Adjusted net attendance rate, one year before the official primary entry age, urban, both sexes (%)",1
"Adjusted net attendance rate, one year before the official primary entry age, urban, female (%)",1
"Learning Deprivation Severity;PISA 2006 for grade 15Y using MPL Level 2 for science, Fifth Quintile",1
"Learning Deprivation Severity;PISA 2006 for grade 15Y using MPL Level 2 for science, Urban",1
"Learning Deprivation Severity;PISA 2009 for grade 15Y using MPL Level 2 for math, First Quintile",1
"Learning Deprivation Severity;PISA 2009 for grade 15Y using MPL Level 2 for math, Fourth Quintile",1
"Learning Deprivation Severity;PISA 2009 for grade 15Y using MPL Level 2 for math, Rural",1
"Learning Deprivation Severity;PISA 2009 for grade 15Y using MPL Level 2 for math, Second Quintile",1
"Learning Deprivation Severity;PISA 2009 for grade 15Y using MPL Level 2 for math, Urban",1
"Learning Deprivation Severity;PISA 2009 for grade 15Y using MPL Level 2 for reading, Fifth Quintile",1
"Learning Deprivation Severity;PASEC 2019 for grade 2 using MPL 4 for math, Rural",1
"Learning Deprivation Severity;PASEC 2019 for grade 6 using MPL 4 for reading, Third Quintile",1
"Learning Deprivation Severity;PIRLS 2006 for grade 4 using MPL Low (400 points) for reading, Female",1
"Above Proficiency;TIMSS 2019 for grade 8 using MPL Low (400 points) for science, Second Quintile",1
"Above Proficiency;TIMSS 2019 for grade 9 using MPL Low (400 points) for math, Third Quintile",1
"Adjusted attendance rate, one year before the official primary entry age, second quintile, female, adjusted location parity index (LPIA)",1
"Adjusted net attendance rate, one year before the official primary entry age, middle quintile, female (%)",1
"Above Proficiency;PISA 2018 for grade 15Y using MPL Level 2 for science, Third Quintile",1
"Learning Deprivation Gap;TIMSS 2019 for grade 4 using MPL Low (400 points) for science, Fourth Quintile",1
Learning Deprivation Gap;TIMSS 2019 for grade 5 using MPL Low (400 points) for math,1
Learning Deprivation Gap;TIMSS 2019 for grade 8 using MPL Low (400 points) for science,1
"Learning Deprivation Gap;TIMSS 2019 for grade 8 using MPL Low (400 points) for science, Fifth Quintile",1
"Learning Deprivation Gap;TIMSS 2019 for grade 8 using MPL Low (400 points) for science, Fourth Quintile",1
"Learning Deprivation Severity;LLECES 2006 for grade 6 using MPL Level 3 for reading, Fifth Quintile",1
"Learning Deprivation Severity;PASEC 2014 for grade 6 using MPL 4 for math, Third Quintile",1
"Learning Deprivation Severity;PASEC 2014 for grade 6 using MPL 4 for reading, Urban",1
"Learning Deprivation Gap;TIMSS 2015 for grade 5 using MPL Low (400 points) for math, Rural",1
"Learning Deprivation Gap;TIMSS 2015 for grade 8 using MPL Low (400 points) for math, Rural",1
"Learning Deprivation Gap;TIMSS 2015 for grade 8 using MPL Low (400 points) for science, Female",1
"Learning Deprivation Gap;TIMSS 2015 for grade 8 using MPL Low (400 points) for science, First Quintile",1
"Learning Deprivation Gap;TIMSS 2015 for grade 8 using MPL Low (400 points) for science, Second Quintile",1
"Learning Deprivation Gap;TIMSS 2019 for grade 4 using MPL Low (400 points) for math, Urban",1
Learning Deprivation Gap;TIMSS 2019 for grade 4 using MPL Low (400 points) for science,1
"Learning Deprivation Gap;TIMSS 2019 for grade 4 using MPL Low (400 points) for science, Female",1
"Learning Deprivation Gap;TIMSS 2011 for grade 4 using MPL Low (400 points) for math, Urban",1
"Learning Deprivation Gap;TIMSS 2011 for grade 8 using MPL Low (400 points) for math, Male",1
"Learning Deprivation Gap;TIMSS 2011 for grade 8 using MPL Low (400 points) for math, Urban",1
Learning Deprivation Gap;TIMSS 2011 for grade 9 using MPL Low (400 points) for math,1
"Learning Deprivation Gap;TIMSS 2011 for grade 9 using MPL Low (400 points) for science, Urban",1
"Learning Deprivation Gap;TIMSS 2015 for grade 4 using MPL Low (400 points) for math, Female",1
"Learning Deprivation Gap;TIMSS 2015 for grade 4 using MPL Low (400 points) for math, Second Quintile",1
"Learning Deprivation Gap;TIMSS 2015 for grade 4 using MPL Low (400 points) for science, Female",1
"Above Proficiency;TIMSS 2011 for grade 8 using MPL Low (400 points) for math, First Quintile",1
"Above Proficiency;TIMSS 2011 for grade 8 using MPL Low (400 points) for math, Third Quintile",1
"Above Proficiency;TIMSS 2011 for grade 8 using MPL Low (400 points) for science, Female",1
"Above Proficiency;TIMSS 2011 for grade 8 using MPL Low (400 points) for science, Fifth Quintile",1
"Above Proficiency;TIMSS 2011 for grade 8 using MPL Low (400 points) for science, Rural",1
"Teacher attrition rate from pre-primary education, female (%)",1
"Teacher attrition rate from primary education, adjusted gender parity index (GPIA)",1
"Teacher attrition rate from primary education, female (%)",1
"Above Proficiency;TIMSS 2007 for grade 8 using MPL Low (400 points) for math, Urban",1
"Above Proficiency;TIMSS 2007 for grade 8 using MPL Low (400 points) for science, First Quintile",1
"Above Proficiency;TIMSS 2007 for grade 9 using MPL Low (400 points) for math, Urban",1
Above Proficiency;TIMSS 2011 for grade 4 using MPL Low (400 points) for math,1
"Above Proficiency;TIMSS 2011 for grade 4 using MPL Low (400 points) for math, Fourth Quintile",1
"Above Proficiency;TIMSS 2011 for grade 4 using MPL Low (400 points) for science, Fourth Quintile",1
"Above Proficiency;TIMSS 2011 for grade 6 using MPL Low (400 points) for math, Fifth Quintile",1
Above Proficiency;TIMSS 2011 for grade 6 using MPL Low (400 points) for science,1
"Above Proficiency;TIMSS 2003 for grade 8 using MPL Low (400 points) for science, Female",1
"Above Proficiency;TIMSS 2003 for grade 8 using MPL Low (400 points) for science, Fourth Quintile",1
"Above Proficiency;TIMSS 2003 for grade 8 using MPL Low (400 points) for science, Urban",1
"Above Proficiency;TIMSS 2007 for grade 4 using MPL Low (400 points) for math, Male",1
"Above Proficiency;TIMSS 2007 for grade 4 using MPL Low (400 points) for math, Rural",1
Above Proficiency;TIMSS 2007 for grade 4 using MPL Low (400 points) for science,1
"Above Proficiency;TIMSS 2007 for grade 4 using MPL Low (400 points) for science, Male",1
"Above Proficiency;TIMSS 2007 for grade 8 using MPL Low (400 points) for math, Fifth Quintile",1
"Above Proficiency;PISA-D 2017 for grade 15Y using  for reading, Fifth Quintile",1
"Above Proficiency;PISA-D 2017 for grade 15Y using  for science, Third Quintile",1
"Above Proficiency;SACMEQ 2007 for grade 6 using MPL Level 5 for reading, Female",1
"Above Proficiency;SEA-PLM 2019 for grade 5 using MPL Level 6 for reading, Fourth Quintile",1
"Above Proficiency;SEA-PLM 2019 for grade 5 using MPL Level 6 for reading, Third Quintile",1
"Above Proficiency;TIMSS 2003 for grade 8 using MPL Low (400 points) for math, Male",1
"Above Proficiency;TIMSS 2003 for grade 8 using MPL Low (400 points) for math, Rural",1
"Above Proficiency;TIMSS 2003 for grade 8 using MPL Low (400 points) for math, Urban",1
"Teachers in tertiary education ISCED 6, 7 and 8 programmes, male (number)",1
"Total net attendance rate, lower secondary education, rural, middle quintile, adjusted gender parity index (GPIA)",1
"Total net attendance rate, lower secondary education, rural, poorest quintile, adjusted gender parity index (GPIA)",1
"Total net attendance rate, lower secondary education, second quintile, adjusted gender parity index (GPIA)",1
"Total net attendance rate, lower secondary, female, adjusted wealth parity index (WPIA)",1
"Learning Deprivation Gap;PISA 2009 for grade 15Y using MPL Level 2 for reading, Fifth Quintile",1
"Learning Deprivation Gap;PISA 2009 for grade 15Y using MPL Level 2 for reading, First Quintile",1
"Learning Deprivation Gap;PISA 2009 for grade 15Y using MPL Level 2 for reading, Fourth Quintile",1
"Learning Deprivation Gap;TIMSS 2003 for grade 8 using MPL Low (400 points) for science, Third Quintile",1
"Learning Deprivation Gap;TIMSS 2007 for grade 4 using MPL Low (400 points) for math, Male",1
Learning Deprivation Gap;TIMSS 2007 for grade 4 using MPL Low (400 points) for science,1
"Learning Deprivation Gap;TIMSS 2007 for grade 4 using MPL Low (400 points) for science, Male",1
Learning Deprivation Gap;TIMSS 2007 for grade 8 using MPL Low (400 points) for math,1
"Learning Deprivation Gap;TIMSS 2007 for grade 8 using MPL Low (400 points) for math, First Quintile",1
"Learning Deprivation Gap;TIMSS 2007 for grade 8 using MPL Low (400 points) for math, Male",1
"Learning Deprivation Gap;TIMSS 2007 for grade 8 using MPL Low (400 points) for math, Second Quintile",1
"Learning Deprivation Gap;PISA 2018 for grade 15Y using MPL Level 2 for science, Male",1
"Learning Deprivation Gap;PISA 2018 for grade 15Y using MPL Level 2 for science, Rural",1
"Learning Deprivation Gap;SACMEQ 2000 for grade 6 using MPL Level 5 for reading, Urban",1
"Learning Deprivation Gap;SEA-PLM 2019 for grade 5 using MPL Level 6 for reading, Rural",1
Learning Deprivation Gap;TIMSS 2003 for grade 4 using MPL Low (400 points) for math,1
"Learning Deprivation Gap;TIMSS 2003 for grade 8 using MPL Low (400 points) for math, Fifth Quintile",1
"Learning Deprivation Gap;TIMSS 2003 for grade 8 using MPL Low (400 points) for math, Fourth Quintile",1
"Learning Deprivation Gap;TIMSS 2003 for grade 8 using MPL Low (400 points) for science, Rural",1
"Teacher attrition rate from primary education, male (%)",1
"Learning Deprivation Gap;PISA 2015 for grade 15Y using MPL Level 2 for reading, Urban",1
"Learning Deprivation Gap;PISA 2015 for grade 15Y using MPL Level 2 for science, Fifth Quintile",1
"Learning Deprivation Gap;PISA 2015 for grade 15Y using MPL Level 2 for science, Urban",1
"Learning Deprivation Gap;PISA 2018 for grade 15Y using MPL Level 2 for math, First Quintile",1
"Learning Deprivation Gap;PISA 2018 for grade 15Y using MPL Level 2 for math, Male",1
"Learning Deprivation Gap;PISA 2018 for grade 15Y using MPL Level 2 for reading, Fourth Quintile",1
"Learning Deprivation Gap;PISA 2018 for grade 15Y using MPL Level 2 for reading, Rural",1
"Learning Deprivation Gap;PIRLS 2011 for grade 4 using MPL Low (400 points) for reading, Third Quintile",1
"Learning Deprivation Gap;PIRLS 2016 for grade 4 using MPL Low (400 points) for reading, Fourth Quintile",1
"Learning Deprivation Gap;PIRLS 2016 for grade 4 using MPL Low (400 points) for reading, Rural",1
"Learning Deprivation Gap;PIRLS 2016 for grade 4 using MPL Low (400 points) for reading, Urban",1
"Learning Deprivation Gap;PISA 2000 for grade 15Y using MPL Level 2 for math, Second Quintile",1
Learning Deprivation Gap;PISA 2000 for grade 15Y using MPL Level 2 for reading,1
"Learning Deprivation Gap;PISA 2000 for grade 15Y using MPL Level 2 for reading, Female",1
"Learning Deprivation Gap;PISA 2000 for grade 15Y using MPL Level 2 for reading, Male",1
"Learning Deprivation Gap;PISA 2012 for grade 15Y using MPL Level 2 for science, Fourth Quintile",1
"Learning Deprivation Gap;PISA 2012 for grade 15Y using MPL Level 2 for science, Male",1
"Learning Deprivation Gap;PISA 2015 for grade 15Y using MPL Level 2 for math, Rural",1
"Learning Deprivation Gap;PISA 2015 for grade 15Y using MPL Level 2 for math, Urban",1
"Learning Deprivation Gap;PISA 2015 for grade 15Y using MPL Level 2 for reading, First Quintile",1
"Learning Deprivation Gap;PIRLS 2001 for grade 4 using MPL Low (400 points) for reading, Female",1
"Learning Deprivation Gap;PIRLS 2001 for grade 4 using MPL Low (400 points) for reading, Third Quintile",1
"Learning Deprivation Gap;PIRLS 2011 for grade 4 using MPL Low (400 points) for reading, Male",1
"Learning Deprivation Gap;PISA 2012 for grade 15Y using MPL Level 2 for reading, Female",1
"Learning Deprivation Gap;PISA 2012 for grade 15Y using MPL Level 2 for reading, Fifth Quintile",1
"Learning Deprivation Gap;PISA 2012 for grade 15Y using MPL Level 2 for reading, Fourth Quintile",1
"Learning Deprivation Gap;PISA 2012 for grade 15Y using MPL Level 2 for reading, Male",1
"Learning Deprivation Gap;PISA 2012 for grade 15Y using MPL Level 2 for reading, Third Quintile",1
"Learning Deprivation Gap;PISA 2012 for grade 15Y using MPL Level 2 for reading, Urban",1
Learning Deprivation Gap;PISA 2012 for grade 15Y using MPL Level 2 for science,1
"Learning Deprivation Gap;PISA 2012 for grade 15Y using MPL Level 2 for science, First Quintile",1
"Learning Deprivation Gap;PISA 2009 for grade 15Y using MPL Level 2 for reading, Urban",1
"Learning Deprivation Gap;PISA 2009 for grade 15Y using MPL Level 2 for science, Female",1
"Learning Deprivation Gap;PISA 2009 for grade 15Y using MPL Level 2 for science, First Quintile",1
"Learning Deprivation Gap;PISA 2009 for grade 15Y using MPL Level 2 for science, Fourth Quintile",1
Learning Deprivation Gap;PISA 2012 for grade 15Y using MPL Level 2 for math,1
"Learning Deprivation Gap;PISA 2012 for grade 15Y using MPL Level 2 for math, Female",1
"Learning Deprivation Gap;PISA 2012 for grade 15Y using MPL Level 2 for math, First Quintile",1
"Learning Deprivation Gap;PISA 2012 for grade 15Y using MPL Level 2 for math, Fourth Quintile",1
"Learning Deprivation Gap;LLECES 2006 for grade 6 using MPL Level 3 for reading, Third Quintile",1
"Learning Deprivation Gap;LLECES 2013 for grade 6 using MPL Level 3 for reading, Rural",1
"Learning Deprivation Gap;PASEC 2019 for grade 2 using MPL 4 for math, Rural",1
"Learning Deprivation Gap;PASEC 2019 for grade 6 using MPL 4 for math, Female",1
"Learning Deprivation Gap;PASEC 2019 for grade 6 using MPL 4 for math, Second Quintile",1
"Learning Deprivation Gap;PASEC 2019 for grade 6 using MPL 4 for reading, Male",1
Learning Deprivation Gap;PIRLS 2001 for grade 4 using MPL Low (400 points) for reading,1
"Completion rate, upper secondary education, rural, poorest quintile, both sexes (%)",1
"Total net attendance rate, lower secondary, second quintile, female (%)",1
"Total net attendance rate, lower secondary, urban, fourth quintile, female (%)",1
"Total net attendance rate, lower secondary, urban, second quintile, both sexes (%)",1
"Total net attendance rate, primary education, fourth quintile, adjusted gender parity index (GPIA)",1
LDSEV: PIRLS 2001 for grade 4 using MPL Low (400 points) for reading; Female,1
LDSEV: SEA-PLM 2019 for grade 5 using MPL 6 for reading;,1
LP = SD: ANER; LD: PASEC 2006 for grade 5 using MPL 4 for reading;,1
LPSEV = SD: Country Team Validation; LD: PASEC 2014 for grade 6 using MPL 4 for reading; Male,1
"Learning Deprivation Gap;PISA 2009 for grade 15Y using MPL Level 2 for math, First Quintile",1
"Learning Deprivation Gap;PISA 2009 for grade 15Y using MPL Level 2 for math, Fourth Quintile",1
"Learning Deprivation Gap;PISA 2009 for grade 15Y using MPL Level 2 for math, Rural",1
"Learning Deprivation Gap;PISA 2009 for grade 15Y using MPL Level 2 for math, Second Quintile",1
"Total net attendance rate, lower secondary, male, adjusted wealth parity index (WPIA)",1
"Total net attendance rate, lower secondary, rural, poorest quintile, female (%)",1
"Total net attendance rate, lower secondary, rural, richest quintile, both sexes (%)",1
"Total net attendance rate, lower secondary, rural, second quintile, both sexes (%)",1
"Learning Deprivation Gap;PISA 2000 for grade 15Y using MPL Level 2 for reading, Second Quintile",1
"Learning Deprivation Gap;PISA 2000 for grade 15Y using MPL Level 2 for reading, Urban",1
"Learning Deprivation Gap;PISA 2000 for grade 15Y using MPL Level 2 for science, Female",1
"Learning Deprivation Gap;PISA 2000 for grade 15Y using MPL Level 2 for science, Fifth Quintile",1
"Learning Deprivation Gap;PISA 2006 for grade 15Y using MPL Level 2 for math, Female",1
"Learning Deprivation Gap;PISA 2006 for grade 15Y using MPL Level 2 for science, First Quintile",1
"Learning Deprivation Gap;PISA 2006 for grade 15Y using MPL Level 2 for science, Rural",1
"Learning Deprivation Gap;PISA 2006 for grade 15Y using MPL Level 2 for science, Second Quintile",1
"Above Proficiency;PIRLS 2006 for grade 4 using MPL Low (400 points) for reading, Fourth Quintile",1
"Above Proficiency;PIRLS 2001 for grade 4 using MPL Low (400 points) for reading, Urban",1
"Above Proficiency;PIRLS 2001 for grade 4 using MPL Low (400 points) for reading, Male",1
"Above Proficiency;PASEC 2019 for grade 6 using MPL 4 for reading, Third Quintile",1
"Above Proficiency;PASEC 2014 for grade 2 using MPL 4 for math, Male",1
"Above Proficiency;LLECES 2013 for grade 6 using MPL Level 3 for reading, Fifth Quintile",1
Above Proficiency;LLECES 2013 for grade 6 using MPL Level 3 for reading,1
Above Proficiency;PISA 2006 for grade 15Y using MPL Level 2 for science,1
"Above Proficiency;PISA 2018 for grade 15Y using MPL Level 2 for reading, Female",1
Above Proficiency;PISA 2018 for grade 15Y using MPL Level 2 for science,1
"Above Proficiency;PISA 2018 for grade 15Y using MPL Level 2 for science, Male",1
"Above Proficiency;PISA 2018 for grade 15Y using MPL Level 2 for science, Rural",1
"Above Proficiency;PASEC 2014 for grade 6 using MPL 4 for reading, Fourth Quintile",1
"Above Proficiency;PIRLS 2006 for grade 4 using MPL Low (400 points) for reading, Second Quintile",1
"Above Proficiency;PASEC 2014 for grade 6 using MPL 4 for reading, Female",1
Above Proficiency;PASEC 2014 for grade 2 using MPL 4 for reading,1
"Above Proficiency;PISA 2015 for grade 15Y using MPL Level 2 for reading, First Quintile",1
"Above Proficiency;PISA 2015 for grade 15Y using MPL Level 2 for reading, Second Quintile",1
"Above Proficiency;PISA 2015 for grade 15Y using MPL Level 2 for science, Rural",1
"Above Proficiency;PISA 2015 for grade 15Y using MPL Level 2 for science, Second Quintile",1
"Above Proficiency;PISA 2018 for grade 15Y using MPL Level 2 for math, Fifth Quintile",1
"Above Proficiency;PISA 2018 for grade 15Y using MPL Level 2 for math, Fourth Quintile",1
"Above Proficiency;PISA 2018 for grade 15Y using MPL Level 2 for math, Male",1
"Above Proficiency;PISA 2018 for grade 15Y using MPL Level 2 for math, Second Quintile",1
"Above Proficiency;PISA 2009 for grade 15Y using MPL Level 2 for science, Rural",1
"Above Proficiency;PISA 2012 for grade 15Y using MPL Level 2 for math, Female",1
"Above Proficiency;PISA 2012 for grade 15Y using MPL Level 2 for reading, First Quintile",1
"Above Proficiency;PISA 2012 for grade 15Y using MPL Level 2 for science, Fourth Quintile",1
"Above Proficiency;PISA 2012 for grade 15Y using MPL Level 2 for science, Male",1
"Above Proficiency;PISA 2012 for grade 15Y using MPL Level 2 for science, Second Quintile",1
"Above Proficiency;PISA 2015 for grade 15Y using MPL Level 2 for math, Fourth Quintile",1
"Above Proficiency;PISA 2015 for grade 15Y using MPL Level 2 for reading, Female",1
"Out-of-school rate for children of primary school age, urban, poorest quintile, male (household survey data) (%)",1
"Out-of-school rate for children of primary school age, urban, second quintile, female (household survey data) (%)",1
"Out-of-school rate for youth of upper secondary school age, adjusted location parity index (household survey data) (LPIA)",1
"Out-of-school rate for youth of upper secondary school age, female (household survey data) (%)",1
"Out-of-school rate for youth of upper secondary school age, male, adjusted wealth parity index (household survey data) (WPIA)",1
"Out-of-school rate for youth of upper secondary school age, poorest quintile, adjusted gender parity index (household survey data) (GPIA)",1
"Completion rate, lower secondary education, richest quintile, female, adjusted location parity index (LPIA)",1
"Completion rate, lower secondary education, rural, female (%)",1
"Out-of-school rate for youth of upper secondary school age, urban, second quintile, male (household survey data) (%)",1
"Percentage of children under 5 years experiencing positive and stimulating home learning environments,  adjusted wealth parity index (WPIA)",1
"Percentage of children under 5 years experiencing positive and stimulating home learning environments, adjusted location parity index (LPIA)",1
"Percentage of children under 5 years experiencing positive and stimulating home learning environments, both sexes (%)",1
"Percentage of children under 5 years experiencing positive and stimulating home learning environments, female (%)",1
"Out-of-school rate for youth of upper secondary school age, rural, female (household survey data) (%)",1
"Completion rate, lower secondary education, urban, richest quintile, both sexes (%)",1
"Out-of-school rate for children of primary school age, urban, poorest quintile, both sexes (household survey data) (%)",1
"Total net attendance rate, upper secondary education, poorest quintile, female, adjusted location parity index (LPIA)",1
"Total net attendance rate, upper secondary education, rural, adjusted wealth parity index (WPIA)",1
"Total net attendance rate, upper secondary education, rural, fourth quintile, adjusted gender parity index (GPIA)",1
"Above Proficiency;PASEC 2019 for grade 2 using MPL 4 for math, Female",1
"Above Proficiency;PASEC 2014 for grade 6 using MPL 4 for reading, Rural",1
"Completion rate, lower secondary education, fourth quintile, adjusted gender parity index (GPIA)",1
"Out-of-school rate for youth of upper secondary school age, urban, middle quintile, adjusted gender parity index (household survey data) (GPIA)",1
"Out-of-school rate for youth of upper secondary school age, urban, poorest quintile, female (household survey data) (%)",1
"Above Proficiency;PISA 2006 for grade 15Y using MPL Level 2 for science, Second Quintile",1
Above Proficiency;PISA 2009 for grade 15Y using MPL Level 2 for math,1
"Above Proficiency;PISA 2009 for grade 15Y using MPL Level 2 for reading, Female",1
"Total net attendance rate, upper secondary, fourth quintile, both sexes (%)",1
"Total net attendance rate, upper secondary, fourth quintile, male (%)",1
"Total net attendance rate, primary, rural, poorest quintile, female (%)",1
"Total net attendance rate, primary, second quintile, male (%)",1
"Total net attendance rate, upper secondary education, middle quintile, male, adjusted location parity index (LPIA)",1
"Human Capital Index (HCI), Female (scale 0-1)",0
"Human Capital Index (HCI), Male (scale 0-1)",0
"Human Capital Index (HCI), Upper Bound (scale 0-1)",0
