INDICATOR,skew_before,skew_after,abs_skew_before,abs_skew_after
HD.HCI.HLOS,0.2701973817626067,0.2701973817625726,0.2701973817626067,0.2701973817625726
HD.HCI.HLOS.FE,0.21178341214067378,0.21178341214082644,0.21178341214067378,0.21178341214082644
HD.HCI.HLOS.MA,0.23892707173215455,0.23892707173217143,0.23892707173215455,0.23892707173217143
HD.HCI.LAYS,-0.554971428148344,-0.5549714281483397,0.554971428148344,0.5549714281483397
HD.HCI.LAYS.FE,-0.6805657796937921,-0.6805657796937876,0.6805657796937921,0.6805657796937876
HD.HCI.LAYS.MA,-0.4145329656866352,-0.41453296568663944,0.4145329656866352,0.41453296568663944
SE.CLO.15Y.LDGAP.M.PS.2000.1,0.8149681266020015,0.8563467888438173,0.8149681266020015,0.8563467888438173
SE.CLO.15Y.LDGAP.M.PS.2000.2,1.2080226336591153,1.160513427614469,1.2080226336591153,1.160513427614469
SE.CLO.15Y.LDGAP.M.PS.2000.3,1.0235295397014579,0.9103870645879174,1.0235295397014579,0.9103870645879174
SE.CLO.15Y.LDGAP.M.PS.2000.4,0.4774787611303773,1.0763979123713139,0.4774787611303773,1.0763979123713139
SE.CLO.15Y.LDGAP.M.PS.2000.5,1.0615052203503637,1.0615052203503625,1.0615052203503637,1.0615052203503625
SE.CLO.15Y.LDGAP.M.PS.2000.A,0.9002339902488748,0.9002339902488729,0.9002339902488748,0.9002339902488729
SE.CLO.15Y.LDGAP.M.PS.2000.F,1.119564338459523,1.1942819352632983,1.119564338459523,1.1942819352632983
SE.CLO.15Y.LDGAP.M.PS.2000.M,0.7286361451642998,1.139726233480171,0.7286361451642998,1.139726233480171
SE.CLO.15Y.LDGAP.M.PS.2000.R,1.279665978379474,0.6991981013132362,1.279665978379474,0.6991981013132362
SE.CLO.15Y.LDGAP.M.PS.2000.U,1.0217492657328604,1.02174926573286,1.0217492657328604,1.02174926573286
SE.CLO.15Y.LDGAP.M.PS.2006.1,1.1957677432899472,0.9790697249345303,1.1957677432899472,0.9790697249345303
SE.CLO.15Y.LDGAP.M.PS.2006.2,0.6686953183380833,0.38270359003110815,0.6686953183380833,0.38270359003110815
SE.CLO.15Y.LDGAP.M.PS.2006.3,0.8342721624328889,0.7282087105018336,0.8342721624328889,0.7282087105018336
SE.CLO.15Y.LDGAP.M.PS.2006.4,0.1280182377941422,-0.106967349799416,0.1280182377941422,0.106967349799416
SE.CLO.15Y.LDGAP.M.PS.2006.5,0.43684770903658343,0.2939412672828252,0.43684770903658343,0.2939412672828252
SE.CLO.15Y.LDGAP.M.PS.2006.A,0.43496018220130167,0.4349601822013018,0.43496018220130167,0.4349601822013018
SE.CLO.15Y.LDGAP.M.PS.2006.F,0.3965793401695024,0.22905298569644403,0.3965793401695024,0.22905298569644403
SE.CLO.15Y.LDGAP.M.PS.2006.M,0.5375239782611204,0.5375239782611229,0.5375239782611204,0.5375239782611229
SE.CLO.15Y.LDGAP.M.PS.2006.R,0.9266808136272667,0.8883298345203909,0.9266808136272667,0.8883298345203909
SE.CLO.15Y.LDGAP.M.PS.2006.U,0.11116684962854943,0.11116684962854752,0.11116684962854943,0.11116684962854752
SE.CLO.15Y.LDGAP.M.PS.2009.1,0.9515476158120267,0.7407177824926077,0.9515476158120267,0.7407177824926077
SE.CLO.15Y.LDGAP.M.PS.2009.2,0.825599303793851,1.0067148504500636,0.825599303793851,1.0067148504500636
SE.CLO.15Y.LDGAP.M.PS.2009.3,0.6830755757447539,0.6830755757447531,0.6830755757447539,0.6830755757447531
SE.CLO.15Y.LDGAP.M.PS.2009.4,0.5318696783021281,0.5318696783021292,0.5318696783021281,0.5318696783021292
SE.CLO.15Y.LDGAP.M.PS.2009.5,0.6928408979072429,0.6928408979072431,0.6928408979072429,0.6928408979072431
SE.CLO.15Y.LDGAP.M.PS.2009.A,0.6737651098921392,0.6737651098921383,0.6737651098921392,0.6737651098921383
SE.CLO.15Y.LDGAP.M.PS.2009.F,0.370761016748557,0.3707610167485608,0.370761016748557,0.3707610167485608
SE.CLO.15Y.LDGAP.M.PS.2009.M,0.6166308091699872,0.6166308091699874,0.6166308091699872,0.6166308091699874
SE.CLO.15Y.LDGAP.M.PS.2009.R,1.1500053033924433,1.4561090766859044,1.1500053033924433,1.4561090766859044
SE.CLO.15Y.LDGAP.M.PS.2009.U,0.3453294019243311,0.3453294019243329,0.3453294019243311,0.3453294019243329
SE.CLO.15Y.LDGAP.M.PS.2012.1,0.9463253491665756,0.5948888077887929,0.9463253491665756,0.5948888077887929
SE.CLO.15Y.LDGAP.M.PS.2012.2,0.5960083754684586,0.6110708756412829,0.5960083754684586,0.6110708756412829
SE.CLO.15Y.LDGAP.M.PS.2012.3,0.46939816490503794,0.4693981649050406,0.46939816490503794,0.4693981649050406
SE.CLO.15Y.LDGAP.M.PS.2012.4,0.2805177358679458,0.1299607220673283,0.2805177358679458,0.1299607220673283
SE.CLO.15Y.LDGAP.M.PS.2012.5,0.4836352037157375,0.44365182434330375,0.4836352037157375,0.44365182434330375
SE.CLO.15Y.LDGAP.M.PS.2012.A,0.2843026985271255,0.28430269852712736,0.2843026985271255,0.28430269852712736
SE.CLO.15Y.LDGAP.M.PS.2012.F,0.4794215573245651,0.34603193828195583,0.4794215573245651,0.34603193828195583
SE.CLO.15Y.LDGAP.M.PS.2012.M,0.5953104977983843,0.5953104977983834,0.5953104977983843,0.5953104977983834
SE.CLO.15Y.LDGAP.M.PS.2012.R,1.1782544634478933,1.1064704134470875,1.1782544634478933,1.1064704134470875
SE.CLO.15Y.LDGAP.M.PS.2012.U,0.2294431260632566,0.22944312606325754,0.2294431260632566,0.22944312606325754
SE.CLO.15Y.LDGAP.M.PS.2015.1,0.8483421951477815,0.6096391799203759,0.8483421951477815,0.6096391799203759
SE.CLO.15Y.LDGAP.M.PS.2015.2,0.314516617840741,0.1915969343176333,0.314516617840741,0.1915969343176333
SE.CLO.15Y.LDGAP.M.PS.2015.3,0.21997066584681163,0.1357581481134162,0.21997066584681163,0.1357581481134162
SE.CLO.15Y.LDGAP.M.PS.2015.4,-0.013447065536174967,-0.11592704625383979,0.013447065536174967,0.11592704625383979
SE.CLO.15Y.LDGAP.M.PS.2015.5,0.6657025562336029,0.6107810187263109,0.6657025562336029,0.6107810187263109
SE.CLO.15Y.LDGAP.M.PS.2015.A,0.2855995827392204,0.07195218717411639,0.2855995827392204,0.07195218717411639
SE.CLO.15Y.LDGAP.M.PS.2015.F,0.22971204523173316,-0.02740000435366935,0.22971204523173316,0.02740000435366935
SE.CLO.15Y.LDGAP.M.PS.2015.M,0.4369045131900102,0.436904513190009,0.4369045131900102,0.436904513190009
SE.CLO.15Y.LDGAP.M.PS.2015.R,1.508503630290692,1.4355997512711025,1.508503630290692,1.4355997512711025
SE.CLO.15Y.LDGAP.M.PS.2015.U,0.09628640472718106,-0.20767338179857514,0.09628640472718106,0.20767338179857514
SE.CLO.15Y.LDGAP.M.PS.2018.1,0.8473318897227023,1.0396698996563314,0.8473318897227023,1.0396698996563314
SE.CLO.15Y.LDGAP.M.PS.2018.2,1.0645791021056679,1.028760558558163,1.0645791021056679,1.028760558558163
SE.CLO.15Y.LDGAP.M.PS.2018.3,0.5406823916158064,0.9539837306162129,0.5406823916158064,0.9539837306162129
SE.CLO.15Y.LDGAP.M.PS.2018.4,0.46223874528194914,0.30229104005438295,0.46223874528194914,0.30229104005438295
SE.CLO.15Y.LDGAP.M.PS.2018.5,0.8192105961035123,0.747173070312826,0.8192105961035123,0.747173070312826
SE.CLO.15Y.LDGAP.M.PS.2018.A,0.4964175797627578,0.7844229362262026,0.4964175797627578,0.7844229362262026
SE.CLO.15Y.LDGAP.M.PS.2018.F,0.6743326082899255,0.8914080003107506,0.6743326082899255,0.8914080003107506
SE.CLO.15Y.LDGAP.M.PS.2018.M,0.30886773664108397,0.5119713007087912,0.30886773664108397,0.5119713007087912
SE.CLO.15Y.LDGAP.M.PS.2018.R,1.199752326605255,1.0284843944587725,1.199752326605255,1.0284843944587725
SE.CLO.15Y.LDGAP.M.PS.2018.U,0.7280735191583182,1.0370975914470877,0.7280735191583182,1.0370975914470877
SE.CLO.15Y.LDGAP.M.PSD.2017.1,1.0515970936467172,0.6483935960424596,1.0515970936467172,0.6483935960424596
SE.CLO.15Y.LDGAP.M.PSD.2017.2,0.9897483460906865,1.0684345266359287,0.9897483460906865,1.0684345266359287
SE.CLO.15Y.LDGAP.M.PSD.2017.3,1.3988603041888403,0.417583502313793,1.3988603041888403,0.417583502313793
SE.CLO.15Y.LDGAP.M.PSD.2017.4,0.7846481642654286,0.7846481642654286,0.7846481642654286,0.7846481642654286
SE.CLO.15Y.LDGAP.M.PSD.2017.5,0.03220202698495163,0.03220202698495162,0.03220202698495163,0.03220202698495162
SE.CLO.15Y.LDGAP.M.PSD.2017.A,1.3583311444885857,1.430088280850374,1.3583311444885857,1.430088280850374
SE.CLO.15Y.LDGAP.M.PSD.2017.F,1.1907946595001893,-0.43655759076539474,1.1907946595001893,0.43655759076539474
SE.CLO.15Y.LDGAP.M.PSD.2017.M,1.4579449865779401,1.2063243311647782,1.4579449865779401,1.2063243311647782
SE.CLO.15Y.LDGAP.M.PSD.2017.R,1.07828297025781,0.5901349726344133,1.07828297025781,0.5901349726344133
SE.CLO.15Y.LDGAP.M.PSD.2017.U,0.9297181221976725,0.9297181221976724,0.9297181221976725,0.9297181221976724
SE.CLO.15Y.LDGAP.R.PS.2000.1,0.8404613803199678,1.1001220762145936,0.8404613803199678,1.1001220762145936
SE.CLO.15Y.LDGAP.R.PS.2000.2,0.29003039812951376,0.2900303981295111,0.29003039812951376,0.2900303981295111
SE.CLO.15Y.LDGAP.R.PS.2000.3,0.29711610544367306,0.2971161054436731,0.29711610544367306,0.2971161054436731
SE.CLO.15Y.LDGAP.R.PS.2000.4,0.3809132423860938,0.30547962926751243,0.3809132423860938,0.30547962926751243
SE.CLO.15Y.LDGAP.R.PS.2000.5,0.11192768314823907,0.11192768314823907,0.11192768314823907,0.11192768314823907
SE.CLO.15Y.LDGAP.R.PS.2000.A,0.3183120372743861,0.31831203727438606,0.3183120372743861,0.31831203727438606
SE.CLO.15Y.LDGAP.R.PS.2000.F,0.4342570222005646,0.2820308301176095,0.4342570222005646,0.2820308301176095
SE.CLO.15Y.LDGAP.R.PS.2000.M,0.3194820945431645,0.3194820945431655,0.3194820945431645,0.3194820945431655
SE.CLO.15Y.LDGAP.R.PS.2000.R,0.7647002218102378,0.42894340526432334,0.7647002218102378,0.42894340526432334
SE.CLO.15Y.LDGAP.R.PS.2000.U,0.37028356035327686,0.37028356035327536,0.37028356035327686,0.37028356035327536
SE.CLO.15Y.LDGAP.R.PS.2006.1,0.3887869073849754,0.6506059132496788,0.3887869073849754,0.6506059132496788
SE.CLO.15Y.LDGAP.R.PS.2006.2,0.5749987202273317,0.2637025894688628,0.5749987202273317,0.2637025894688628
SE.CLO.15Y.LDGAP.R.PS.2006.3,0.12551633174894986,0.1645061739192775,0.12551633174894986,0.1645061739192775
SE.CLO.15Y.LDGAP.R.PS.2006.4,0.6539548766775551,0.40855993603990853,0.6539548766775551,0.40855993603990853
SE.CLO.15Y.LDGAP.R.PS.2006.5,0.5885122275087474,0.2735946433559935,0.5885122275087474,0.2735946433559935
SE.CLO.15Y.LDGAP.R.PS.2006.A,0.20807498485224724,0.03609660933446631,0.20807498485224724,0.03609660933446631
SE.CLO.15Y.LDGAP.R.PS.2006.F,0.3724537935608488,-0.06416255498410235,0.3724537935608488,0.06416255498410235
SE.CLO.15Y.LDGAP.R.PS.2006.M,0.5241185201598385,0.5763712694012504,0.5241185201598385,0.5763712694012504
SE.CLO.15Y.LDGAP.R.PS.2006.R,1.2656153964763008,1.296568518384823,1.2656153964763008,1.296568518384823
SE.CLO.15Y.LDGAP.R.PS.2006.U,0.29003104206218705,-0.08158661873508899,0.29003104206218705,0.08158661873508899
SE.CLO.15Y.LDGAP.R.PS.2009.1,0.9641673687003488,0.8465628197569799,0.9641673687003488,0.8465628197569799
SE.CLO.15Y.LDGAP.R.PS.2009.2,0.621719420079764,0.6101792310968994,0.621719420079764,0.6101792310968994
SE.CLO.15Y.LDGAP.R.PS.2009.3,0.64516069478879,0.5715321437215521,0.64516069478879,0.5715321437215521
SE.CLO.15Y.LDGAP.R.PS.2009.4,0.5806218782927415,0.49050115529001365,0.5806218782927415,0.49050115529001365
SE.CLO.15Y.LDGAP.R.PS.2009.5,0.5749913421619861,0.6722088164744762,0.5749913421619861,0.6722088164744762
SE.CLO.15Y.LDGAP.R.PS.2009.A,0.39925654215755957,0.4224618805652054,0.39925654215755957,0.4224618805652054
SE.CLO.15Y.LDGAP.R.PS.2009.F,0.28819032173029185,-0.09705882305209518,0.28819032173029185,0.09705882305209518
SE.CLO.15Y.LDGAP.R.PS.2009.M,0.9780215647965131,0.919072545093377,0.9780215647965131,0.919072545093377
SE.CLO.15Y.LDGAP.R.PS.2009.R,1.3181966498051718,1.1946975182152775,1.3181966498051718,1.1946975182152775
SE.CLO.15Y.LDGAP.R.PS.2009.U,0.48202776985507473,0.34511845306336253,0.48202776985507473,0.34511845306336253
SE.CLO.15Y.LDGAP.R.PS.2012.1,0.3131330257454546,-0.03663405003462376,0.3131330257454546,0.03663405003462376
SE.CLO.15Y.LDGAP.R.PS.2012.2,0.2935231501798165,0.2525436657838915,0.2935231501798165,0.2525436657838915
SE.CLO.15Y.LDGAP.R.PS.2012.3,0.3000551878019317,0.3000551878019317,0.3000551878019317,0.3000551878019317
SE.CLO.15Y.LDGAP.R.PS.2012.4,0.3245715181784069,0.3245715181784087,0.3245715181784069,0.3245715181784087
SE.CLO.15Y.LDGAP.R.PS.2012.5,0.028657304177564936,-0.1812594951488218,0.028657304177564936,0.1812594951488218
SE.CLO.15Y.LDGAP.R.PS.2012.A,0.08180018264749075,0.08180018264749077,0.08180018264749075,0.08180018264749077
SE.CLO.15Y.LDGAP.R.PS.2012.F,0.07366373895382605,0.073663738953827,0.07366373895382605,0.073663738953827
SE.CLO.15Y.LDGAP.R.PS.2012.M,0.3172855214168439,0.31728552141684285,0.3172855214168439,0.31728552141684285
SE.CLO.15Y.LDGAP.R.PS.2012.R,0.7518760601376997,0.7518760601376978,0.7518760601376997,0.7518760601376978
SE.CLO.15Y.LDGAP.R.PS.2012.U,0.17882100336316947,0.17882100336316947,0.17882100336316947,0.17882100336316947
SE.CLO.15Y.LDGAP.R.PS.2015.1,0.41737916380325985,0.41737916380326173,0.41737916380325985,0.41737916380326173
SE.CLO.15Y.LDGAP.R.PS.2015.2,0.1938406029150533,0.1938406029150521,0.1938406029150533,0.1938406029150521
SE.CLO.15Y.LDGAP.R.PS.2015.3,0.22331121383959343,0.2233112138395908,0.22331121383959343,0.2233112138395908
SE.CLO.15Y.LDGAP.R.PS.2015.4,0.10472202242833992,0.10472202242833642,0.10472202242833992,0.10472202242833642
SE.CLO.15Y.LDGAP.R.PS.2015.5,0.39893293314040534,0.31102578298355776,0.39893293314040534,0.31102578298355776
SE.CLO.15Y.LDGAP.R.PS.2015.A,0.10396889006712287,0.10396889006712695,0.10396889006712287,0.10396889006712695
SE.CLO.15Y.LDGAP.R.PS.2015.F,0.1724223615046674,0.17242236150466608,0.1724223615046674,0.17242236150466608
SE.CLO.15Y.LDGAP.R.PS.2015.M,0.46575801088123,0.46575801088123553,0.46575801088123,0.46575801088123553
SE.CLO.15Y.LDGAP.R.PS.2015.R,1.2442793672732422,1.3103395351558809,1.2442793672732422,1.3103395351558809
SE.CLO.15Y.LDGAP.R.PS.2015.U,0.0728852910414355,0.07288529104143843,0.0728852910414355,0.07288529104143843
SE.CLO.15Y.LDGAP.R.PS.2018.1,0.7148341539263284,0.6648868421796913,0.7148341539263284,0.6648868421796913
SE.CLO.15Y.LDGAP.R.PS.2018.2,0.5709311348687969,0.570931134868797,0.5709311348687969,0.570931134868797
SE.CLO.15Y.LDGAP.R.PS.2018.3,0.4016378977166347,0.40163789771663755,0.4016378977166347,0.40163789771663755
SE.CLO.15Y.LDGAP.R.PS.2018.4,0.29434515439216413,0.2943451543921641,0.29434515439216413,0.2943451543921641
SE.CLO.15Y.LDGAP.R.PS.2018.5,0.353774111070099,0.3737495553781617,0.353774111070099,0.3737495553781617
SE.CLO.15Y.LDGAP.R.PS.2018.A,0.20074167688492847,0.20074167688492633,0.20074167688492847,0.20074167688492633
SE.CLO.15Y.LDGAP.R.PS.2018.F,0.2925283421838062,0.2925283421838086,0.2925283421838062,0.2925283421838086
SE.CLO.15Y.LDGAP.R.PS.2018.M,0.6434956499727776,0.6434956499727748,0.6434956499727776,0.6434956499727748
SE.CLO.15Y.LDGAP.R.PS.2018.R,1.1190585383637957,0.8553496557314314,1.1190585383637957,0.8553496557314314
SE.CLO.15Y.LDGAP.R.PS.2018.U,0.16536062184118647,0.16536062184118644,0.16536062184118647,0.16536062184118644
SE.CLO.15Y.LDGAP.R.PSD.2017.1,1.3040212941764895,-0.46863547731792077,1.3040212941764895,0.46863547731792077
SE.CLO.15Y.LDGAP.R.PSD.2017.2,1.5541127142035887,1.0034593939540588,1.5541127142035887,1.0034593939540588
SE.CLO.15Y.LDGAP.R.PSD.2017.3,0.5376860814039283,0.5376860814039284,0.5376860814039283,0.5376860814039284
SE.CLO.15Y.LDGAP.R.PSD.2017.4,-0.24906255702021246,-0.24906255702021257,0.24906255702021246,0.24906255702021257
SE.CLO.15Y.LDGAP.R.PSD.2017.5,0.8764760084393164,0.08716411056186435,0.8764760084393164,0.08716411056186435
SE.CLO.15Y.LDGAP.R.PSD.2017.A,-0.2854560356952337,-0.2854560356952337,0.2854560356952337,0.2854560356952337
SE.CLO.15Y.LDGAP.R.PSD.2017.F,0.2958746639785708,0.2958746639785708,0.2958746639785708,0.2958746639785708
SE.CLO.15Y.LDGAP.R.PSD.2017.M,-0.17176264362260046,-0.17176264362260393,0.17176264362260046,0.17176264362260393
SE.CLO.15Y.LDGAP.R.PSD.2017.R,0.8920791342526985,0.8920791342526985,0.8920791342526985,0.8920791342526985
SE.CLO.15Y.LDGAP.R.PSD.2017.U,-1.130911497029476,-1.1309114970294725,1.130911497029476,1.1309114970294725
SE.CLO.15Y.LDGAP.S.PS.2000.1,0.8928930142268222,0.8094318585298093,0.8928930142268222,0.8094318585298093
SE.CLO.15Y.LDGAP.S.PS.2000.2,0.9761804075331574,0.6987400348234781,0.9761804075331574,0.6987400348234781
SE.CLO.15Y.LDGAP.S.PS.2000.3,0.5870732550908337,0.3856763157446207,0.5870732550908337,0.3856763157446207
SE.CLO.15Y.LDGAP.S.PS.2000.4,0.3165492217377111,0.31654922173771405,0.3165492217377111,0.31654922173771405
SE.CLO.15Y.LDGAP.S.PS.2000.5,0.8944182623238546,0.8944182623238556,0.8944182623238546,0.8944182623238556
SE.CLO.15Y.LDGAP.S.PS.2000.A,0.5918774218846017,0.5918774218846018,0.5918774218846017,0.5918774218846018
SE.CLO.15Y.LDGAP.S.PS.2000.F,0.5498091588124108,0.4953534637076965,0.5498091588124108,0.4953534637076965
SE.CLO.15Y.LDGAP.S.PS.2000.M,0.4940941696389758,0.41027430446577623,0.4940941696389758,0.41027430446577623
SE.CLO.15Y.LDGAP.S.PS.2000.R,0.8848339844908965,0.5783456543465075,0.8848339844908965,0.5783456543465075
SE.CLO.15Y.LDGAP.S.PS.2000.U,0.6873042779467379,0.5193209329233397,0.6873042779467379,0.5193209329233397
SE.CLO.15Y.LDGAP.S.PS.2006.1,0.6544650969349499,0.5173055833676348,0.6544650969349499,0.5173055833676348
SE.CLO.15Y.LDGAP.S.PS.2006.2,0.48515783365511905,0.30340809435496735,0.48515783365511905,0.30340809435496735
SE.CLO.15Y.LDGAP.S.PS.2006.3,0.25066980578531517,0.048438507886005885,0.25066980578531517,0.048438507886005885
SE.CLO.15Y.LDGAP.S.PS.2006.4,0.344765422430457,0.11143096637720026,0.344765422430457,0.11143096637720026
SE.CLO.15Y.LDGAP.S.PS.2006.5,0.047553660252185014,0.04755366025218559,0.047553660252185014,0.04755366025218559
SE.CLO.15Y.LDGAP.S.PS.2006.A,0.14902704895027954,-0.13007950657004366,0.14902704895027954,0.13007950657004366
SE.CLO.15Y.LDGAP.S.PS.2006.F,0.3074593230463809,0.017198423626678165,0.3074593230463809,0.017198423626678165
SE.CLO.15Y.LDGAP.S.PS.2006.M,-0.005976334806140304,-0.005976334806141991,0.005976334806140304,0.005976334806141991
SE.CLO.15Y.LDGAP.S.PS.2006.R,0.9762809457771855,0.6750982148449116,0.9762809457771855,0.6750982148449116
SE.CLO.15Y.LDGAP.S.PS.2006.U,0.237814079781958,-0.032996920793727326,0.237814079781958,0.032996920793727326
SE.CLO.15Y.LDGAP.S.PS.2009.1,0.5253302609641016,0.2466957695118244,0.5253302609641016,0.2466957695118244
SE.CLO.15Y.LDGAP.S.PS.2009.2,0.6096105503493383,0.44939999686525606,0.6096105503493383,0.44939999686525606
SE.CLO.15Y.LDGAP.S.PS.2009.3,0.56459619557573,0.5537833083397428,0.56459619557573,0.5537833083397428
SE.CLO.15Y.LDGAP.S.PS.2009.4,0.6338525561124121,0.6338525561124123,0.6338525561124121,0.6338525561124123
SE.CLO.15Y.LDGAP.S.PS.2009.5,0.6384212782777543,0.6822275820123646,0.6384212782777543,0.6822275820123646
SE.CLO.15Y.LDGAP.S.PS.2009.A,0.11073717553095713,0.11073717553095858,0.11073717553095713,0.11073717553095858
SE.CLO.15Y.LDGAP.S.PS.2009.F,0.3556599187272828,0.044582781866906236,0.3556599187272828,0.044582781866906236
SE.CLO.15Y.LDGAP.S.PS.2009.M,0.46554826647508807,0.4655482664750881,0.46554826647508807,0.4655482664750881
SE.CLO.15Y.LDGAP.S.PS.2009.R,1.5304740806621462,1.4001438233672503,1.5304740806621462,1.4001438233672503
SE.CLO.15Y.LDGAP.S.PS.2009.U,0.43522694304727877,0.4352269430472809,0.43522694304727877,0.4352269430472809
SE.CLO.15Y.LDGAP.S.PS.2012.1,0.901422339262383,0.601449375348481,0.901422339262383,0.601449375348481
SE.CLO.15Y.LDGAP.S.PS.2012.2,0.41563952744567184,0.28785075543664995,0.41563952744567184,0.28785075543664995
SE.CLO.15Y.LDGAP.S.PS.2012.3,0.29323420834476427,0.2932342083447642,0.29323420834476427,0.2932342083447642
SE.CLO.15Y.LDGAP.S.PS.2012.4,0.4547951716859588,0.4547951716859581,0.4547951716859588,0.4547951716859581
SE.CLO.15Y.LDGAP.S.PS.2012.5,0.010467798980007888,0.010467798980005473,0.010467798980007888,0.010467798980005473
SE.CLO.15Y.LDGAP.S.PS.2012.A,0.45959985163983696,0.3236051884950418,0.45959985163983696,0.3236051884950418
SE.CLO.15Y.LDGAP.S.PS.2012.F,0.5305344384952246,0.34061345245819863,0.5305344384952246,0.34061345245819863
SE.CLO.15Y.LDGAP.S.PS.2012.M,0.49746336815373216,0.497463368153735,0.49746336815373216,0.497463368153735
SE.CLO.15Y.LDGAP.S.PS.2012.R,0.7310268706483146,0.6111504834510422,0.7310268706483146,0.6111504834510422
SE.CLO.15Y.LDGAP.S.PS.2012.U,0.349286966506199,0.34928696650619645,0.349286966506199,0.34928696650619645
SE.CLO.15Y.LDGAP.S.PS.2015.1,0.48616558536566784,0.5176999621538876,0.48616558536566784,0.5176999621538876
SE.CLO.15Y.LDGAP.S.PS.2015.2,0.17099999051172365,0.17099999051172365,0.17099999051172365,0.17099999051172365
SE.CLO.15Y.LDGAP.S.PS.2015.3,0.28195109238423016,0.28195109238422933,0.28195109238423016,0.28195109238422933
SE.CLO.15Y.LDGAP.S.PS.2015.4,0.14506556176485896,0.14506556176485785,0.14506556176485896,0.14506556176485785
SE.CLO.15Y.LDGAP.S.PS.2015.5,0.6087029441210398,0.7847564802779811,0.6087029441210398,0.7847564802779811
SE.CLO.15Y.LDGAP.S.PS.2015.A,0.5054508332893988,0.5054508332894009,0.5054508332893988,0.5054508332894009
SE.CLO.15Y.LDGAP.S.PS.2015.F,0.4911130263290661,0.4911130263290669,0.4911130263290661,0.4911130263290669
SE.CLO.15Y.LDGAP.S.PS.2015.M,0.3898462982676265,0.38984629826762435,0.3898462982676265,0.38984629826762435
SE.CLO.15Y.LDGAP.S.PS.2015.R,1.1502052362244848,1.3175243005285227,1.1502052362244848,1.3175243005285227
SE.CLO.15Y.LDGAP.S.PS.2015.U,0.24283701931061466,0.24283701931061277,0.24283701931061466,0.24283701931061277
SE.CLO.15Y.LDGAP.S.PS.2018.1,0.6687997470549791,0.6401917606167237,0.6687997470549791,0.6401917606167237
SE.CLO.15Y.LDGAP.S.PS.2018.2,0.8821003098835504,0.7413504284372937,0.8821003098835504,0.7413504284372937
SE.CLO.15Y.LDGAP.S.PS.2018.3,0.42695586836229393,0.28502028323847356,0.42695586836229393,0.28502028323847356
SE.CLO.15Y.LDGAP.S.PS.2018.4,0.6988100154572088,0.6020659794535465,0.6988100154572088,0.6020659794535465
SE.CLO.15Y.LDGAP.S.PS.2018.5,0.8909723042526558,0.822179235685747,0.8909723042526558,0.822179235685747
SE.CLO.15Y.LDGAP.S.PS.2018.A,0.43631171649774264,0.30388876202695836,0.43631171649774264,0.30388876202695836
SE.CLO.15Y.LDGAP.S.PS.2018.F,0.49257162678628313,0.358741589071652,0.49257162678628313,0.358741589071652
SE.CLO.15Y.LDGAP.S.PS.2018.M,0.3795912685293825,0.25316192440681984,0.3795912685293825,0.25316192440681984
SE.CLO.15Y.LDGAP.S.PS.2018.R,1.3036172991387256,1.283007774064135,1.3036172991387256,1.283007774064135
SE.CLO.15Y.LDGAP.S.PS.2018.U,0.39988538309417654,0.26134293933325886,0.39988538309417654,0.26134293933325886
SE.CLO.15Y.LDGAP.S.PSD.2017.1,0.7130395728519786,0.7130395728519788,0.7130395728519786,0.7130395728519788
SE.CLO.15Y.LDGAP.S.PSD.2017.2,0.9828082811942579,1.467666490482249,0.9828082811942579,1.467666490482249
SE.CLO.15Y.LDGAP.S.PSD.2017.3,0.3961899161537471,0.3961899161537471,0.3961899161537471,0.3961899161537471
SE.CLO.15Y.LDGAP.S.PSD.2017.4,-0.47143993300541853,-0.47143993300541853,0.47143993300541853,0.47143993300541853
SE.CLO.15Y.LDGAP.S.PSD.2017.5,0.17323982402587698,-0.3319679882414243,0.17323982402587698,0.3319679882414243
SE.CLO.15Y.LDGAP.S.PSD.2017.A,-0.8384754604069328,-0.8384754604069375,0.8384754604069328,0.8384754604069375
SE.CLO.15Y.LDGAP.S.PSD.2017.F,-0.24833899092266484,-0.24833899092266498,0.24833899092266484,0.24833899092266498
SE.CLO.15Y.LDGAP.S.PSD.2017.M,-1.4017696809828757,-1.4017696809828706,1.4017696809828757,1.4017696809828706
SE.CLO.15Y.LDGAP.S.PSD.2017.R,-0.11773045184640836,-0.1177304518464123,0.11773045184640836,0.1177304518464123
SE.CLO.15Y.LDGAP.S.PSD.2017.U,-1.1522123511916007,-1.1522123511916007,1.1522123511916007,1.1522123511916007
SE.CLO.15Y.LDSEV.M.PS.2000.1,1.2659989981311577,0.9855627085933496,1.2659989981311577,0.9855627085933496
SE.CLO.15Y.LDSEV.M.PS.2000.2,1.1836640911372158,1.0691648238754192,1.1836640911372158,1.0691648238754192
SE.CLO.15Y.LDSEV.M.PS.2000.3,1.1448906859528245,1.001954318165013,1.1448906859528245,1.001954318165013
SE.CLO.15Y.LDSEV.M.PS.2000.4,0.7996457607306835,1.6600308648022357,0.7996457607306835,1.6600308648022357
SE.CLO.15Y.LDSEV.M.PS.2000.5,1.4480069036110697,1.1760524573976425,1.4480069036110697,1.1760524573976425
SE.CLO.15Y.LDSEV.M.PS.2000.A,1.2804279462174954,1.427999865757946,1.2804279462174954,1.427999865757946
SE.CLO.15Y.LDSEV.M.PS.2000.F,1.2889115290005042,1.4177541229175878,1.2889115290005042,1.4177541229175878
SE.CLO.15Y.LDSEV.M.PS.2000.M,1.0884557013359797,1.4794303748604383,1.0884557013359797,1.4794303748604383
SE.CLO.15Y.LDSEV.M.PS.2000.R,1.442211410424357,0.5394562369833438,1.442211410424357,0.5394562369833438
SE.CLO.15Y.LDSEV.M.PS.2000.U,1.3430698783250439,1.2960393037559959,1.3430698783250439,1.2960393037559959
SE.CLO.15Y.LDSEV.M.PS.2006.1,1.2581338903487973,0.9854028581051407,1.2581338903487973,0.9854028581051407
SE.CLO.15Y.LDSEV.M.PS.2006.2,0.8520402517993894,0.9380976446027175,0.8520402517993894,0.9380976446027175
SE.CLO.15Y.LDSEV.M.PS.2006.3,1.2137995141399684,1.0353901958759377,1.2137995141399684,1.0353901958759377
SE.CLO.15Y.LDSEV.M.PS.2006.4,0.6273227389597564,0.9010882235047478,0.6273227389597564,0.9010882235047478
SE.CLO.15Y.LDSEV.M.PS.2006.5,0.9898226804706374,0.8718561232579585,0.9898226804706374,0.8718561232579585
SE.CLO.15Y.LDSEV.M.PS.2006.A,0.8042709128876239,0.5655291167196824,0.8042709128876239,0.5655291167196824
SE.CLO.15Y.LDSEV.M.PS.2006.F,0.7413796288885149,0.5737126740530188,0.7413796288885149,0.5737126740530188
SE.CLO.15Y.LDSEV.M.PS.2006.M,0.974979450214131,0.7035834310291341,0.974979450214131,0.7035834310291341
SE.CLO.15Y.LDSEV.M.PS.2006.R,0.8398985297569889,1.3392517500531005,0.8398985297569889,1.3392517500531005
SE.CLO.15Y.LDSEV.M.PS.2006.U,0.6700970825211336,0.6914338005204687,0.6700970825211336,0.6914338005204687
SE.CLO.15Y.LDSEV.M.PS.2009.1,1.1728327460597145,0.8749637889269837,1.1728327460597145,0.8749637889269837
SE.CLO.15Y.LDSEV.M.PS.2009.2,1.044740912046011,1.0392450342628952,1.044740912046011,1.0392450342628952
SE.CLO.15Y.LDSEV.M.PS.2009.3,1.1010456222512472,1.1344608046040614,1.1010456222512472,1.1344608046040614
SE.CLO.15Y.LDSEV.M.PS.2009.4,1.076356373872308,1.1072678897816477,1.076356373872308,1.1072678897816477
SE.CLO.15Y.LDSEV.M.PS.2009.5,1.0918236580908645,1.2403317252480623,1.0918236580908645,1.2403317252480623
SE.CLO.15Y.LDSEV.M.PS.2009.A,1.0297458021678503,0.8764574436941963,1.0297458021678503,0.8764574436941963
SE.CLO.15Y.LDSEV.M.PS.2009.F,0.9053548352600295,0.9843630864827877,0.9053548352600295,0.9843630864827877
SE.CLO.15Y.LDSEV.M.PS.2009.M,1.0633157291925983,1.0853384937777761,1.0633157291925983,1.0853384937777761
SE.CLO.15Y.LDSEV.M.PS.2009.R,1.2358005471428246,1.3210379069575617,1.2358005471428246,1.3210379069575617
SE.CLO.15Y.LDSEV.M.PS.2009.U,0.9280569714794181,0.9809644432527639,0.9280569714794181,0.9809644432527639
SE.CLO.15Y.LDSEV.M.PS.2012.1,0.9955490571353642,0.5656273579757787,0.9955490571353642,0.5656273579757787
SE.CLO.15Y.LDSEV.M.PS.2012.2,0.8785789763424534,0.45745172266823697,0.8785789763424534,0.45745172266823697
SE.CLO.15Y.LDSEV.M.PS.2012.3,0.9415962503189051,0.6259347785971331,0.9415962503189051,0.6259347785971331
SE.CLO.15Y.LDSEV.M.PS.2012.4,0.7563716093809825,0.6032249493034391,0.7563716093809825,0.6032249493034391
SE.CLO.15Y.LDSEV.M.PS.2012.5,0.8669985981485991,0.8348814586754231,0.8669985981485991,0.8348814586754231
SE.CLO.15Y.LDSEV.M.PS.2012.A,0.779620942036784,0.509644768121316,0.779620942036784,0.509644768121316
SE.CLO.15Y.LDSEV.M.PS.2012.F,0.9224419994722061,0.3065286424153395,0.9224419994722061,0.3065286424153395
SE.CLO.15Y.LDSEV.M.PS.2012.M,1.0030488429209055,0.5574470439072522,1.0030488429209055,0.5574470439072522
SE.CLO.15Y.LDSEV.M.PS.2012.R,1.3205712411133648,1.2201224863572695,1.3205712411133648,1.2201224863572695
SE.CLO.15Y.LDSEV.M.PS.2012.U,0.7334678250444079,0.409904804215681,0.7334678250444079,0.409904804215681
SE.CLO.15Y.LDSEV.M.PS.2015.1,0.803140327130697,0.661626850782659,0.803140327130697,0.661626850782659
SE.CLO.15Y.LDSEV.M.PS.2015.2,0.5861970438705848,0.6568476914708132,0.5861970438705848,0.6568476914708132
SE.CLO.15Y.LDSEV.M.PS.2015.3,0.654957279927536,0.5436495367486672,0.654957279927536,0.5436495367486672
SE.CLO.15Y.LDSEV.M.PS.2015.4,0.5764509545329467,0.32649938004326423,0.5764509545329467,0.32649938004326423
SE.CLO.15Y.LDSEV.M.PS.2015.5,0.8770429080438068,1.3050235674978747,0.8770429080438068,1.3050235674978747
SE.CLO.15Y.LDSEV.M.PS.2015.A,0.7175122744371254,0.4047335111864851,0.7175122744371254,0.4047335111864851
SE.CLO.15Y.LDSEV.M.PS.2015.F,0.6950368068355806,0.33487636325511916,0.6950368068355806,0.33487636325511916
SE.CLO.15Y.LDSEV.M.PS.2015.M,0.8350901651450898,0.5195062435462102,0.8350901651450898,0.5195062435462102
SE.CLO.15Y.LDSEV.M.PS.2015.R,1.4960372601860936,1.5638604394648172,1.4960372601860936,1.5638604394648172
SE.CLO.15Y.LDSEV.M.PS.2015.U,0.5604362705720057,0.6165877968795338,0.5604362705720057,0.6165877968795338
SE.CLO.15Y.LDSEV.M.PS.2018.1,0.7206739690331364,1.0720211075399402,0.7206739690331364,1.0720211075399402
SE.CLO.15Y.LDSEV.M.PS.2018.2,0.8916059739577262,1.2790205089193434,0.8916059739577262,1.2790205089193434
SE.CLO.15Y.LDSEV.M.PS.2018.3,0.7995618985132142,1.2530825837014923,0.7995618985132142,1.2530825837014923
SE.CLO.15Y.LDSEV.M.PS.2018.4,0.6480682778389678,1.6139010257040998,0.6480682778389678,1.6139010257040998
SE.CLO.15Y.LDSEV.M.PS.2018.5,1.0874287974499592,1.4964825108817055,1.0874287974499592,1.4964825108817055
SE.CLO.15Y.LDSEV.M.PS.2018.A,0.7350599588635971,1.1080764281063238,0.7350599588635971,1.1080764281063238
SE.CLO.15Y.LDSEV.M.PS.2018.F,0.8459400615588616,1.2353680307403827,0.8459400615588616,1.2353680307403827
SE.CLO.15Y.LDSEV.M.PS.2018.M,0.6129369865249206,1.2201964922993989,0.6129369865249206,1.2201964922993989
SE.CLO.15Y.LDSEV.M.PS.2018.R,0.8135421370872344,1.1287910793348266,0.8135421370872344,1.1287910793348266
SE.CLO.15Y.LDSEV.M.PS.2018.U,0.8509630196434286,1.3515955694464785,0.8509630196434286,1.3515955694464785
SE.CLO.15Y.LDSEV.M.PSD.2017.1,1.332521989623735,1.3505934072332202,1.332521989623735,1.3505934072332202
SE.CLO.15Y.LDSEV.M.PSD.2017.2,1.2507816485636323,0.8821938141031569,1.2507816485636323,0.8821938141031569
SE.CLO.15Y.LDSEV.M.PSD.2017.3,1.6656952707762707,0.3097412171030131,1.6656952707762707,0.3097412171030131
SE.CLO.15Y.LDSEV.M.PSD.2017.4,0.18061731752915514,0.18061731752915514,0.18061731752915514,0.18061731752915514
SE.CLO.15Y.LDSEV.M.PSD.2017.5,-1.1487560861262143,-1.1487560861262143,1.1487560861262143,1.1487560861262143
SE.CLO.15Y.LDSEV.M.PSD.2017.A,1.337842708750109,0.887973223480938,1.337842708750109,0.887973223480938
SE.CLO.15Y.LDSEV.M.PSD.2017.F,1.2072541177611926,1.51694961603098,1.2072541177611926,1.51694961603098
SE.CLO.15Y.LDSEV.M.PSD.2017.M,0.7564000491666296,1.093754192382853,0.7564000491666296,1.093754192382853
SE.CLO.15Y.LDSEV.M.PSD.2017.R,1.255132366959711,1.4607626266389513,1.255132366959711,1.4607626266389513
SE.CLO.15Y.LDSEV.M.PSD.2017.U,0.36963543167658586,0.36963543167658575,0.36963543167658586,0.36963543167658575
SE.CLO.15Y.LDSEV.R.PS.2000.1,0.945405411360149,1.2153069571321609,0.945405411360149,1.2153069571321609
SE.CLO.15Y.LDSEV.R.PS.2000.2,0.8524231279694995,0.6329918124506085,0.8524231279694995,0.6329918124506085
SE.CLO.15Y.LDSEV.R.PS.2000.3,0.7919822744572316,0.7060008524193211,0.7919822744572316,0.7060008524193211
SE.CLO.15Y.LDSEV.R.PS.2000.4,0.8212930565065285,1.1946805282159265,0.8212930565065285,1.1946805282159265
SE.CLO.15Y.LDSEV.R.PS.2000.5,0.7015443386979615,0.8856217315214068,0.7015443386979615,0.8856217315214068
SE.CLO.15Y.LDSEV.R.PS.2000.A,0.8276810628556983,0.5562348561499183,0.8276810628556983,0.5562348561499183
SE.CLO.15Y.LDSEV.R.PS.2000.F,0.7136247540323647,0.8127775767034047,0.7136247540323647,0.8127775767034047
SE.CLO.15Y.LDSEV.R.PS.2000.M,0.7749969440791297,0.6576390838468154,0.7749969440791297,0.6576390838468154
SE.CLO.15Y.LDSEV.R.PS.2000.R,1.0895698012043045,0.8693239823008735,1.0895698012043045,0.8693239823008735
SE.CLO.15Y.LDSEV.R.PS.2000.U,0.8290961577784017,0.6269379316271506,0.8290961577784017,0.6269379316271506
SE.CLO.15Y.LDSEV.R.PS.2006.1,0.9304895959084791,0.855125394534744,0.9304895959084791,0.855125394534744
SE.CLO.15Y.LDSEV.R.PS.2006.2,0.8141044205980799,0.4000146464770101,0.8141044205980799,0.4000146464770101
SE.CLO.15Y.LDSEV.R.PS.2006.3,0.6887594100618287,0.6677716835437619,0.6887594100618287,0.6677716835437619
SE.CLO.15Y.LDSEV.R.PS.2006.4,0.9411550743274847,0.8927281179327085,0.9411550743274847,0.8927281179327085
SE.CLO.15Y.LDSEV.R.PS.2006.5,0.8826783215609544,0.8905943380483125,0.8826783215609544,0.8905943380483125
SE.CLO.15Y.LDSEV.R.PS.2006.A,0.6708283932290694,0.7652772411355904,0.6708283932290694,0.7652772411355904
SE.CLO.15Y.LDSEV.R.PS.2006.F,0.685835802075469,0.47642648794373516,0.685835802075469,0.47642648794373516
SE.CLO.15Y.LDSEV.R.PS.2006.M,0.7831915214183045,0.7176014737889514,0.7831915214183045,0.7176014737889514
SE.CLO.15Y.LDSEV.R.PS.2006.R,1.2376283772460293,1.5640668957332036,1.2376283772460293,1.5640668957332036
SE.CLO.15Y.LDSEV.R.PS.2006.U,0.6859180134817373,0.494587654264927,0.6859180134817373,0.494587654264927
SE.CLO.15Y.LDSEV.R.PS.2009.1,1.1363991531754458,1.3004679654305429,1.1363991531754458,1.3004679654305429
SE.CLO.15Y.LDSEV.R.PS.2009.2,0.7866432615157678,0.8829728756415639,0.7866432615157678,0.8829728756415639
SE.CLO.15Y.LDSEV.R.PS.2009.3,0.6601087317983614,0.9206351361175653,0.6601087317983614,0.9206351361175653
SE.CLO.15Y.LDSEV.R.PS.2009.4,1.0759056867885304,1.135836569413751,1.0759056867885304,1.135836569413751
SE.CLO.15Y.LDSEV.R.PS.2009.5,0.8364879887368163,1.0713818320711705,0.8364879887368163,1.0713818320711705
SE.CLO.15Y.LDSEV.R.PS.2009.A,0.7946278210669909,0.807625052168288,0.7946278210669909,0.807625052168288
SE.CLO.15Y.LDSEV.R.PS.2009.F,0.6636374419317141,0.5664036117567127,0.6636374419317141,0.5664036117567127
SE.CLO.15Y.LDSEV.R.PS.2009.M,1.069222577134628,1.1368857383168023,1.069222577134628,1.1368857383168023
SE.CLO.15Y.LDSEV.R.PS.2009.R,1.3908466680714893,0.9916000214894333,1.3908466680714893,0.9916000214894333
SE.CLO.15Y.LDSEV.R.PS.2009.U,0.86086955310612,0.6616852779288117,0.86086955310612,0.6616852779288117
SE.CLO.15Y.LDSEV.R.PS.2012.1,0.6648926020364724,0.41273730267431313,0.6648926020364724,0.41273730267431313
SE.CLO.15Y.LDSEV.R.PS.2012.2,0.8306173553175626,0.7804848588235251,0.8306173553175626,0.7804848588235251
SE.CLO.15Y.LDSEV.R.PS.2012.3,0.9047781074496247,0.7540892219289181,0.9047781074496247,0.7540892219289181
SE.CLO.15Y.LDSEV.R.PS.2012.4,0.9043062019295812,0.8977723183039804,0.9043062019295812,0.8977723183039804
SE.CLO.15Y.LDSEV.R.PS.2012.5,0.662740587759363,0.7218982589114075,0.662740587759363,0.7218982589114075
SE.CLO.15Y.LDSEV.R.PS.2012.A,0.573904333092269,0.46488605640752567,0.573904333092269,0.46488605640752567
SE.CLO.15Y.LDSEV.R.PS.2012.F,0.6742009375433808,0.2603095150944501,0.6742009375433808,0.2603095150944501
SE.CLO.15Y.LDSEV.R.PS.2012.M,0.7547250633159545,0.9089079188279001,0.7547250633159545,0.9089079188279001
SE.CLO.15Y.LDSEV.R.PS.2012.R,1.2225987718979894,1.0664643842604407,1.2225987718979894,1.0664643842604407
SE.CLO.15Y.LDSEV.R.PS.2012.U,0.6146225376903411,0.7163060723272615,0.6146225376903411,0.7163060723272615
SE.CLO.15Y.LDSEV.R.PS.2015.1,0.7576208005951586,1.051898353117626,0.7576208005951586,1.051898353117626
SE.CLO.15Y.LDSEV.R.PS.2015.2,0.7378572192979466,0.6687251526494876,0.7378572192979466,0.6687251526494876
SE.CLO.15Y.LDSEV.R.PS.2015.3,0.8507728006073377,1.0521620817361195,0.8507728006073377,1.0521620817361195
SE.CLO.15Y.LDSEV.R.PS.2015.4,0.6107455040714238,0.5423516266553631,0.6107455040714238,0.5423516266553631
SE.CLO.15Y.LDSEV.R.PS.2015.5,0.8534911983671426,0.9138863549328418,0.8534911983671426,0.9138863549328418
SE.CLO.15Y.LDSEV.R.PS.2015.A,0.698272004606613,0.5966134971345904,0.698272004606613,0.5966134971345904
SE.CLO.15Y.LDSEV.R.PS.2015.F,0.7594632867626877,0.6275323312138671,0.7594632867626877,0.6275323312138671
SE.CLO.15Y.LDSEV.R.PS.2015.M,0.8902713004763283,0.8902713004763282,0.8902713004763283,0.8902713004763282
SE.CLO.15Y.LDSEV.R.PS.2015.R,1.2432791561226697,1.218288654963905,1.2432791561226697,1.218288654963905
SE.CLO.15Y.LDSEV.R.PS.2015.U,0.5499789603031753,0.5499789603031761,0.5499789603031753,0.5499789603031761
SE.CLO.15Y.LDSEV.R.PS.2018.1,0.9530177768101963,0.8540607213131372,0.9530177768101963,0.8540607213131372
SE.CLO.15Y.LDSEV.R.PS.2018.2,0.9287374537138042,1.0035634669941835,0.9287374537138042,1.0035634669941835
SE.CLO.15Y.LDSEV.R.PS.2018.3,0.8909271411216741,0.9881574280140047,0.8909271411216741,0.9881574280140047
SE.CLO.15Y.LDSEV.R.PS.2018.4,0.7832104469528777,1.2467559199799088,0.7832104469528777,1.2467559199799088
SE.CLO.15Y.LDSEV.R.PS.2018.5,0.973627540607579,0.9838958737433068,0.973627540607579,0.9838958737433068
SE.CLO.15Y.LDSEV.R.PS.2018.A,0.6787098001088464,0.7148476660122892,0.6787098001088464,0.7148476660122892
SE.CLO.15Y.LDSEV.R.PS.2018.F,0.8664538153738132,0.7171950101152331,0.8664538153738132,0.7171950101152331
SE.CLO.15Y.LDSEV.R.PS.2018.M,0.9473953011113039,1.110002843624249,0.9473953011113039,1.110002843624249
SE.CLO.15Y.LDSEV.R.PS.2018.R,1.1021085666063772,0.9690954340964583,1.1021085666063772,0.9690954340964583
SE.CLO.15Y.LDSEV.R.PS.2018.U,0.7684806572439821,0.8729964840183965,0.7684806572439821,0.8729964840183965
SE.CLO.15Y.LDSEV.R.PSD.2017.1,1.0835326188428205,0.6805423087991188,1.0835326188428205,0.6805423087991188
SE.CLO.15Y.LDSEV.R.PSD.2017.2,1.2879580230834973,0.779346139305433,1.2879580230834973,0.779346139305433
SE.CLO.15Y.LDSEV.R.PSD.2017.3,-0.48016169663461333,-0.48016169663461333,0.48016169663461333,0.48016169663461333
SE.CLO.15Y.LDSEV.R.PSD.2017.4,0.4072121429644595,0.4072121429644595,0.4072121429644595,0.4072121429644595
SE.CLO.15Y.LDSEV.R.PSD.2017.5,0.6480950613467049,1.3971279537479364,0.6480950613467049,1.3971279537479364
SE.CLO.15Y.LDSEV.R.PSD.2017.A,-0.016291196207263034,-0.01629119620726303,0.016291196207263034,0.01629119620726303
SE.CLO.15Y.LDSEV.R.PSD.2017.F,-0.3463981490268861,-0.34639814902688604,0.3463981490268861,0.34639814902688604
SE.CLO.15Y.LDSEV.R.PSD.2017.M,0.43388802761334844,0.4338880276133457,0.43388802761334844,0.4338880276133457
SE.CLO.15Y.LDSEV.R.PSD.2017.R,-0.4846487050260948,-0.4846487050260948,0.4846487050260948,0.4846487050260948
SE.CLO.15Y.LDSEV.R.PSD.2017.U,-0.24685348749494335,-0.24685348749494346,0.24685348749494335,0.24685348749494346
SE.CLO.15Y.LDSEV.S.PS.2000.1,1.1709857123189615,1.0048304525597536,1.1709857123189615,1.0048304525597536
SE.CLO.15Y.LDSEV.S.PS.2000.2,1.1587635316005427,0.9871553922450005,1.1587635316005427,0.9871553922450005
SE.CLO.15Y.LDSEV.S.PS.2000.3,0.8332637311718368,0.9193447353098493,0.8332637311718368,0.9193447353098493
SE.CLO.15Y.LDSEV.S.PS.2000.4,0.9391685359360893,0.9922063575020256,0.9391685359360893,0.9922063575020256
SE.CLO.15Y.LDSEV.S.PS.2000.5,1.2132012909313248,1.4981833584582311,1.2132012909313248,1.4981833584582311
SE.CLO.15Y.LDSEV.S.PS.2000.A,0.9483746266832259,0.8033235020306023,0.9483746266832259,0.8033235020306023
SE.CLO.15Y.LDSEV.S.PS.2000.F,0.9613126677741113,1.145720505355441,0.9613126677741113,1.145720505355441
SE.CLO.15Y.LDSEV.S.PS.2000.M,0.858023060751098,0.7416469199355257,0.858023060751098,0.7416469199355257
SE.CLO.15Y.LDSEV.S.PS.2000.R,1.116024490799911,1.3165599077926013,1.116024490799911,1.3165599077926013
SE.CLO.15Y.LDSEV.S.PS.2000.U,1.0804419655735882,0.7309957230237165,1.0804419655735882,0.7309957230237165
SE.CLO.15Y.LDSEV.S.PS.2006.1,0.7216119277902024,0.767463918282986,0.7216119277902024,0.767463918282986
SE.CLO.15Y.LDSEV.S.PS.2006.2,0.8174675438037213,0.6450762119400529,0.8174675438037213,0.6450762119400529
SE.CLO.15Y.LDSEV.S.PS.2006.3,0.7670067827510841,0.4081632260508565,0.7670067827510841,0.4081632260508565
SE.CLO.15Y.LDSEV.S.PS.2006.4,0.7166869590523732,0.8650709804923149,0.7166869590523732,0.8650709804923149
SE.CLO.15Y.LDSEV.S.PS.2006.5,0.7808424990704513,0.5907656757397874,0.7808424990704513,0.5907656757397874
SE.CLO.15Y.LDSEV.S.PS.2006.A,0.5749800050402302,0.4402735992104366,0.5749800050402302,0.4402735992104366
SE.CLO.15Y.LDSEV.S.PS.2006.F,0.5845362581710173,0.6021448981298867,0.5845362581710173,0.6021448981298867
SE.CLO.15Y.LDSEV.S.PS.2006.M,0.5226790646955222,0.3346220742823995,0.5226790646955222,0.3346220742823995
SE.CLO.15Y.LDSEV.S.PS.2006.R,1.1566546672741471,0.9416066277584769,1.1566546672741471,0.9416066277584769
SE.CLO.15Y.LDSEV.S.PS.2006.U,0.6269214274259689,0.5424788904153188,0.6269214274259689,0.5424788904153188
SE.CLO.15Y.LDSEV.S.PS.2009.1,0.7245840813038458,0.3506147144770037,0.7245840813038458,0.3506147144770037
SE.CLO.15Y.LDSEV.S.PS.2009.2,0.8532561792929593,0.9117898887720687,0.8532561792929593,0.9117898887720687
SE.CLO.15Y.LDSEV.S.PS.2009.3,0.9395665992996298,1.0197434650264066,0.9395665992996298,1.0197434650264066
SE.CLO.15Y.LDSEV.S.PS.2009.4,1.1076467657110274,1.1782118621515467,1.1076467657110274,1.1782118621515467
SE.CLO.15Y.LDSEV.S.PS.2009.5,0.7905656120474376,1.176969650091174,0.7905656120474376,1.176969650091174
SE.CLO.15Y.LDSEV.S.PS.2009.A,0.6369438029134618,0.7557133324336657,0.6369438029134618,0.7557133324336657
SE.CLO.15Y.LDSEV.S.PS.2009.F,0.7740853754199758,0.6305108363726042,0.7740853754199758,0.6305108363726042
SE.CLO.15Y.LDSEV.S.PS.2009.M,0.8455496313344821,0.838101765496692,0.8455496313344821,0.838101765496692
SE.CLO.15Y.LDSEV.S.PS.2009.R,1.4165341826164133,1.390992539023227,1.4165341826164133,1.390992539023227
SE.CLO.15Y.LDSEV.S.PS.2009.U,0.8064640482499074,0.6725945871746798,0.8064640482499074,0.6725945871746798
SE.CLO.15Y.LDSEV.S.PS.2012.1,1.0023640275838572,0.8693621994427165,1.0023640275838572,0.8693621994427165
SE.CLO.15Y.LDSEV.S.PS.2012.2,0.7513278117260801,0.6179083733989055,0.7513278117260801,0.6179083733989055
SE.CLO.15Y.LDSEV.S.PS.2012.3,0.8570529829045119,1.0017610220412305,0.8570529829045119,1.0017610220412305
SE.CLO.15Y.LDSEV.S.PS.2012.4,1.0851819982342732,0.5810175369183774,1.0851819982342732,0.5810175369183774
SE.CLO.15Y.LDSEV.S.PS.2012.5,0.6564641219824096,0.8739108710874661,0.6564641219824096,0.8739108710874661
SE.CLO.15Y.LDSEV.S.PS.2012.A,0.958715639912736,0.5313784018732158,0.958715639912736,0.5313784018732158
SE.CLO.15Y.LDSEV.S.PS.2012.F,0.9357533625128406,0.7180254381212878,0.9357533625128406,0.7180254381212878
SE.CLO.15Y.LDSEV.S.PS.2012.M,0.9576500290242792,0.804811673610482,0.9576500290242792,0.804811673610482
SE.CLO.15Y.LDSEV.S.PS.2012.R,1.1544156439036433,1.4586042764860994,1.1544156439036433,1.4586042764860994
SE.CLO.15Y.LDSEV.S.PS.2012.U,0.8964987441182302,0.6154632963831168,0.8964987441182302,0.6154632963831168
SE.CLO.15Y.LDSEV.S.PS.2015.1,0.7977160856460281,0.9023912778300119,0.7977160856460281,0.9023912778300119
SE.CLO.15Y.LDSEV.S.PS.2015.2,0.6618185647130856,0.4953038078149926,0.6618185647130856,0.4953038078149926
SE.CLO.15Y.LDSEV.S.PS.2015.3,0.8538956158605532,0.5403543914911344,0.8538956158605532,0.5403543914911344
SE.CLO.15Y.LDSEV.S.PS.2015.4,0.8614150205714336,0.9217392348841644,0.8614150205714336,0.9217392348841644
SE.CLO.15Y.LDSEV.S.PS.2015.5,0.9056488275634287,1.2516206261440315,0.9056488275634287,1.2516206261440315
SE.CLO.15Y.LDSEV.S.PS.2015.A,0.9652742753364197,0.5790944121810351,0.9652742753364197,0.5790944121810351
SE.CLO.15Y.LDSEV.S.PS.2015.F,0.9496298060607914,0.5281828441601902,0.9496298060607914,0.5281828441601902
SE.CLO.15Y.LDSEV.S.PS.2015.M,0.8890633690213532,0.7428489447184076,0.8890633690213532,0.7428489447184076
SE.CLO.15Y.LDSEV.S.PS.2015.R,1.1592203494143754,1.5094397437555376,1.1592203494143754,1.5094397437555376
SE.CLO.15Y.LDSEV.S.PS.2015.U,0.8100277362658197,0.8438617092939985,0.8100277362658197,0.8438617092939985
SE.CLO.15Y.LDSEV.S.PS.2018.1,0.7421894194336686,0.8495463621700121,0.7421894194336686,0.8495463621700121
SE.CLO.15Y.LDSEV.S.PS.2018.2,0.9646477711681759,0.9109174439217428,0.9646477711681759,0.9109174439217428
SE.CLO.15Y.LDSEV.S.PS.2018.3,0.8278396689691009,1.0116453902465967,0.8278396689691009,1.0116453902465967
SE.CLO.15Y.LDSEV.S.PS.2018.4,0.9691963654303288,1.0949244477037239,0.9691963654303288,1.0949244477037239
SE.CLO.15Y.LDSEV.S.PS.2018.5,1.1895857874563416,1.3090537934490991,1.1895857874563416,1.3090537934490991
SE.CLO.15Y.LDSEV.S.PS.2018.A,0.7685272394309118,0.6137430495558034,0.7685272394309118,0.6137430495558034
SE.CLO.15Y.LDSEV.S.PS.2018.F,0.7956535278732925,0.9038024549888957,0.7956535278732925,0.9038024549888957
SE.CLO.15Y.LDSEV.S.PS.2018.M,0.7878657086180175,0.6339816090671517,0.7878657086180175,0.6339816090671517
SE.CLO.15Y.LDSEV.S.PS.2018.R,1.267243638663298,1.120942921924602,1.267243638663298,1.120942921924602
SE.CLO.15Y.LDSEV.S.PS.2018.U,0.8429239409558944,0.6953553965771941,0.8429239409558944,0.6953553965771941
SE.CLO.15Y.LDSEV.S.PSD.2017.1,0.899689780117189,0.8996897801171887,0.899689780117189,0.8996897801171887
SE.CLO.15Y.LDSEV.S.PSD.2017.2,0.9334063482702087,0.9334063482702087,0.9334063482702087,0.9334063482702087
SE.CLO.15Y.LDSEV.S.PSD.2017.3,-1.273018528654348,-1.2730185286543483,1.273018528654348,1.2730185286543483
SE.CLO.15Y.LDSEV.S.PSD.2017.4,-1.095786741628187,-1.095786741628187,1.095786741628187,1.095786741628187
SE.CLO.15Y.LDSEV.S.PSD.2017.5,1.1052861147612172,0.7412529425664354,1.1052861147612172,0.7412529425664354
SE.CLO.15Y.LDSEV.S.PSD.2017.A,-1.3124809302776668,-1.3124809302776668,1.3124809302776668,1.3124809302776668
SE.CLO.15Y.LDSEV.S.PSD.2017.F,-1.9710091771419438,-0.7978133846526463,1.9710091771419438,0.7978133846526463
SE.CLO.15Y.LDSEV.S.PSD.2017.M,-0.6247613973848354,-0.6247613973848355,0.6247613973848354,0.6247613973848355
SE.CLO.15Y.LDSEV.S.PSD.2017.R,-1.8764243608053652,-1.372542202658426,1.8764243608053652,1.372542202658426
SE.CLO.15Y.LDSEV.S.PSD.2017.U,-0.08558968452812177,-0.08558968452812177,0.08558968452812177,0.08558968452812177
SE.CLO.15Y.PRF.M.PS.2000.1,-0.42407339470582484,-0.42407339470582295,0.42407339470582484,0.42407339470582295
SE.CLO.15Y.PRF.M.PS.2000.2,-0.9481657590613933,-0.8831386783159261,0.9481657590613933,0.8831386783159261
SE.CLO.15Y.PRF.M.PS.2000.3,-1.1075757354241142,-1.0686431457618835,1.1075757354241142,1.0686431457618835
SE.CLO.15Y.PRF.M.PS.2000.4,-1.4339755037377537,-1.7171484180540386,1.4339755037377537,1.7171484180540386
SE.CLO.15Y.PRF.M.PS.2000.5,-1.3499146370294257,-0.9290438449230188,1.3499146370294257,0.9290438449230188
SE.CLO.15Y.PRF.M.PS.2000.A,-1.0083575383834469,-0.9417462033538275,1.0083575383834469,0.9417462033538275
SE.CLO.15Y.PRF.M.PS.2000.F,-0.8395227167435808,-0.7017885671712657,0.8395227167435808,0.7017885671712657
SE.CLO.15Y.PRF.M.PS.2000.M,-1.1069368881504558,-0.8220709719276621,1.1069368881504558,0.8220709719276621
SE.CLO.15Y.PRF.M.PS.2000.R,-0.8620529285657799,-0.8620529285657781,0.8620529285657799,0.8620529285657781
SE.CLO.15Y.PRF.M.PS.2000.U,-0.9040363409630701,-0.8528055935536221,0.9040363409630701,0.8528055935536221
SE.CLO.15Y.PRF.M.PS.2006.1,-0.8709356853065183,-0.8709356853065201,0.8709356853065183,0.8709356853065201
SE.CLO.15Y.PRF.M.PS.2006.2,-1.1983034816019067,-1.270496887488895,1.1983034816019067,1.270496887488895
SE.CLO.15Y.PRF.M.PS.2006.3,-1.5634032856722802,-1.0275616223368975,1.5634032856722802,1.0275616223368975
SE.CLO.15Y.PRF.M.PS.2006.4,-1.5881978667320886,-0.984216115312244,1.5881978667320886,0.984216115312244
SE.CLO.15Y.PRF.M.PS.2006.5,-1.314320827374399,-0.8713289540519445,1.314320827374399,0.8713289540519445
SE.CLO.15Y.PRF.M.PS.2006.A,-1.405687391668891,-0.9993997718206546,1.405687391668891,0.9993997718206546
SE.CLO.15Y.PRF.M.PS.2006.F,-1.4355441953716865,-0.8927979832069468,1.4355441953716865,0.8927979832069468
SE.CLO.15Y.PRF.M.PS.2006.M,-1.313112002291443,-1.1642625063895,1.313112002291443,1.1642625063895
SE.CLO.15Y.PRF.M.PS.2006.R,-0.9488012390260057,-0.9488012390260058,0.9488012390260057,0.9488012390260058
SE.CLO.15Y.PRF.M.PS.2006.U,-1.4031082889489717,-1.4002928874904879,1.4031082889489717,1.4002928874904879
SE.CLO.15Y.PRF.M.PS.2009.1,-0.9972559073016801,-0.997255907301684,0.9972559073016801,0.997255907301684
SE.CLO.15Y.PRF.M.PS.2009.2,-1.2720524466523477,-1.27205244665235,1.2720524466523477,1.27205244665235
SE.CLO.15Y.PRF.M.PS.2009.3,-1.3681368993749148,-1.3116044899999568,1.3681368993749148,1.3116044899999568
SE.CLO.15Y.PRF.M.PS.2009.4,-1.5238613032885968,-1.7011828654949368,1.5238613032885968,1.7011828654949368
SE.CLO.15Y.PRF.M.PS.2009.5,-1.503632935451261,-1.4209879176063696,1.503632935451261,1.4209879176063696
SE.CLO.15Y.PRF.M.PS.2009.A,-1.4900068403969764,-1.490006840396974,1.4900068403969764,1.490006840396974
SE.CLO.15Y.PRF.M.PS.2009.F,-1.5762744469016454,-1.5265201324408777,1.5762744469016454,1.5265201324408777
SE.CLO.15Y.PRF.M.PS.2009.M,-1.156304873592647,-1.15630487359265,1.156304873592647,1.15630487359265
SE.CLO.15Y.PRF.M.PS.2009.R,-0.9183833652622826,-0.9183833652622808,0.9183833652622826,0.9183833652622808
SE.CLO.15Y.PRF.M.PS.2009.U,-1.3564237312992384,-1.3564237312992362,1.3564237312992384,1.3564237312992362
SE.CLO.15Y.PRF.M.PS.2012.1,-0.9560536817802562,-0.9560536817802562,0.9560536817802562,0.9560536817802562
SE.CLO.15Y.PRF.M.PS.2012.2,-1.1316854509894503,-1.1316854509894456,1.1316854509894503,1.1316854509894456
SE.CLO.15Y.PRF.M.PS.2012.3,-1.3397459168380126,-1.2381415163977256,1.3397459168380126,1.2381415163977256
SE.CLO.15Y.PRF.M.PS.2012.4,-1.4438012866671537,-1.2970308340734225,1.4438012866671537,1.2970308340734225
SE.CLO.15Y.PRF.M.PS.2012.5,-1.360807166420007,-1.2210770190147107,1.360807166420007,1.2210770190147107
SE.CLO.15Y.PRF.M.PS.2012.A,-1.3050107618590978,-1.1780629657321338,1.3050107618590978,1.1780629657321338
SE.CLO.15Y.PRF.M.PS.2012.F,-1.2380117144636127,-1.1278201543701472,1.2380117144636127,1.1278201543701472
SE.CLO.15Y.PRF.M.PS.2012.M,-1.2660293064152497,-1.2672618307597014,1.2660293064152497,1.2672618307597014
SE.CLO.15Y.PRF.M.PS.2012.R,-1.088592681394241,-1.088592681394241,1.088592681394241,1.088592681394241
SE.CLO.15Y.PRF.M.PS.2012.U,-1.30045622695179,-1.30045622695179,1.30045622695179,1.30045622695179
SE.CLO.15Y.PRF.M.PS.2015.1,-0.9552796658375995,-0.9552796658375985,0.9552796658375995,0.9552796658375985
SE.CLO.15Y.PRF.M.PS.2015.2,-1.4661993757991814,-1.4254742516932635,1.4661993757991814,1.4254742516932635
SE.CLO.15Y.PRF.M.PS.2015.3,-1.4506750704262334,-1.289948095636378,1.4506750704262334,1.289948095636378
SE.CLO.15Y.PRF.M.PS.2015.4,-1.6848673286150329,-1.3514375816752051,1.6848673286150329,1.3514375816752051
SE.CLO.15Y.PRF.M.PS.2015.5,-1.4499542859899046,-1.3895145086528358,1.4499542859899046,1.3895145086528358
SE.CLO.15Y.PRF.M.PS.2015.A,-1.2565036719245535,-1.4391182025155633,1.2565036719245535,1.4391182025155633
SE.CLO.15Y.PRF.M.PS.2015.F,-1.2827623949093603,-1.3231120470548026,1.2827623949093603,1.3231120470548026
SE.CLO.15Y.PRF.M.PS.2015.M,-1.3010149946256688,-1.254689785112597,1.3010149946256688,1.254689785112597
SE.CLO.15Y.PRF.M.PS.2015.R,-0.383466072429259,-0.383466072429259,0.383466072429259,0.383466072429259
SE.CLO.15Y.PRF.M.PS.2015.U,-1.3862112745870088,-1.5913084682323175,1.3862112745870088,1.5913084682323175
SE.CLO.15Y.PRF.M.PS.2018.1,-0.4742973561252997,-0.47429735612529766,0.4742973561252997,0.47429735612529766
SE.CLO.15Y.PRF.M.PS.2018.2,-0.8453457861275124,-0.8453457861275124,0.8453457861275124,0.8453457861275124
SE.CLO.15Y.PRF.M.PS.2018.3,-1.1436455497111837,-1.1121634181152256,1.1436455497111837,1.1121634181152256
SE.CLO.15Y.PRF.M.PS.2018.4,-1.460026962628161,-1.6326808383197071,1.460026962628161,1.6326808383197071
SE.CLO.15Y.PRF.M.PS.2018.5,-1.1566545833496538,-1.3170234366227247,1.1566545833496538,1.3170234366227247
SE.CLO.15Y.PRF.M.PS.2018.A,-1.0169047798658448,-1.016904779865845,1.0169047798658448,1.016904779865845
SE.CLO.15Y.PRF.M.PS.2018.F,-0.9693333746438517,-0.9693333746438517,0.9693333746438517,0.9693333746438517
SE.CLO.15Y.PRF.M.PS.2018.M,-0.6501081028702399,-0.6501081028702375,0.6501081028702399,0.6501081028702375
SE.CLO.15Y.PRF.M.PS.2018.R,0.1566127652222066,0.1566127652222057,0.1566127652222066,0.1566127652222057
SE.CLO.15Y.PRF.M.PS.2018.U,-0.8309047275429038,-0.8309047275429036,0.8309047275429038,0.8309047275429036
SE.CLO.15Y.PRF.M.PSD.2017.1,1.195283020679425,0.8193839046573562,1.195283020679425,0.8193839046573562
SE.CLO.15Y.PRF.M.PSD.2017.2,0.48254607606682154,0.8215916407916126,0.48254607606682154,0.8215916407916126
SE.CLO.15Y.PRF.M.PSD.2017.3,1.183174465418679,0.4394123079105867,1.183174465418679,0.4394123079105867
SE.CLO.15Y.PRF.M.PSD.2017.4,0.5659009252280218,-0.3249926198261699,0.5659009252280218,0.3249926198261699
SE.CLO.15Y.PRF.M.PSD.2017.5,0.8887177519278537,0.8887177519278538,0.8887177519278537,0.8887177519278538
SE.CLO.15Y.PRF.M.PSD.2017.A,0.6514487091027477,0.4438426314932667,0.6514487091027477,0.4438426314932667
SE.CLO.15Y.PRF.M.PSD.2017.F,0.4156932840654975,0.415693284065499,0.4156932840654975,0.415693284065499
SE.CLO.15Y.PRF.M.PSD.2017.M,0.7792323539512013,-0.23895359206129416,0.7792323539512013,0.23895359206129416
SE.CLO.15Y.PRF.M.PSD.2017.R,0.871205673590789,0.2662487701953572,0.871205673590789,0.2662487701953572
SE.CLO.15Y.PRF.M.PSD.2017.U,0.07343990587440206,0.07343990587440206,0.07343990587440206,0.07343990587440206
SE.CLO.15Y.PRF.R.PS.2000.1,-0.5600032114771419,-0.5600032114771409,0.5600032114771419,0.5600032114771409
SE.CLO.15Y.PRF.R.PS.2000.2,-1.230130754805197,-0.657015389111108,1.230130754805197,0.657015389111108
SE.CLO.15Y.PRF.R.PS.2000.3,-1.034865803243662,-0.8735722526507301,1.034865803243662,0.8735722526507301
SE.CLO.15Y.PRF.R.PS.2000.4,-1.1913237985670344,-0.8686003225454545,1.1913237985670344,0.8686003225454545
SE.CLO.15Y.PRF.R.PS.2000.5,-1.1796520898260314,-0.7750719243361601,1.1796520898260314,0.7750719243361601
SE.CLO.15Y.PRF.R.PS.2000.A,-1.1375636490691012,-0.9423546735850415,1.1375636490691012,0.9423546735850415
SE.CLO.15Y.PRF.R.PS.2000.F,-1.0522730896769557,-0.929605688583025,1.0522730896769557,0.929605688583025
SE.CLO.15Y.PRF.R.PS.2000.M,-1.2281838152893754,-0.966730713578093,1.2281838152893754,0.966730713578093
SE.CLO.15Y.PRF.R.PS.2000.R,-1.0053692461035286,-1.1475821251157377,1.0053692461035286,1.1475821251157377
SE.CLO.15Y.PRF.R.PS.2000.U,-1.0706971332135622,-0.9203503118941903,1.0706971332135622,0.9203503118941903
SE.CLO.15Y.PRF.R.PS.2006.1,-0.7939143961274667,-0.7939143961274656,0.7939143961274667,0.7939143961274656
SE.CLO.15Y.PRF.R.PS.2006.2,-1.0578746696992392,-0.7754385980240868,1.0578746696992392,0.7754385980240868
SE.CLO.15Y.PRF.R.PS.2006.3,-1.2484003265321628,-1.3155359088338345,1.2484003265321628,1.3155359088338345
SE.CLO.15Y.PRF.R.PS.2006.4,-1.3191712804684217,-1.2334739817625344,1.3191712804684217,1.2334739817625344
SE.CLO.15Y.PRF.R.PS.2006.5,-1.1246655046865057,-1.0474030086274164,1.1246655046865057,1.0474030086274164
SE.CLO.15Y.PRF.R.PS.2006.A,-1.3043576541179078,-1.1623129432363022,1.3043576541179078,1.1623129432363022
SE.CLO.15Y.PRF.R.PS.2006.F,-1.2804091657465018,-1.0900195736731373,1.2804091657465018,1.0900195736731373
SE.CLO.15Y.PRF.R.PS.2006.M,-1.1363635551550824,-0.9214177551540594,1.1363635551550824,0.9214177551540594
SE.CLO.15Y.PRF.R.PS.2006.R,-0.9784498146814011,-0.978449814681401,0.9784498146814011,0.978449814681401
SE.CLO.15Y.PRF.R.PS.2006.U,-1.268016776402916,-1.0639002930273171,1.268016776402916,1.0639002930273171
SE.CLO.15Y.PRF.R.PS.2009.1,-0.8171111852557126,-0.8171111852557111,0.8171111852557126,0.8171111852557111
SE.CLO.15Y.PRF.R.PS.2009.2,-1.0736312311170164,-1.0042116066229168,1.0736312311170164,1.0042116066229168
SE.CLO.15Y.PRF.R.PS.2009.3,-1.4311811896756224,-1.3342421380408245,1.4311811896756224,1.3342421380408245
SE.CLO.15Y.PRF.R.PS.2009.4,-1.5840710341888067,-1.158274715656279,1.5840710341888067,1.158274715656279
SE.CLO.15Y.PRF.R.PS.2009.5,-1.2972421328781745,-1.027924525001806,1.2972421328781745,1.027924525001806
SE.CLO.15Y.PRF.R.PS.2009.A,-1.2153665585801545,-1.310560623413047,1.2153665585801545,1.310560623413047
SE.CLO.15Y.PRF.R.PS.2009.F,-1.616190261166807,-1.4155976037070928,1.616190261166807,1.4155976037070928
SE.CLO.15Y.PRF.R.PS.2009.M,-1.0176588014309147,-1.017658801430912,1.0176588014309147,1.017658801430912
SE.CLO.15Y.PRF.R.PS.2009.R,-0.7834982824207433,-0.7834982824207404,0.7834982824207433,0.7834982824207404
SE.CLO.15Y.PRF.R.PS.2009.U,-1.2565869395791356,-1.2520250634528434,1.2565869395791356,1.2520250634528434
SE.CLO.15Y.PRF.R.PS.2012.1,-0.8924777343055699,-0.8924777343055736,0.8924777343055699,0.8924777343055736
SE.CLO.15Y.PRF.R.PS.2012.2,-1.1073780977629024,-1.0299476329874409,1.1073780977629024,1.0299476329874409
SE.CLO.15Y.PRF.R.PS.2012.3,-1.25168320820754,-1.111291904640863,1.25168320820754,1.111291904640863
SE.CLO.15Y.PRF.R.PS.2012.4,-1.4120847794595526,-0.8820933712015887,1.4120847794595526,0.8820933712015887
SE.CLO.15Y.PRF.R.PS.2012.5,-1.3852505405273055,-0.9518313712485318,1.3852505405273055,0.9518313712485318
SE.CLO.15Y.PRF.R.PS.2012.A,-1.0940590735090214,-1.094059073509025,1.0940590735090214,1.094059073509025
SE.CLO.15Y.PRF.R.PS.2012.F,-1.3901206087529412,-1.0176567832113201,1.3901206087529412,1.0176567832113201
SE.CLO.15Y.PRF.R.PS.2012.M,-1.0855056891090702,-1.0855056891090673,1.0855056891090702,1.0855056891090673
SE.CLO.15Y.PRF.R.PS.2012.R,-0.9368607223187927,-1.139712352974667,0.9368607223187927,1.139712352974667
SE.CLO.15Y.PRF.R.PS.2012.U,-1.2376798884207205,-1.2656894715696554,1.2376798884207205,1.2656894715696554
SE.CLO.15Y.PRF.R.PS.2015.1,-0.863369403476441,-0.8633694034764388,0.863369403476441,0.8633694034764388
SE.CLO.15Y.PRF.R.PS.2015.2,-1.1906540329667297,-1.2364179561912605,1.1906540329667297,1.2364179561912605
SE.CLO.15Y.PRF.R.PS.2015.3,-1.4024780229092781,-1.2647054709704757,1.4024780229092781,1.2647054709704757
SE.CLO.15Y.PRF.R.PS.2015.4,-1.4194047880215412,-1.2533136381673335,1.4194047880215412,1.2533136381673335
SE.CLO.15Y.PRF.R.PS.2015.5,-1.4769917691353565,-1.2942307800620028,1.4769917691353565,1.2942307800620028
SE.CLO.15Y.PRF.R.PS.2015.A,-1.080525938764542,-1.3370674481523193,1.080525938764542,1.3370674481523193
SE.CLO.15Y.PRF.R.PS.2015.F,-1.1657448017051335,-1.2420390299973216,1.1657448017051335,1.2420390299973216
SE.CLO.15Y.PRF.R.PS.2015.M,-1.2045425344760001,-1.13003074277662,1.2045425344760001,1.13003074277662
SE.CLO.15Y.PRF.R.PS.2015.R,-0.6013935790345674,-0.6013935790345664,0.6013935790345674,0.6013935790345664
SE.CLO.15Y.PRF.R.PS.2015.U,-1.4499625814723207,-1.216091623649883,1.4499625814723207,1.216091623649883
SE.CLO.15Y.PRF.R.PS.2018.1,-0.5428308079986383,-0.5428308079986416,0.5428308079986383,0.5428308079986416
SE.CLO.15Y.PRF.R.PS.2018.2,-0.9173538241356227,-0.9173538241356227,0.9173538241356227,0.9173538241356227
SE.CLO.15Y.PRF.R.PS.2018.3,-1.0299692762420585,-1.0299692762420634,1.0299692762420585,1.0299692762420634
SE.CLO.15Y.PRF.R.PS.2018.4,-1.4285312737449463,-1.4802875632110113,1.4285312737449463,1.4802875632110113
SE.CLO.15Y.PRF.R.PS.2018.5,-1.239412896104982,-1.1922384831866717,1.239412896104982,1.1922384831866717
SE.CLO.15Y.PRF.R.PS.2018.A,-1.058182055349403,-1.0581820553494041,1.058182055349403,1.0581820553494041
SE.CLO.15Y.PRF.R.PS.2018.F,-1.304085516621051,-1.3023197894230423,1.304085516621051,1.3023197894230423
SE.CLO.15Y.PRF.R.PS.2018.M,-1.1685299645408556,-1.168529964540864,1.1685299645408556,1.168529964540864
SE.CLO.15Y.PRF.R.PS.2018.R,0.07851529751411446,0.07851529751411543,0.07851529751411446,0.07851529751411543
SE.CLO.15Y.PRF.R.PS.2018.U,-0.9427371602646705,-0.9427371602646677,0.9427371602646705,0.9427371602646677
SE.CLO.15Y.PRF.R.PSD.2017.1,-0.31224792102418947,-0.31224792102418947,0.31224792102418947,0.31224792102418947
SE.CLO.15Y.PRF.R.PSD.2017.2,-0.506493028456767,-0.506493028456767,0.506493028456767,0.506493028456767
SE.CLO.15Y.PRF.R.PSD.2017.3,-0.9610822701911725,-0.9610822701911725,0.9610822701911725,0.9610822701911725
SE.CLO.15Y.PRF.R.PSD.2017.4,-0.74897367883894,-0.74897367883894,0.74897367883894,0.74897367883894
SE.CLO.15Y.PRF.R.PSD.2017.5,-1.5818373770094631,-1.5818373770094631,1.5818373770094631,1.5818373770094631
SE.CLO.15Y.PRF.R.PSD.2017.A,-1.3259274929177207,-1.3259274929177212,1.3259274929177207,1.3259274929177212
SE.CLO.15Y.PRF.R.PSD.2017.F,-1.2731894264969987,-1.273189426496998,1.2731894264969987,1.273189426496998
SE.CLO.15Y.PRF.R.PSD.2017.M,-1.2858437226201456,-1.2858437226201456,1.2858437226201456,1.2858437226201456
SE.CLO.15Y.PRF.R.PSD.2017.R,0.8074332615399772,0.8074332615399772,0.8074332615399772,0.8074332615399772
SE.CLO.15Y.PRF.R.PSD.2017.U,-1.1950531996891303,-1.1950531996891303,1.1950531996891303,1.1950531996891303
SE.CLO.15Y.PRF.S.PS.2000.1,-0.2731362527125791,-0.2731362527125766,0.2731362527125791,0.2731362527125766
SE.CLO.15Y.PRF.S.PS.2000.2,-0.8698137951371598,-0.7262669531045196,0.8698137951371598,0.7262669531045196
SE.CLO.15Y.PRF.S.PS.2000.3,-1.061410020509343,-0.9433990847942736,1.061410020509343,0.9433990847942736
SE.CLO.15Y.PRF.S.PS.2000.4,-1.135576057397294,-0.9070318671221299,1.135576057397294,0.9070318671221299
SE.CLO.15Y.PRF.S.PS.2000.5,-1.0682752842346785,-1.0244831526532374,1.0682752842346785,1.0244831526532374
SE.CLO.15Y.PRF.S.PS.2000.A,-0.9170541296035365,-0.7852680680295957,0.9170541296035365,0.7852680680295957
SE.CLO.15Y.PRF.S.PS.2000.F,-0.9238515802538906,-0.7934248963950191,0.9238515802538906,0.7934248963950191
SE.CLO.15Y.PRF.S.PS.2000.M,-1.046610108208299,-0.9309820489421111,1.046610108208299,0.9309820489421111
SE.CLO.15Y.PRF.S.PS.2000.R,-0.4856089538734706,-0.48560895387347064,0.4856089538734706,0.48560895387347064
SE.CLO.15Y.PRF.S.PS.2000.U,-0.8783907529283655,-0.8784644082655629,0.8783907529283655,0.8784644082655629
SE.CLO.15Y.PRF.S.PS.2006.1,-1.304013163871614,-1.2033767482843287,1.304013163871614,1.2033767482843287
SE.CLO.15Y.PRF.S.PS.2006.2,-1.4080913465539602,-1.055733757782992,1.4080913465539602,1.055733757782992
SE.CLO.15Y.PRF.S.PS.2006.3,-1.4350856730637032,-0.9470277528388604,1.4350856730637032,0.9470277528388604
SE.CLO.15Y.PRF.S.PS.2006.4,-1.4517864104835312,-0.7713334121822304,1.4517864104835312,0.7713334121822304
SE.CLO.15Y.PRF.S.PS.2006.5,-1.3412415127674513,-0.9824975478054098,1.3412415127674513,0.9824975478054098
SE.CLO.15Y.PRF.S.PS.2006.A,-1.3374706785301094,-1.0870765083063711,1.3374706785301094,1.0870765083063711
SE.CLO.15Y.PRF.S.PS.2006.F,-1.3445750967587822,-0.882004163959548,1.3445750967587822,0.882004163959548
SE.CLO.15Y.PRF.S.PS.2006.M,-1.2430358354907698,-1.256801304327264,1.2430358354907698,1.256801304327264
SE.CLO.15Y.PRF.S.PS.2006.R,-1.343823766362651,-1.3623781926370984,1.343823766362651,1.3623781926370984
SE.CLO.15Y.PRF.S.PS.2006.U,-1.3800161465087786,-1.1420913078237942,1.3800161465087786,1.1420913078237942
SE.CLO.15Y.PRF.S.PS.2009.1,-1.2224697990364957,-1.2224697990364952,1.2224697990364957,1.2224697990364952
SE.CLO.15Y.PRF.S.PS.2009.2,-1.508416599937032,-1.460110427033549,1.508416599937032,1.460110427033549
SE.CLO.15Y.PRF.S.PS.2009.3,-1.7715954569494736,-1.597513203708589,1.7715954569494736,1.597513203708589
SE.CLO.15Y.PRF.S.PS.2009.4,-1.588147492573503,-1.6694092594705896,1.588147492573503,1.6694092594705896
SE.CLO.15Y.PRF.S.PS.2009.5,-1.4586356293465121,-1.2325960701208494,1.4586356293465121,1.2325960701208494
SE.CLO.15Y.PRF.S.PS.2009.A,-1.5645121361994916,-1.5168301745018078,1.5645121361994916,1.5168301745018078
SE.CLO.15Y.PRF.S.PS.2009.F,-1.4587676179531004,-1.4123233664107404,1.4587676179531004,1.4123233664107404
SE.CLO.15Y.PRF.S.PS.2009.M,-1.5487338459980606,-1.5062190128865798,1.5487338459980606,1.5062190128865798
SE.CLO.15Y.PRF.S.PS.2009.R,-1.373466565692116,-1.3734665656921157,1.373466565692116,1.3734665656921157
SE.CLO.15Y.PRF.S.PS.2009.U,-1.5182215872074614,-1.4763128638831746,1.5182215872074614,1.4763128638831746
SE.CLO.15Y.PRF.S.PS.2012.1,-0.9256381149358169,-0.9256381149358183,0.9256381149358169,0.9256381149358183
SE.CLO.15Y.PRF.S.PS.2012.2,-1.2424445688930996,-1.1033386273766188,1.2424445688930996,1.1033386273766188
SE.CLO.15Y.PRF.S.PS.2012.3,-1.348262911986412,-1.2646804447901954,1.348262911986412,1.2646804447901954
SE.CLO.15Y.PRF.S.PS.2012.4,-1.4934468216246874,-1.318338043366596,1.4934468216246874,1.318338043366596
SE.CLO.15Y.PRF.S.PS.2012.5,-1.3782681727499173,-1.1434520693743064,1.3782681727499173,1.1434520693743064
SE.CLO.15Y.PRF.S.PS.2012.A,-1.3623285381631656,-1.1716410536194517,1.3623285381631656,1.1716410536194517
SE.CLO.15Y.PRF.S.PS.2012.F,-1.314383073401286,-1.2273623737163417,1.314383073401286,1.2273623737163417
SE.CLO.15Y.PRF.S.PS.2012.M,-1.313194585118945,-1.163866823015731,1.313194585118945,1.163866823015731
SE.CLO.15Y.PRF.S.PS.2012.R,-1.2675725955542727,-1.2344874338240057,1.2675725955542727,1.2344874338240057
SE.CLO.15Y.PRF.S.PS.2012.U,-1.367248976428288,-1.2226411635575067,1.367248976428288,1.2226411635575067
SE.CLO.15Y.PRF.S.PS.2015.1,-1.0200711853159345,-1.020071185315938,1.0200711853159345,1.020071185315938
SE.CLO.15Y.PRF.S.PS.2015.2,-1.37749013664996,-1.3301530910016148,1.37749013664996,1.3301530910016148
SE.CLO.15Y.PRF.S.PS.2015.3,-1.227787008595231,-1.0298548038997464,1.227787008595231,1.0298548038997464
SE.CLO.15Y.PRF.S.PS.2015.4,-1.4686086853052058,-1.54522222231174,1.4686086853052058,1.54522222231174
SE.CLO.15Y.PRF.S.PS.2015.5,-1.2872113238137488,-1.288649292671734,1.2872113238137488,1.288649292671734
SE.CLO.15Y.PRF.S.PS.2015.A,-1.1281304150222278,-1.157879325492582,1.1281304150222278,1.157879325492582
SE.CLO.15Y.PRF.S.PS.2015.F,-1.0217631631913189,-0.9959777615603683,1.0217631631913189,0.9959777615603683
SE.CLO.15Y.PRF.S.PS.2015.M,-1.1217558166474473,-1.1097251936376369,1.1217558166474473,1.1097251936376369
SE.CLO.15Y.PRF.S.PS.2015.R,-0.7055332794440645,-0.7055332794440645,0.7055332794440645,0.7055332794440645
SE.CLO.15Y.PRF.S.PS.2015.U,-1.0931163808094173,-0.991726574981617,1.0931163808094173,0.991726574981617
SE.CLO.15Y.PRF.S.PS.2018.1,-0.43230321435087354,-0.43230321435087016,0.43230321435087354,0.43230321435087016
SE.CLO.15Y.PRF.S.PS.2018.2,-0.9239395909166864,-0.9239395909166818,0.9239395909166864,0.9239395909166818
SE.CLO.15Y.PRF.S.PS.2018.3,-1.1266055718597512,-1.1353936226335113,1.1266055718597512,1.1353936226335113
SE.CLO.15Y.PRF.S.PS.2018.4,-1.16334879175513,-1.1117468226711582,1.16334879175513,1.1117468226711582
SE.CLO.15Y.PRF.S.PS.2018.5,-1.1135725607019833,-1.0628470760032946,1.1135725607019833,1.0628470760032946
SE.CLO.15Y.PRF.S.PS.2018.A,-1.2823167200158467,-1.2790826108841375,1.2823167200158467,1.2790826108841375
SE.CLO.15Y.PRF.S.PS.2018.F,-1.1556758558175282,-1.0076409367231591,1.1556758558175282,1.0076409367231591
SE.CLO.15Y.PRF.S.PS.2018.M,-1.3544912055130391,-1.3086229830043072,1.3544912055130391,1.3086229830043072
SE.CLO.15Y.PRF.S.PS.2018.R,-0.418638323728271,-0.41863832372827,0.418638323728271,0.41863832372827
SE.CLO.15Y.PRF.S.PS.2018.U,-1.1406267114189772,-1.2669075285377218,1.1406267114189772,1.2669075285377218
SE.CLO.15Y.PRF.S.PSD.2017.1,0.13948124708716728,0.13948124708716678,0.13948124708716728,0.13948124708716678
SE.CLO.15Y.PRF.S.PSD.2017.2,-0.06038445795762579,-0.06038445795762579,0.06038445795762579,0.06038445795762579
SE.CLO.15Y.PRF.S.PSD.2017.3,-0.5176672351444446,-0.5176672351444438,0.5176672351444446,0.5176672351444438
SE.CLO.15Y.PRF.S.PSD.2017.4,-0.6031292034777447,-0.6031292034777442,0.6031292034777447,0.6031292034777442
SE.CLO.15Y.PRF.S.PSD.2017.5,-1.474054254372544,-1.474054254372544,1.474054254372544,1.474054254372544
SE.CLO.15Y.PRF.S.PSD.2017.A,-1.0887434678699806,-1.0887434678699808,1.0887434678699806,1.0887434678699808
SE.CLO.15Y.PRF.S.PSD.2017.F,-1.1287852893344055,-1.1287852893344057,1.1287852893344055,1.1287852893344057
SE.CLO.15Y.PRF.S.PSD.2017.M,-1.0337824764204269,-1.0337824764204269,1.0337824764204269,1.0337824764204269
SE.CLO.15Y.PRF.S.PSD.2017.R,1.0324115316608589,1.0324115316608589,1.0324115316608589,1.0324115316608589
SE.CLO.15Y.PRF.S.PSD.2017.U,-1.3411306541063694,-1.3411306541063694,1.3411306541063694,1.3411306541063694
SE.CLO.2.LDGAP.M.PSC.2014.A,-0.07953011854397711,-0.4496895179418585,0.07953011854397711,0.4496895179418585
SE.CLO.2.LDGAP.M.PSC.2014.F,-0.514206666924829,-0.5142066669248312,0.514206666924829,0.5142066669248312
SE.CLO.2.LDGAP.M.PSC.2014.M,-0.019903802123472796,-0.019903802123472793,0.019903802123472796,0.019903802123472793
SE.CLO.2.LDGAP.M.PSC.2014.R,-0.128548600546137,-0.6322050845781875,0.128548600546137,0.6322050845781875
SE.CLO.2.LDGAP.M.PSC.2014.U,0.09105988319054979,0.09105988319054979,0.09105988319054979,0.09105988319054979
SE.CLO.2.LDGAP.M.PSC.2019.A,0.35574379889707963,0.35574379889707847,0.35574379889707963,0.35574379889707847
SE.CLO.2.LDGAP.M.PSC.2019.F,0.48868937575899973,0.48868937575900195,0.48868937575899973,0.48868937575900195
SE.CLO.2.LDGAP.M.PSC.2019.M,0.10855159671650323,0.10855159671650323,0.10855159671650323,0.10855159671650323
SE.CLO.2.LDGAP.M.PSC.2019.R,-0.4507583438601796,-0.4507583438601796,0.4507583438601796,0.4507583438601796
SE.CLO.2.LDGAP.M.PSC.2019.U,0.3093311158982757,0.30933111589827567,0.3093311158982757,0.30933111589827567
SE.CLO.2.LDGAP.R.PSC.2014.A,0.6593126990568006,1.818175995988131,0.6593126990568006,1.818175995988131
SE.CLO.2.LDGAP.R.PSC.2014.F,0.36591225693195883,0.36591225693195883,0.36591225693195883,0.36591225693195883
SE.CLO.2.LDGAP.R.PSC.2014.M,0.9679908155129711,0.46873116813063614,0.9679908155129711,0.46873116813063614
SE.CLO.2.LDGAP.R.PSC.2014.R,0.3672612924730787,1.5579516755075293,0.3672612924730787,1.5579516755075293
SE.CLO.2.LDGAP.R.PSC.2014.U,0.5429911633899459,0.5429911633899447,0.5429911633899459,0.5429911633899447
SE.CLO.2.LDGAP.R.PSC.2019.A,0.22264715081688263,0.22264715081688038,0.22264715081688263,0.22264715081688038
SE.CLO.2.LDGAP.R.PSC.2019.F,0.10064665659153811,0.10064665659153813,0.10064665659153811,0.10064665659153813
SE.CLO.2.LDGAP.R.PSC.2019.M,0.6779996175172339,0.6779996175172338,0.6779996175172339,0.6779996175172338
SE.CLO.2.LDGAP.R.PSC.2019.R,0.6161465284260491,0.20558089871217963,0.6161465284260491,0.20558089871217963
SE.CLO.2.LDGAP.R.PSC.2019.U,0.09754697670160772,0.09754697670160627,0.09754697670160772,0.09754697670160627
SE.CLO.2.LDSEV.M.PSC.2014.A,0.520446674950905,0.5204466749509044,0.520446674950905,0.5204466749509044
SE.CLO.2.LDSEV.M.PSC.2014.F,0.08042668396274112,0.08042668396274112,0.08042668396274112,0.08042668396274112
SE.CLO.2.LDSEV.M.PSC.2014.M,-0.03347191028016173,-0.03347191028016173,0.03347191028016173,0.03347191028016173
SE.CLO.2.LDSEV.M.PSC.2014.R,0.4667819940652415,0.4667819940652416,0.4667819940652415,0.4667819940652416
SE.CLO.2.LDSEV.M.PSC.2014.U,0.6811111604813977,0.6811111604813979,0.6811111604813977,0.6811111604813979
SE.CLO.2.LDSEV.M.PSC.2019.A,0.7150472780323138,0.14563489482512934,0.7150472780323138,0.14563489482512934
SE.CLO.2.LDSEV.M.PSC.2019.F,0.7109913232982025,0.16453431872408858,0.7109913232982025,0.16453431872408858
SE.CLO.2.LDSEV.M.PSC.2019.M,0.7237091738963669,0.1423175872580058,0.7237091738963669,0.1423175872580058
SE.CLO.2.LDSEV.M.PSC.2019.R,0.07374803173441215,0.07374803173441216,0.07374803173441215,0.07374803173441216
SE.CLO.2.LDSEV.M.PSC.2019.U,0.9179954057110853,0.9179954057110851,0.9179954057110853,0.9179954057110851
SE.CLO.2.LDSEV.R.PSC.2014.A,0.6052888441820077,0.6052888441820078,0.6052888441820077,0.6052888441820078
SE.CLO.2.LDSEV.R.PSC.2014.F,0.7303992808821795,0.04020775862729426,0.7303992808821795,0.04020775862729426
SE.CLO.2.LDSEV.R.PSC.2014.M,1.1585127255254124,1.158512725525414,1.1585127255254124,1.158512725525414
SE.CLO.2.LDSEV.R.PSC.2014.R,0.9438728346507673,1.635330896390718,0.9438728346507673,1.635330896390718
SE.CLO.2.LDSEV.R.PSC.2014.U,0.6428170355312977,-0.294101580787353,0.6428170355312977,0.294101580787353
SE.CLO.2.LDSEV.R.PSC.2019.A,0.8278755329733887,0.8278755329733876,0.8278755329733887,0.8278755329733876
SE.CLO.2.LDSEV.R.PSC.2019.F,0.5988743251670614,0.5988743251670614,0.5988743251670614,0.5988743251670614
SE.CLO.2.LDSEV.R.PSC.2019.M,1.2741346196103318,0.9562310110183648,1.2741346196103318,0.9562310110183648
SE.CLO.2.LDSEV.R.PSC.2019.R,1.0119789820320064,-0.582964428224332,1.0119789820320064,0.582964428224332
SE.CLO.2.LDSEV.R.PSC.2019.U,0.5186231196173791,-0.07330880792931255,0.5186231196173791,0.07330880792931255
SE.CLO.2.PRF.M.PSC.2014.A,0.5608773226797489,0.5608773226797491,0.5608773226797489,0.5608773226797491
SE.CLO.2.PRF.M.PSC.2014.F,1.3720714112482582,1.3720714112482582,1.3720714112482582,1.3720714112482582
SE.CLO.2.PRF.M.PSC.2014.M,-0.7353277336038738,-0.7353277336038738,0.7353277336038738,0.7353277336038738
SE.CLO.2.PRF.M.PSC.2014.R,0.6886604020398042,0.6886604020398043,0.6886604020398042,0.6886604020398043
SE.CLO.2.PRF.M.PSC.2014.U,0.09707089913876119,0.09707089913876119,0.09707089913876119,0.09707089913876119
SE.CLO.2.PRF.M.PSC.2019.A,0.7819006012557475,0.7819006012557472,0.7819006012557475,0.7819006012557472
SE.CLO.2.PRF.M.PSC.2019.F,0.7425153237772181,0.7425153237772142,0.7425153237772181,0.7425153237772142
SE.CLO.2.PRF.M.PSC.2019.M,0.6087852045843283,0.6087852045843325,0.6087852045843283,0.6087852045843325
SE.CLO.2.PRF.M.PSC.2019.R,0.7156260994441098,0.715626099444108,0.7156260994441098,0.715626099444108
SE.CLO.2.PRF.M.PSC.2019.U,1.0931684959981234,1.0931684959981234,1.0931684959981234,1.0931684959981234
SE.CLO.2.PRF.R.PSC.2014.A,1.2076647472982085,0.7107185648954518,1.2076647472982085,0.7107185648954518
SE.CLO.2.PRF.R.PSC.2014.F,1.2878310726147892,0.8466813115544465,1.2878310726147892,0.8466813115544465
SE.CLO.2.PRF.R.PSC.2014.M,1.1352978072485145,1.1352978072485145,1.1352978072485145,1.1352978072485145
SE.CLO.2.PRF.R.PSC.2014.R,1.0209981952858636,0.3559157394170785,1.0209981952858636,0.3559157394170785
SE.CLO.2.PRF.R.PSC.2014.U,0.48076759204741276,0.4807675920474128,0.48076759204741276,0.4807675920474128
SE.CLO.2.PRF.R.PSC.2019.A,0.8429893047790643,0.4473387593976643,0.8429893047790643,0.4473387593976643
SE.CLO.2.PRF.R.PSC.2019.F,0.8156521035815703,0.8156521035815703,0.8156521035815703,0.8156521035815703
SE.CLO.2.PRF.R.PSC.2019.M,0.5374945752274966,0.5374945752274998,0.5374945752274966,0.5374945752274998
SE.CLO.2.PRF.R.PSC.2019.R,0.14811599270558184,-0.6090760956954863,0.14811599270558184,0.6090760956954863
SE.CLO.2.PRF.R.PSC.2019.U,0.7763803997921953,0.7763803997921953,0.7763803997921953,0.7763803997921953
SE.CLO.3.LDGAP.R.PRL.2001.1,2.1213203435596424,2.1213203435596424,2.1213203435596424,2.1213203435596424
SE.CLO.3.LDGAP.R.PRL.2001.2,2.1213203435596464,2.1213203435596464,2.1213203435596464,2.1213203435596464
SE.CLO.3.LDGAP.R.PRL.2001.3,2.1213203435596437,2.1213203435596437,2.1213203435596437,2.1213203435596437
SE.CLO.3.LDGAP.R.PRL.2001.4,2.1213203435596415,2.1213203435596415,2.1213203435596415,2.1213203435596415
SE.CLO.3.LDGAP.R.PRL.2001.5,2.1213203435596424,2.1213203435596424,2.1213203435596424,2.1213203435596424
SE.CLO.3.LDGAP.R.PRL.2001.A,2.1213203435596455,2.1213203435596455,2.1213203435596455,2.1213203435596455
SE.CLO.3.LDGAP.R.PRL.2001.F,2.121320343559638,2.121320343559638,2.121320343559638,2.121320343559638
SE.CLO.3.LDGAP.R.PRL.2001.M,2.1213203435596424,2.1213203435596424,2.1213203435596424,2.1213203435596424
SE.CLO.3.LDGAP.R.PRL.2001.R,2.1213203435596406,2.1213203435596406,2.1213203435596406,2.1213203435596406
SE.CLO.3.LDGAP.R.PRL.2001.U,2.1213203435596424,2.1213203435596424,2.1213203435596424,2.1213203435596424
SE.CLO.3.LDGAP.R.PRL.2016.1,0.0,0.0,0.0,0.0
SE.CLO.3.LDGAP.R.PRL.2016.2,0.0,0.0,0.0,0.0
SE.CLO.3.LDGAP.R.PRL.2016.3,0.0,0.0,0.0,0.0
SE.CLO.3.LDGAP.R.PRL.2016.4,0.0,0.0,0.0,0.0
SE.CLO.3.LDGAP.R.PRL.2016.5,0.0,0.0,0.0,0.0
SE.CLO.3.LDGAP.R.PRL.2016.A,0.0,0.0,0.0,0.0
SE.CLO.3.LDGAP.R.PRL.2016.F,0.0,0.0,0.0,0.0
SE.CLO.3.LDGAP.R.PRL.2016.M,0.0,0.0,0.0,0.0
SE.CLO.3.LDGAP.R.PRL.2016.R,0.0,0.0,0.0,0.0
SE.CLO.3.LDGAP.R.PRL.2016.U,0.0,0.0,0.0,0.0
SE.CLO.3.LDSEV.R.PRL.2001.1,2.1213203435596406,2.1213203435596406,2.1213203435596406,2.1213203435596406
SE.CLO.3.LDSEV.R.PRL.2001.2,2.121320343559645,2.121320343559645,2.121320343559645,2.121320343559645
SE.CLO.3.LDSEV.R.PRL.2001.3,2.121320343559643,2.121320343559643,2.121320343559643,2.121320343559643
SE.CLO.3.LDSEV.R.PRL.2001.4,2.1213203435596433,2.1213203435596433,2.1213203435596433,2.1213203435596433
SE.CLO.3.LDSEV.R.PRL.2001.5,2.1213203435596473,2.1213203435596473,2.1213203435596473,2.1213203435596473
SE.CLO.3.LDSEV.R.PRL.2001.A,2.1213203435596406,2.1213203435596406,2.1213203435596406,2.1213203435596406
SE.CLO.3.LDSEV.R.PRL.2001.F,2.121320343559641,2.121320343559641,2.121320343559641,2.121320343559641
SE.CLO.3.LDSEV.R.PRL.2001.M,2.121320343559641,2.121320343559641,2.121320343559641,2.121320343559641
SE.CLO.3.LDSEV.R.PRL.2001.R,2.121320343559642,2.121320343559642,2.121320343559642,2.121320343559642
SE.CLO.3.LDSEV.R.PRL.2001.U,2.121320343559641,2.121320343559641,2.121320343559641,2.121320343559641
SE.CLO.3.LDSEV.R.PRL.2016.1,0.0,0.0,0.0,0.0
SE.CLO.3.LDSEV.R.PRL.2016.2,0.0,0.0,0.0,0.0
SE.CLO.3.LDSEV.R.PRL.2016.3,0.0,0.0,0.0,0.0
SE.CLO.3.LDSEV.R.PRL.2016.4,0.0,0.0,0.0,0.0
SE.CLO.3.LDSEV.R.PRL.2016.5,0.0,0.0,0.0,0.0
SE.CLO.3.LDSEV.R.PRL.2016.A,0.0,0.0,0.0,0.0
SE.CLO.3.LDSEV.R.PRL.2016.F,0.0,0.0,0.0,0.0
SE.CLO.3.LDSEV.R.PRL.2016.M,0.0,0.0,0.0,0.0
SE.CLO.3.LDSEV.R.PRL.2016.R,0.0,0.0,0.0,0.0
SE.CLO.3.LDSEV.R.PRL.2016.U,0.0,0.0,0.0,0.0
SE.CLO.3.PRF.R.PRL.2001.1,2.1213203435596424,2.1213203435596424,2.1213203435596424,2.1213203435596424
SE.CLO.3.PRF.R.PRL.2001.2,2.1213203435596424,2.1213203435596424,2.1213203435596424,2.1213203435596424
SE.CLO.3.PRF.R.PRL.2001.3,2.1213203435596424,2.1213203435596424,2.1213203435596424,2.1213203435596424
SE.CLO.3.PRF.R.PRL.2001.4,2.12132034355959,2.12132034355959,2.12132034355959,2.12132034355959
SE.CLO.3.PRF.R.PRL.2001.5,2.121320343559643,2.121320343559643,2.121320343559643,2.121320343559643
SE.CLO.3.PRF.R.PRL.2001.A,2.121320343559643,2.121320343559643,2.121320343559643,2.121320343559643
SE.CLO.3.PRF.R.PRL.2001.F,2.1213203435595878,2.1213203435595878,2.1213203435595878,2.1213203435595878
SE.CLO.3.PRF.R.PRL.2001.M,2.121320343559643,2.121320343559643,2.121320343559643,2.121320343559643
SE.CLO.3.PRF.R.PRL.2001.R,2.1213203435596055,2.1213203435596055,2.1213203435596055,2.1213203435596055
SE.CLO.3.PRF.R.PRL.2001.U,2.1213203435594727,2.1213203435594727,2.1213203435594727,2.1213203435594727
SE.CLO.3.PRF.R.PRL.2016.1,0.0,0.0,0.0,0.0
SE.CLO.3.PRF.R.PRL.2016.2,0.0,0.0,0.0,0.0
SE.CLO.3.PRF.R.PRL.2016.3,0.0,0.0,0.0,0.0
SE.CLO.3.PRF.R.PRL.2016.4,0.0,0.0,0.0,0.0
SE.CLO.3.PRF.R.PRL.2016.5,0.0,0.0,0.0,0.0
SE.CLO.3.PRF.R.PRL.2016.A,0.0,0.0,0.0,0.0
SE.CLO.3.PRF.R.PRL.2016.F,0.0,0.0,0.0,0.0
SE.CLO.3.PRF.R.PRL.2016.M,0.0,0.0,0.0,0.0
SE.CLO.3.PRF.R.PRL.2016.R,0.0,0.0,0.0,0.0
SE.CLO.3.PRF.R.PRL.2016.U,0.0,0.0,0.0,0.0
SE.CLO.4.LDGAP.M.TMS.2003.A,0.8760093355616185,0.04571982108730139,0.8760093355616185,0.04571982108730139
SE.CLO.4.LDGAP.M.TMS.2003.F,0.8923275417845056,0.0829019599805654,0.8923275417845056,0.0829019599805654
SE.CLO.4.LDGAP.M.TMS.2003.M,0.9550583230380808,0.09572375424359808,0.9550583230380808,0.09572375424359808
SE.CLO.4.LDGAP.M.TMS.2003.R,1.5430983827726334,1.053506425164871,1.5430983827726334,1.053506425164871
SE.CLO.4.LDGAP.M.TMS.2003.U,0.7598048733079069,0.46241713530125955,0.7598048733079069,0.46241713530125955
SE.CLO.4.LDGAP.M.TMS.2007.A,1.236753985701289,1.1075447669323535,1.236753985701289,1.1075447669323535
SE.CLO.4.LDGAP.M.TMS.2007.F,1.2017724382660488,1.154892364268692,1.2017724382660488,1.154892364268692
SE.CLO.4.LDGAP.M.TMS.2007.M,1.3613214466336994,1.0633371805135552,1.3613214466336994,1.0633371805135552
SE.CLO.4.LDGAP.M.TMS.2007.R,1.3243124237171349,1.2984631599646153,1.3243124237171349,1.2984631599646153
SE.CLO.4.LDGAP.M.TMS.2007.U,1.1162117363652468,0.5740947611942423,1.1162117363652468,0.5740947611942423
SE.CLO.4.LDGAP.M.TMS.2011.1,1.238026935247116,0.8475208421255177,1.238026935247116,0.8475208421255177
SE.CLO.4.LDGAP.M.TMS.2011.2,1.5355654946370894,1.4134630639496033,1.5355654946370894,1.4134630639496033
SE.CLO.4.LDGAP.M.TMS.2011.3,1.4153104390702558,1.3322268521555019,1.4153104390702558,1.3322268521555019
SE.CLO.4.LDGAP.M.TMS.2011.4,1.2059267509707423,1.1384378104726514,1.2059267509707423,1.1384378104726514
SE.CLO.4.LDGAP.M.TMS.2011.5,0.7698333403277262,1.1743897654997502,0.7698333403277262,1.1743897654997502
SE.CLO.4.LDGAP.M.TMS.2011.A,0.8791747440118446,1.1988660776003812,0.8791747440118446,1.1988660776003812
SE.CLO.4.LDGAP.M.TMS.2011.F,0.8587901373298311,0.6439374554357375,0.8587901373298311,0.6439374554357375
SE.CLO.4.LDGAP.M.TMS.2011.M,0.9693980370154411,1.3273428750671703,0.9693980370154411,1.3273428750671703
SE.CLO.4.LDGAP.M.TMS.2011.R,0.845056980196345,0.6910265991528666,0.845056980196345,0.6910265991528666
SE.CLO.4.LDGAP.M.TMS.2011.U,1.1913105461328295,0.9337302349220858,1.1913105461328295,0.9337302349220858
SE.CLO.4.LDGAP.M.TMS.2015.1,1.0601892904041317,0.9001347102022317,1.0601892904041317,0.9001347102022317
SE.CLO.4.LDGAP.M.TMS.2015.2,0.7103569352953963,0.7103569352953956,0.7103569352953963,0.7103569352953956
SE.CLO.4.LDGAP.M.TMS.2015.3,0.8423567116972064,1.1790989956992834,0.8423567116972064,1.1790989956992834
SE.CLO.4.LDGAP.M.TMS.2015.4,1.0776814286758385,0.47518687330107984,1.0776814286758385,0.47518687330107984
SE.CLO.4.LDGAP.M.TMS.2015.5,0.5928795310043977,0.5928795310043978,0.5928795310043977,0.5928795310043978
SE.CLO.4.LDGAP.M.TMS.2015.A,1.1803235079933405,1.0254575868194087,1.1803235079933405,1.0254575868194087
SE.CLO.4.LDGAP.M.TMS.2015.F,0.8997978543965313,1.1533025472703744,0.8997978543965313,1.1533025472703744
SE.CLO.4.LDGAP.M.TMS.2015.M,1.1990946669070404,0.792086004582964,1.1990946669070404,0.792086004582964
SE.CLO.4.LDGAP.M.TMS.2015.R,1.3767756295885722,1.192582988521093,1.3767756295885722,1.192582988521093
SE.CLO.4.LDGAP.M.TMS.2015.U,0.8017235647169803,0.6383794317663072,0.8017235647169803,0.6383794317663072
SE.CLO.4.LDGAP.M.TMS.2019.1,0.9986644595014721,0.8068972047526253,0.9986644595014721,0.8068972047526253
SE.CLO.4.LDGAP.M.TMS.2019.2,0.4628605675164089,0.46286056751641147,0.4628605675164089,0.46286056751641147
SE.CLO.4.LDGAP.M.TMS.2019.3,0.8347870904211099,0.8586805127990561,0.8347870904211099,0.8586805127990561
SE.CLO.4.LDGAP.M.TMS.2019.4,1.395943216519448,1.1229184950698197,1.395943216519448,1.1229184950698197
SE.CLO.4.LDGAP.M.TMS.2019.5,2.1213203435596424,2.1213203435596424,2.1213203435596424,2.1213203435596424
SE.CLO.4.LDGAP.M.TMS.2019.A,1.1367179600939445,0.9023327763056018,1.1367179600939445,0.9023327763056018
SE.CLO.4.LDGAP.M.TMS.2019.F,0.986848322651459,0.8669288861272543,0.986848322651459,0.8669288861272543
SE.CLO.4.LDGAP.M.TMS.2019.M,1.2929485078711436,1.0957236623133253,1.2929485078711436,1.0957236623133253
SE.CLO.4.LDGAP.M.TMS.2019.R,0.9032741736163084,0.7731269589778703,0.9032741736163084,0.7731269589778703
SE.CLO.4.LDGAP.M.TMS.2019.U,0.6740418707409244,0.6287137435260141,0.6740418707409244,0.6287137435260141
SE.CLO.4.LDGAP.R.PRL.2001.1,0.5259961026045605,1.3623754868567544,0.5259961026045605,1.3623754868567544
SE.CLO.4.LDGAP.R.PRL.2001.2,1.0333021218995162,0.919009111525194,1.0333021218995162,0.919009111525194
SE.CLO.4.LDGAP.R.PRL.2001.3,0.3773754437853291,0.09883976710354078,0.3773754437853291,0.09883976710354078
SE.CLO.4.LDGAP.R.PRL.2001.4,0.3552844716772252,-0.04281207325975935,0.3552844716772252,0.04281207325975935
SE.CLO.4.LDGAP.R.PRL.2001.5,0.6442168028420585,0.6442168028420585,0.6442168028420585,0.6442168028420585
SE.CLO.4.LDGAP.R.PRL.2001.A,0.8634756961712828,0.6760725566027465,0.8634756961712828,0.6760725566027465
SE.CLO.4.LDGAP.R.PRL.2001.F,0.6807866453824329,0.2432301081402255,0.6807866453824329,0.2432301081402255
SE.CLO.4.LDGAP.R.PRL.2001.M,0.754828847751213,0.5502088715474127,0.754828847751213,0.5502088715474127
SE.CLO.4.LDGAP.R.PRL.2001.R,0.6705117966738627,0.8566259139690008,0.6705117966738627,0.8566259139690008
SE.CLO.4.LDGAP.R.PRL.2001.U,0.643420044547032,0.643420044547032,0.643420044547032,0.643420044547032
SE.CLO.4.LDGAP.R.PRL.2006.1,1.1447669590691143,0.9552870888287897,1.1447669590691143,0.9552870888287897
SE.CLO.4.LDGAP.R.PRL.2006.2,1.2505897746226413,1.0674483395925,1.2505897746226413,1.0674483395925
SE.CLO.4.LDGAP.R.PRL.2006.3,1.1542384115789197,0.9003811496938864,1.1542384115789197,0.9003811496938864
SE.CLO.4.LDGAP.R.PRL.2006.4,1.1576472455718065,1.1698858576852995,1.1576472455718065,1.1698858576852995
SE.CLO.4.LDGAP.R.PRL.2006.5,1.0967285220825518,0.6952087297547126,1.0967285220825518,0.6952087297547126
SE.CLO.4.LDGAP.R.PRL.2006.A,1.2706400529411404,0.9571494514422098,1.2706400529411404,0.9571494514422098
SE.CLO.4.LDGAP.R.PRL.2006.F,1.1514616119526826,0.8107855881559494,1.1514616119526826,0.8107855881559494
SE.CLO.4.LDGAP.R.PRL.2006.M,1.2796816769714752,0.865350781706682,1.2796816769714752,0.865350781706682
SE.CLO.4.LDGAP.R.PRL.2006.R,0.5800372636233141,1.0548213310026944,0.5800372636233141,1.0548213310026944
SE.CLO.4.LDGAP.R.PRL.2006.U,1.2724640073483533,0.6863173967444949,1.2724640073483533,0.6863173967444949
SE.CLO.4.LDGAP.R.PRL.2011.1,1.2173992467505534,0.9413517146901692,1.2173992467505534,0.9413517146901692
SE.CLO.4.LDGAP.R.PRL.2011.2,1.1311272052568166,1.1861760779373716,1.1311272052568166,1.1861760779373716
SE.CLO.4.LDGAP.R.PRL.2011.3,1.153824171581784,1.0339994887129011,1.153824171581784,1.0339994887129011
SE.CLO.4.LDGAP.R.PRL.2011.4,0.7725283415915346,0.5966191243526382,0.7725283415915346,0.5966191243526382
SE.CLO.4.LDGAP.R.PRL.2011.5,0.7347726260091468,0.487701203104605,0.7347726260091468,0.487701203104605
SE.CLO.4.LDGAP.R.PRL.2011.A,1.1423799907241239,1.0987697428609924,1.1423799907241239,1.0987697428609924
SE.CLO.4.LDGAP.R.PRL.2011.F,0.9646872785540477,0.8002921243863873,0.9646872785540477,0.8002921243863873
SE.CLO.4.LDGAP.R.PRL.2011.M,0.9182126244391516,1.2878653522084287,0.9182126244391516,1.2878653522084287
SE.CLO.4.LDGAP.R.PRL.2011.R,1.192384945403634,1.1316817983618184,1.192384945403634,1.1316817983618184
SE.CLO.4.LDGAP.R.PRL.2011.U,1.0025233028456448,0.4935880904928071,1.0025233028456448,0.4935880904928071
SE.CLO.4.LDGAP.R.PRL.2016.1,1.2138879239774523,1.104711961867763,1.2138879239774523,1.104711961867763
SE.CLO.4.LDGAP.R.PRL.2016.2,1.3583843879881559,1.121386821764882,1.3583843879881559,1.121386821764882
SE.CLO.4.LDGAP.R.PRL.2016.3,0.9158959659256779,0.5652163492607559,0.9158959659256779,0.5652163492607559
SE.CLO.4.LDGAP.R.PRL.2016.4,1.1544508766877601,0.7084792773407573,1.1544508766877601,0.7084792773407573
SE.CLO.4.LDGAP.R.PRL.2016.5,1.0288506094577947,1.0288506094577956,1.0288506094577947,1.0288506094577956
SE.CLO.4.LDGAP.R.PRL.2016.A,1.1146773968069237,0.9666186939700114,1.1146773968069237,0.9666186939700114
SE.CLO.4.LDGAP.R.PRL.2016.F,1.1524286887358994,1.0755577940178167,1.1524286887358994,1.0755577940178167
SE.CLO.4.LDGAP.R.PRL.2016.M,1.196246883414685,1.000919242086681,1.196246883414685,1.000919242086681
SE.CLO.4.LDGAP.R.PRL.2016.R,1.2068180890366527,1.1075274424034591,1.2068180890366527,1.1075274424034591
SE.CLO.4.LDGAP.R.PRL.2016.U,1.1288688434671845,0.9756513028788025,1.1288688434671845,0.9756513028788025
SE.CLO.4.LDGAP.S.TMS.2003.A,1.2047991033313858,0.3136345419943405,1.2047991033313858,0.3136345419943405
SE.CLO.4.LDGAP.S.TMS.2003.F,1.06605503723082,-0.005921279772697732,1.06605503723082,0.005921279772697732
SE.CLO.4.LDGAP.S.TMS.2003.M,1.3013453531617283,0.46702901999624946,1.3013453531617283,0.46702901999624946
SE.CLO.4.LDGAP.S.TMS.2003.R,1.545943030441941,1.0425159470736476,1.545943030441941,1.0425159470736476
SE.CLO.4.LDGAP.S.TMS.2003.U,1.2497761965660807,0.35236494361059506,1.2497761965660807,0.35236494361059506
SE.CLO.4.LDGAP.S.TMS.2007.A,1.2124978471197103,1.2946912306700609,1.2124978471197103,1.2946912306700609
SE.CLO.4.LDGAP.S.TMS.2007.F,1.2227513429955397,1.0467682265110232,1.2227513429955397,1.0467682265110232
SE.CLO.4.LDGAP.S.TMS.2007.M,1.2173058177125167,0.9896487735438125,1.2173058177125167,0.9896487735438125
SE.CLO.4.LDGAP.S.TMS.2007.R,0.8500354742559438,0.7725016848809904,0.8500354742559438,0.7725016848809904
SE.CLO.4.LDGAP.S.TMS.2007.U,1.132414056002912,0.9338725780694244,1.132414056002912,0.9338725780694244
SE.CLO.4.LDGAP.S.TMS.2011.1,1.3917845783953804,1.0350118519377316,1.3917845783953804,1.0350118519377316
SE.CLO.4.LDGAP.S.TMS.2011.2,1.0818913934818777,1.2138114744697155,1.0818913934818777,1.2138114744697155
SE.CLO.4.LDGAP.S.TMS.2011.3,1.3781956507535846,1.3675267510433449,1.3781956507535846,1.3675267510433449
SE.CLO.4.LDGAP.S.TMS.2011.4,1.0832317255170703,0.7566640178188772,1.0832317255170703,0.7566640178188772
SE.CLO.4.LDGAP.S.TMS.2011.5,0.9198680577757716,0.711161081716377,0.9198680577757716,0.711161081716377
SE.CLO.4.LDGAP.S.TMS.2011.A,1.1530908429587974,0.7243915827003811,1.1530908429587974,0.7243915827003811
SE.CLO.4.LDGAP.S.TMS.2011.F,1.1016946140349468,0.931712008108135,1.1016946140349468,0.931712008108135
SE.CLO.4.LDGAP.S.TMS.2011.M,1.1340130590525046,0.8524932834452776,1.1340130590525046,0.8524932834452776
SE.CLO.4.LDGAP.S.TMS.2011.R,1.1130639394600417,1.1281765865260893,1.1130639394600417,1.1281765865260893
SE.CLO.4.LDGAP.S.TMS.2011.U,1.1486111562339834,0.9687223919128206,1.1486111562339834,0.9687223919128206
SE.CLO.4.LDGAP.S.TMS.2015.1,1.338687303736247,0.808235913085647,1.338687303736247,0.808235913085647
SE.CLO.4.LDGAP.S.TMS.2015.2,1.437350883657036,1.2533676344221518,1.437350883657036,1.2533676344221518
SE.CLO.4.LDGAP.S.TMS.2015.3,1.151604342903091,0.5729671231908092,1.151604342903091,0.5729671231908092
SE.CLO.4.LDGAP.S.TMS.2015.4,1.4166825602871063,1.3739741260194966,1.4166825602871063,1.3739741260194966
SE.CLO.4.LDGAP.S.TMS.2015.5,0.9217749048066621,0.9217749048066621,0.9217749048066621,0.9217749048066621
SE.CLO.4.LDGAP.S.TMS.2015.A,1.2867830162609153,0.9133735167643997,1.2867830162609153,0.9133735167643997
SE.CLO.4.LDGAP.S.TMS.2015.F,1.2614463028664735,0.8698589140766912,1.2614463028664735,0.8698589140766912
SE.CLO.4.LDGAP.S.TMS.2015.M,1.355167580812124,1.1954923177239967,1.355167580812124,1.1954923177239967
SE.CLO.4.LDGAP.S.TMS.2015.R,1.5447640288825106,1.3366870004734799,1.5447640288825106,1.3366870004734799
SE.CLO.4.LDGAP.S.TMS.2015.U,1.1042101425237982,0.8971172340257891,1.1042101425237982,0.8971172340257891
SE.CLO.4.LDGAP.S.TMS.2019.1,0.7774428884371382,0.5339402287348459,0.7774428884371382,0.5339402287348459
SE.CLO.4.LDGAP.S.TMS.2019.2,0.5817410766610206,0.5817410766610183,0.5817410766610206,0.5817410766610183
SE.CLO.4.LDGAP.S.TMS.2019.3,0.9323705844920235,-0.2607329994467249,0.9323705844920235,0.2607329994467249
SE.CLO.4.LDGAP.S.TMS.2019.4,1.1928789573719938,1.1299080852554317,1.1928789573719938,1.1299080852554317
SE.CLO.4.LDGAP.S.TMS.2019.5,2.121320343559643,2.121320343559643,2.121320343559643,2.121320343559643
SE.CLO.4.LDGAP.S.TMS.2019.A,1.0897203973734468,0.9224528374046983,1.0897203973734468,0.9224528374046983
SE.CLO.4.LDGAP.S.TMS.2019.F,1.1149549834762238,1.0193965723796647,1.1149549834762238,1.0193965723796647
SE.CLO.4.LDGAP.S.TMS.2019.M,0.9493691323003054,0.7136632963012058,0.9493691323003054,0.7136632963012058
SE.CLO.4.LDGAP.S.TMS.2019.R,0.97500707226019,0.8845987613741911,0.97500707226019,0.8845987613741911
SE.CLO.4.LDGAP.S.TMS.2019.U,0.8028810978546795,0.8009126086916298,0.8028810978546795,0.8009126086916298
SE.CLO.4.LDSEV.M.TMS.2003.A,1.0655747678769045,1.2722662374405695,1.0655747678769045,1.2722662374405695
SE.CLO.4.LDSEV.M.TMS.2003.F,1.054388612456433,0.18313710447314677,1.054388612456433,0.18313710447314677
SE.CLO.4.LDSEV.M.TMS.2003.M,1.1083811307051028,1.2867864081390252,1.1083811307051028,1.2867864081390252
SE.CLO.4.LDSEV.M.TMS.2003.R,1.569343455677043,0.8810585974189736,1.569343455677043,0.8810585974189736
SE.CLO.4.LDSEV.M.TMS.2003.U,1.0077043580871898,1.1520156112335687,1.0077043580871898,1.1520156112335687
SE.CLO.4.LDSEV.M.TMS.2007.A,1.228968973748831,1.1951650675783507,1.228968973748831,1.1951650675783507
SE.CLO.4.LDSEV.M.TMS.2007.F,1.1806737737707436,1.2497289487508418,1.1806737737707436,1.2497289487508418
SE.CLO.4.LDSEV.M.TMS.2007.M,1.3549747316822562,1.0460811390730806,1.3549747316822562,1.0460811390730806
SE.CLO.4.LDSEV.M.TMS.2007.R,1.4553183227003292,1.1852557036043463,1.4553183227003292,1.1852557036043463
SE.CLO.4.LDSEV.M.TMS.2007.U,1.2026376084142618,1.1054774157193028,1.2026376084142618,1.1054774157193028
SE.CLO.4.LDSEV.M.TMS.2011.1,1.42880469798722,1.192139978360539,1.42880469798722,1.192139978360539
SE.CLO.4.LDSEV.M.TMS.2011.2,1.548225106115905,1.352757436290545,1.548225106115905,1.352757436290545
SE.CLO.4.LDSEV.M.TMS.2011.3,1.5364613191557552,1.4956040671378712,1.5364613191557552,1.4956040671378712
SE.CLO.4.LDSEV.M.TMS.2011.4,1.338915912854757,1.1438594469640275,1.338915912854757,1.1438594469640275
SE.CLO.4.LDSEV.M.TMS.2011.5,1.144597256264121,1.5869252006271102,1.144597256264121,1.5869252006271102
SE.CLO.4.LDSEV.M.TMS.2011.A,1.1150478221574103,1.3569126425025506,1.1150478221574103,1.3569126425025506
SE.CLO.4.LDSEV.M.TMS.2011.F,1.0498821602749306,0.9879428918333827,1.0498821602749306,0.9879428918333827
SE.CLO.4.LDSEV.M.TMS.2011.M,1.1321261440348973,1.5285728716569325,1.1321261440348973,1.5285728716569325
SE.CLO.4.LDSEV.M.TMS.2011.R,1.1131744121151437,0.9243854358400737,1.1131744121151437,0.9243854358400737
SE.CLO.4.LDSEV.M.TMS.2011.U,1.115143773167864,1.3736770647919185,1.115143773167864,1.3736770647919185
SE.CLO.4.LDSEV.M.TMS.2015.1,1.2907284802644885,0.7947599794623691,1.2907284802644885,0.7947599794623691
SE.CLO.4.LDSEV.M.TMS.2015.2,1.2275367679385023,0.9088782838855568,1.2275367679385023,0.9088782838855568
SE.CLO.4.LDSEV.M.TMS.2015.3,1.0170041956873155,0.7991297956075086,1.0170041956873155,0.7991297956075086
SE.CLO.4.LDSEV.M.TMS.2015.4,1.3976995770123632,0.7121408140507097,1.3976995770123632,0.7121408140507097
SE.CLO.4.LDSEV.M.TMS.2015.5,0.96491569797735,0.9649156979773498,0.96491569797735,0.9649156979773498
SE.CLO.4.LDSEV.M.TMS.2015.A,1.3995629630329232,1.0160681526713864,1.3995629630329232,1.0160681526713864
SE.CLO.4.LDSEV.M.TMS.2015.F,1.1531800082403332,1.0942004427317022,1.1531800082403332,1.0942004427317022
SE.CLO.4.LDSEV.M.TMS.2015.M,1.4035993414734298,0.6721182677305799,1.4035993414734298,0.6721182677305799
SE.CLO.4.LDSEV.M.TMS.2015.R,1.471456328951709,1.0662100267245231,1.471456328951709,1.0662100267245231
SE.CLO.4.LDSEV.M.TMS.2015.U,1.2401158360100055,0.9995424090522013,1.2401158360100055,0.9995424090522013
SE.CLO.4.LDSEV.M.TMS.2019.1,1.3508905774915134,1.1518048843449509,1.3508905774915134,1.1518048843449509
SE.CLO.4.LDSEV.M.TMS.2019.2,0.7198417171791134,0.7198417171791134,0.7198417171791134,0.7198417171791134
SE.CLO.4.LDSEV.M.TMS.2019.3,1.018157491296586,1.2636484063682218,1.018157491296586,1.2636484063682218
SE.CLO.4.LDSEV.M.TMS.2019.4,1.3202031693274618,1.1998308388876817,1.3202031693274618,1.1998308388876817
SE.CLO.4.LDSEV.M.TMS.2019.5,2.121320343559643,2.121320343559643,2.121320343559643,2.121320343559643
SE.CLO.4.LDSEV.M.TMS.2019.A,1.1883107838278952,1.1062727882596473,1.1883107838278952,1.1062727882596473
SE.CLO.4.LDSEV.M.TMS.2019.F,1.17840599984826,0.992051797157237,1.17840599984826,0.992051797157237
SE.CLO.4.LDSEV.M.TMS.2019.M,1.299065884024134,1.3007322015231915,1.299065884024134,1.3007322015231915
SE.CLO.4.LDSEV.M.TMS.2019.R,0.8926911257947562,1.448758822636441,0.8926911257947562,1.448758822636441
SE.CLO.4.LDSEV.M.TMS.2019.U,0.9764484387593839,0.8407852166773213,0.9764484387593839,0.8407852166773213
SE.CLO.4.LDSEV.R.PRL.2001.1,0.804994406188225,1.6712313715557188,0.804994406188225,1.6712313715557188
SE.CLO.4.LDSEV.R.PRL.2001.2,1.1075776713042833,1.1788342461081533,1.1075776713042833,1.1788342461081533
SE.CLO.4.LDSEV.R.PRL.2001.3,0.7167717811506686,0.6179024468269693,0.7167717811506686,0.6179024468269693
SE.CLO.4.LDSEV.R.PRL.2001.4,0.5688147810146569,0.5233797890747406,0.5688147810146569,0.5233797890747406
SE.CLO.4.LDSEV.R.PRL.2001.5,1.3743228845941085,1.2456070672660644,1.3743228845941085,1.2456070672660644
SE.CLO.4.LDSEV.R.PRL.2001.A,1.0331859902904696,0.8293209730770918,1.0331859902904696,0.8293209730770918
SE.CLO.4.LDSEV.R.PRL.2001.F,0.852110822709728,0.5838046189691456,0.852110822709728,0.5838046189691456
SE.CLO.4.LDSEV.R.PRL.2001.M,1.031535265209817,1.0652321261639244,1.031535265209817,1.0652321261639244
SE.CLO.4.LDSEV.R.PRL.2001.R,0.9537390665204685,0.9442641297617742,0.9537390665204685,0.9442641297617742
SE.CLO.4.LDSEV.R.PRL.2001.U,0.8862630530986221,0.6751290677709461,0.8862630530986221,0.6751290677709461
SE.CLO.4.LDSEV.R.PRL.2006.1,1.2608952497923167,0.7169293479323373,1.2608952497923167,0.7169293479323373
SE.CLO.4.LDSEV.R.PRL.2006.2,1.3506172772794132,0.709919679000424,1.3506172772794132,0.709919679000424
SE.CLO.4.LDSEV.R.PRL.2006.3,1.3232072702260769,0.8947138417260656,1.3232072702260769,0.8947138417260656
SE.CLO.4.LDSEV.R.PRL.2006.4,1.1977953508027734,1.1645009493564824,1.1977953508027734,1.1645009493564824
SE.CLO.4.LDSEV.R.PRL.2006.5,1.2665299603906988,1.3487087400845994,1.2665299603906988,1.3487087400845994
SE.CLO.4.LDSEV.R.PRL.2006.A,1.3341834032478865,0.9568084662496672,1.3341834032478865,0.9568084662496672
SE.CLO.4.LDSEV.R.PRL.2006.F,1.2934941210209352,0.8181780467788885,1.2934941210209352,0.8181780467788885
SE.CLO.4.LDSEV.R.PRL.2006.M,1.321657982127381,0.7196133226444884,1.321657982127381,0.7196133226444884
SE.CLO.4.LDSEV.R.PRL.2006.R,1.007785817775949,1.2173367813878915,1.007785817775949,1.2173367813878915
SE.CLO.4.LDSEV.R.PRL.2006.U,1.2231153228047835,1.1856145773526159,1.2231153228047835,1.1856145773526159
SE.CLO.4.LDSEV.R.PRL.2011.1,1.1944991185900433,1.0128615778631063,1.1944991185900433,1.0128615778631063
SE.CLO.4.LDSEV.R.PRL.2011.2,1.1762609644967574,1.1369195740687832,1.1762609644967574,1.1369195740687832
SE.CLO.4.LDSEV.R.PRL.2011.3,1.147883252011516,0.8749230621836018,1.147883252011516,0.8749230621836018
SE.CLO.4.LDSEV.R.PRL.2011.4,0.9296196276023962,0.5506621353560421,0.9296196276023962,0.5506621353560421
SE.CLO.4.LDSEV.R.PRL.2011.5,0.999929008671538,0.5925632540545289,0.999929008671538,0.5925632540545289
SE.CLO.4.LDSEV.R.PRL.2011.A,1.1098771941173202,1.1176585686675833,1.1098771941173202,1.1176585686675833
SE.CLO.4.LDSEV.R.PRL.2011.F,1.1261843573198018,0.7730368385782856,1.1261843573198018,0.7730368385782856
SE.CLO.4.LDSEV.R.PRL.2011.M,1.033578103153239,1.1800053600077165,1.033578103153239,1.1800053600077165
SE.CLO.4.LDSEV.R.PRL.2011.R,1.2209360324022165,1.2451798672248982,1.2209360324022165,1.2451798672248982
SE.CLO.4.LDSEV.R.PRL.2011.U,1.070738740107957,0.9161480009393543,1.070738740107957,0.9161480009393543
SE.CLO.4.LDSEV.R.PRL.2016.1,1.2994910193272489,1.2609920402372958,1.2994910193272489,1.2609920402372958
SE.CLO.4.LDSEV.R.PRL.2016.2,1.3645039457874755,1.1464374712452157,1.3645039457874755,1.1464374712452157
SE.CLO.4.LDSEV.R.PRL.2016.3,1.0902781478958758,1.2407444678775958,1.0902781478958758,1.2407444678775958
SE.CLO.4.LDSEV.R.PRL.2016.4,1.3989173662070498,1.0618020670776074,1.3989173662070498,1.0618020670776074
SE.CLO.4.LDSEV.R.PRL.2016.5,1.3745811440940403,1.025972689233575,1.3745811440940403,1.025972689233575
SE.CLO.4.LDSEV.R.PRL.2016.A,1.2519298619361006,1.155744839555991,1.2519298619361006,1.155744839555991
SE.CLO.4.LDSEV.R.PRL.2016.F,1.2173711798209075,0.9016049154865959,1.2173711798209075,0.9016049154865959
SE.CLO.4.LDSEV.R.PRL.2016.M,1.2665914982510573,0.8924795178332822,1.2665914982510573,0.8924795178332822
SE.CLO.4.LDSEV.R.PRL.2016.R,1.3039869727622426,1.0548814461814935,1.3039869727622426,1.0548814461814935
SE.CLO.4.LDSEV.R.PRL.2016.U,1.2681131840653272,1.0861428324492084,1.2681131840653272,1.0861428324492084
SE.CLO.4.LDSEV.S.TMS.2003.A,1.2945867391620258,0.5608098717860034,1.2945867391620258,0.5608098717860034
SE.CLO.4.LDSEV.S.TMS.2003.F,1.2250425661249793,0.2430128393447988,1.2250425661249793,0.2430128393447988
SE.CLO.4.LDSEV.S.TMS.2003.M,1.3304957631198377,0.7498089313031275,1.3304957631198377,0.7498089313031275
SE.CLO.4.LDSEV.S.TMS.2003.R,1.5551174845828726,0.774162400526364,1.5551174845828726,0.774162400526364
SE.CLO.4.LDSEV.S.TMS.2003.U,1.3041844524245365,0.7444107442496678,1.3041844524245365,0.7444107442496678
SE.CLO.4.LDSEV.S.TMS.2007.A,1.253580249463232,1.3665242993933207,1.253580249463232,1.3665242993933207
SE.CLO.4.LDSEV.S.TMS.2007.F,1.187123016599763,1.3383375340518373,1.187123016599763,1.3383375340518373
SE.CLO.4.LDSEV.S.TMS.2007.M,1.2547512507087495,1.312729688167555,1.2547512507087495,1.312729688167555
SE.CLO.4.LDSEV.S.TMS.2007.R,0.9605328648004596,1.0803574992701526,0.9605328648004596,1.0803574992701526
SE.CLO.4.LDSEV.S.TMS.2007.U,1.228475419807486,1.1323746701725004,1.228475419807486,1.1323746701725004
SE.CLO.4.LDSEV.S.TMS.2011.1,1.2588996172585982,1.2120676800631636,1.2588996172585982,1.2120676800631636
SE.CLO.4.LDSEV.S.TMS.2011.2,1.2013528996798744,1.0940125088157269,1.2013528996798744,1.0940125088157269
SE.CLO.4.LDSEV.S.TMS.2011.3,1.2597544384226365,1.411143928494209,1.2597544384226365,1.411143928494209
SE.CLO.4.LDSEV.S.TMS.2011.4,1.2047185254275046,0.7620575266325813,1.2047185254275046,0.7620575266325813
SE.CLO.4.LDSEV.S.TMS.2011.5,1.2587295859368908,1.3436505603464053,1.2587295859368908,1.3436505603464053
SE.CLO.4.LDSEV.S.TMS.2011.A,1.2812084037942506,1.0835760079631833,1.2812084037942506,1.0835760079631833
SE.CLO.4.LDSEV.S.TMS.2011.F,1.1561201472081728,0.9078359770480392,1.1561201472081728,0.9078359770480392
SE.CLO.4.LDSEV.S.TMS.2011.M,1.2938262379581433,1.3601087726525707,1.2938262379581433,1.3601087726525707
SE.CLO.4.LDSEV.S.TMS.2011.R,1.2584554285435727,1.141360908613451,1.2584554285435727,1.141360908613451
SE.CLO.4.LDSEV.S.TMS.2011.U,1.2812960451261233,1.096222180757001,1.2812960451261233,1.096222180757001
SE.CLO.4.LDSEV.S.TMS.2015.1,1.5416712213285055,0.871076182563526,1.5416712213285055,0.871076182563526
SE.CLO.4.LDSEV.S.TMS.2015.2,1.5483636981939124,0.564751544664049,1.5483636981939124,0.564751544664049
SE.CLO.4.LDSEV.S.TMS.2015.3,1.3559238853587994,0.5574343221374178,1.3559238853587994,0.5574343221374178
SE.CLO.4.LDSEV.S.TMS.2015.4,1.4810172944697653,1.3645359195011788,1.4810172944697653,1.3645359195011788
SE.CLO.4.LDSEV.S.TMS.2015.5,1.2789255013040732,1.2789255013040732,1.2789255013040732,1.2789255013040732
SE.CLO.4.LDSEV.S.TMS.2015.A,1.4724499329075988,1.1735100204579165,1.4724499329075988,1.1735100204579165
SE.CLO.4.LDSEV.S.TMS.2015.F,1.437085732795909,0.892905697641462,1.437085732795909,0.892905697641462
SE.CLO.4.LDSEV.S.TMS.2015.M,1.4414940081897807,1.0739907885257771,1.4414940081897807,1.0739907885257771
SE.CLO.4.LDSEV.S.TMS.2015.R,1.603269450045264,1.0433372740829128,1.603269450045264,1.0433372740829128
SE.CLO.4.LDSEV.S.TMS.2015.U,1.268238750745394,0.9279497623607664,1.268238750745394,0.9279497623607664
SE.CLO.4.LDSEV.S.TMS.2019.1,1.1049990590674927,1.2719823490131943,1.1049990590674927,1.2719823490131943
SE.CLO.4.LDSEV.S.TMS.2019.2,0.8548433412019464,0.8548433412019464,0.8548433412019464,0.8548433412019464
SE.CLO.4.LDSEV.S.TMS.2019.3,0.9159259402481051,-0.3512683193011671,0.9159259402481051,0.3512683193011671
SE.CLO.4.LDSEV.S.TMS.2019.4,1.6341803494482219,1.0549994910591745,1.6341803494482219,1.0549994910591745
SE.CLO.4.LDSEV.S.TMS.2019.5,2.121320343559643,2.121320343559643,2.121320343559643,2.121320343559643
SE.CLO.4.LDSEV.S.TMS.2019.A,1.133348122023559,1.1045783848993704,1.133348122023559,1.1045783848993704
SE.CLO.4.LDSEV.S.TMS.2019.F,1.198850085212144,1.158844080573713,1.198850085212144,1.158844080573713
SE.CLO.4.LDSEV.S.TMS.2019.M,1.0362127809306032,0.994255763974118,1.0362127809306032,0.994255763974118
SE.CLO.4.LDSEV.S.TMS.2019.R,1.1894548884380165,1.2189521564001318,1.1894548884380165,1.2189521564001318
SE.CLO.4.LDSEV.S.TMS.2019.U,0.9428523510130453,1.1153949172664155,0.9428523510130453,1.1153949172664155
SE.CLO.4.PRF.M.TMS.2003.A,-1.2357387494649759,-0.8335136418510027,1.2357387494649759,0.8335136418510027
SE.CLO.4.PRF.M.TMS.2003.F,-1.193013122848463,-0.6963195175476004,1.193013122848463,0.6963195175476004
SE.CLO.4.PRF.M.TMS.2003.M,-1.2739362618178507,-0.9518090317932997,1.2739362618178507,0.9518090317932997
SE.CLO.4.PRF.M.TMS.2003.R,-1.400353179481821,-0.3358213023254139,1.400353179481821,0.3358213023254139
SE.CLO.4.PRF.M.TMS.2003.U,-1.261936484152157,-0.7051400121101911,1.261936484152157,0.7051400121101911
SE.CLO.4.PRF.M.TMS.2007.A,-1.4819503032111168,-0.9522007080049818,1.4819503032111168,0.9522007080049818
SE.CLO.4.PRF.M.TMS.2007.F,-1.4571636140956923,-0.9057208213880397,1.4571636140956923,0.9057208213880397
SE.CLO.4.PRF.M.TMS.2007.M,-1.5186754302877805,-1.000283790169485,1.5186754302877805,1.000283790169485
SE.CLO.4.PRF.M.TMS.2007.R,-1.742944044401959,-0.5249185712991846,1.742944044401959,0.5249185712991846
SE.CLO.4.PRF.M.TMS.2007.U,-1.6571375854604433,-0.6662400716505089,1.6571375854604433,0.6662400716505089
SE.CLO.4.PRF.M.TMS.2011.1,-1.1579014142985629,-0.9881373173265782,1.1579014142985629,0.9881373173265782
SE.CLO.4.PRF.M.TMS.2011.2,-1.4215473447675784,-0.9675864689178024,1.4215473447675784,0.9675864689178024
SE.CLO.4.PRF.M.TMS.2011.3,-1.3349679773984795,-0.661910365318921,1.3349679773984795,0.661910365318921
SE.CLO.4.PRF.M.TMS.2011.4,-1.2066537790918554,-0.8991668484841833,1.2066537790918554,0.8991668484841833
SE.CLO.4.PRF.M.TMS.2011.5,-1.3262035407212425,-0.41092246484469375,1.3262035407212425,0.41092246484469375
SE.CLO.4.PRF.M.TMS.2011.A,-1.3088737537703639,-1.1865810202277216,1.3088737537703639,1.1865810202277216
SE.CLO.4.PRF.M.TMS.2011.F,-1.242703802884803,-0.9885459243866503,1.242703802884803,0.9885459243866503
SE.CLO.4.PRF.M.TMS.2011.M,-1.366386076953755,-1.2892173139737553,1.366386076953755,1.2892173139737553
SE.CLO.4.PRF.M.TMS.2011.R,-1.2010049353960548,-1.1966741521665245,1.2010049353960548,1.1966741521665245
SE.CLO.4.PRF.M.TMS.2011.U,-1.3220802854461977,-0.9551432630340346,1.3220802854461977,0.9551432630340346
SE.CLO.4.PRF.M.TMS.2015.1,-1.268570682840478,-0.6107596893055441,1.268570682840478,0.6107596893055441
SE.CLO.4.PRF.M.TMS.2015.2,-1.3902338449876102,-1.1697786210940895,1.3902338449876102,1.1697786210940895
SE.CLO.4.PRF.M.TMS.2015.3,-1.4216519195776987,-0.8595398136497201,1.4216519195776987,0.8595398136497201
SE.CLO.4.PRF.M.TMS.2015.4,-1.2948421834604682,-0.38356170821241115,1.2948421834604682,0.38356170821241115
SE.CLO.4.PRF.M.TMS.2015.5,-0.5085140026326372,-0.5085140026326328,0.5085140026326372,0.5085140026326328
SE.CLO.4.PRF.M.TMS.2015.A,-1.2936161071405712,-0.9371951918448698,1.2936161071405712,0.9371951918448698
SE.CLO.4.PRF.M.TMS.2015.F,-1.2224280110866208,-1.137437209771437,1.2224280110866208,1.137437209771437
SE.CLO.4.PRF.M.TMS.2015.M,-1.3892531521399851,-0.7121779270864681,1.3892531521399851,0.7121779270864681
SE.CLO.4.PRF.M.TMS.2015.R,-1.4020182959082692,-0.9127127198434334,1.4020182959082692,0.9127127198434334
SE.CLO.4.PRF.M.TMS.2015.U,-1.303470230508671,-0.7165054178923791,1.303470230508671,0.7165054178923791
SE.CLO.4.PRF.M.TMS.2019.1,-1.0832901989953618,-1.5126867171577534,1.0832901989953618,1.5126867171577534
SE.CLO.4.PRF.M.TMS.2019.2,1.4100831812718224,1.4100831812718224,1.4100831812718224,1.4100831812718224
SE.CLO.4.PRF.M.TMS.2019.3,-1.1621139531615154,-0.7907970263186493,1.1621139531615154,0.7907970263186493
SE.CLO.4.PRF.M.TMS.2019.4,-0.9849923115433113,-0.9305978950914395,0.9849923115433113,0.9305978950914395
SE.CLO.4.PRF.M.TMS.2019.5,2.121320343559642,2.121320343559642,2.121320343559642,2.121320343559642
SE.CLO.4.PRF.M.TMS.2019.A,-1.2265030514642308,-0.8831361201894826,1.2265030514642308,0.8831361201894826
SE.CLO.4.PRF.M.TMS.2019.F,-1.1979051551821231,-0.9441635928417585,1.1979051551821231,0.9441635928417585
SE.CLO.4.PRF.M.TMS.2019.M,-1.1760312438843312,-0.9158512162156733,1.1760312438843312,0.9158512162156733
SE.CLO.4.PRF.M.TMS.2019.R,-1.3061453406907941,-0.9981237897882105,1.3061453406907941,0.9981237897882105
SE.CLO.4.PRF.M.TMS.2019.U,-1.2466878185027825,-0.9388002782376618,1.2466878185027825,0.9388002782376618
SE.CLO.4.PRF.R.PRL.2001.1,-0.9763873660525636,-0.6195711552389541,0.9763873660525636,0.6195711552389541
SE.CLO.4.PRF.R.PRL.2001.2,-1.357208452852994,-0.7821573823183883,1.357208452852994,0.7821573823183883
SE.CLO.4.PRF.R.PRL.2001.3,-1.4039236211811577,-1.1678640962330735,1.4039236211811577,1.1678640962330735
SE.CLO.4.PRF.R.PRL.2001.4,-1.2546091363840006,-1.2430023631501566,1.2546091363840006,1.2430023631501566
SE.CLO.4.PRF.R.PRL.2001.5,-1.1984678126412802,-1.1878484424726072,1.1984678126412802,1.1878484424726072
SE.CLO.4.PRF.R.PRL.2001.A,-1.273764336719746,-0.9861680708394925,1.273764336719746,0.9861680708394925
SE.CLO.4.PRF.R.PRL.2001.F,-1.3423913852107783,-1.0725871447389619,1.3423913852107783,1.0725871447389619
SE.CLO.4.PRF.R.PRL.2001.M,-1.2115814874578024,-0.833893234030112,1.2115814874578024,0.833893234030112
SE.CLO.4.PRF.R.PRL.2001.R,-1.3667425351867901,-0.8248823225491411,1.3667425351867901,0.8248823225491411
SE.CLO.4.PRF.R.PRL.2001.U,-1.266543712462889,-1.0977225433456193,1.266543712462889,1.0977225433456193
SE.CLO.4.PRF.R.PRL.2006.1,-1.4136445637381978,-0.8997783529874419,1.4136445637381978,0.8997783529874419
SE.CLO.4.PRF.R.PRL.2006.2,-1.3183269966826048,-1.0174096811101727,1.3183269966826048,1.0174096811101727
SE.CLO.4.PRF.R.PRL.2006.3,-1.4512451914892772,-0.9188092747732491,1.4512451914892772,0.9188092747732491
SE.CLO.4.PRF.R.PRL.2006.4,-1.3060845439950328,-0.9341595017057991,1.3060845439950328,0.9341595017057991
SE.CLO.4.PRF.R.PRL.2006.5,-1.2373744238995186,-1.463699707355456,1.2373744238995186,1.463699707355456
SE.CLO.4.PRF.R.PRL.2006.A,-1.3303744649678986,-0.8935212382365663,1.3303744649678986,0.8935212382365663
SE.CLO.4.PRF.R.PRL.2006.F,-1.326508588463627,-0.9258065295109689,1.326508588463627,0.9258065295109689
SE.CLO.4.PRF.R.PRL.2006.M,-1.3303735927987754,-0.8199148370544891,1.3303735927987754,0.8199148370544891
SE.CLO.4.PRF.R.PRL.2006.R,-1.248721470778475,-0.48651521109517154,1.248721470778475,0.48651521109517154
SE.CLO.4.PRF.R.PRL.2006.U,-1.3184515274929183,-0.9638519961916735,1.3184515274929183,0.9638519961916735
SE.CLO.4.PRF.R.PRL.2011.1,-1.3635180644206917,-0.9461891295369008,1.3635180644206917,0.9461891295369008
SE.CLO.4.PRF.R.PRL.2011.2,-1.2560357785022243,-1.098520893899371,1.2560357785022243,1.098520893899371
SE.CLO.4.PRF.R.PRL.2011.3,-1.3016691689698143,-0.9429686953902607,1.3016691689698143,0.9429686953902607
SE.CLO.4.PRF.R.PRL.2011.4,-1.3389433733663438,-0.6083726431140811,1.3389433733663438,0.6083726431140811
SE.CLO.4.PRF.R.PRL.2011.5,-1.158268703056692,-0.5115541980373196,1.158268703056692,0.5115541980373196
SE.CLO.4.PRF.R.PRL.2011.A,-1.2829588880330174,-0.825220280127265,1.2829588880330174,0.825220280127265
SE.CLO.4.PRF.R.PRL.2011.F,-1.2183199300428078,-0.8546132047473509,1.2183199300428078,0.8546132047473509
SE.CLO.4.PRF.R.PRL.2011.M,-1.2962120876936565,-0.779521721586779,1.2962120876936565,0.779521721586779
SE.CLO.4.PRF.R.PRL.2011.R,-1.400783012620531,-1.1161277379620587,1.400783012620531,1.1161277379620587
SE.CLO.4.PRF.R.PRL.2011.U,-1.276439415797713,-0.6330133628106164,1.276439415797713,0.6330133628106164
SE.CLO.4.PRF.R.PRL.2016.1,-1.4533116583284178,-1.1270866422348218,1.4533116583284178,1.1270866422348218
SE.CLO.4.PRF.R.PRL.2016.2,-1.5652406026180248,-0.9867991825134625,1.5652406026180248,0.9867991825134625
SE.CLO.4.PRF.R.PRL.2016.3,-1.4181601167010385,-1.0577459347431573,1.4181601167010385,1.0577459347431573
SE.CLO.4.PRF.R.PRL.2016.4,-1.3932103530388888,-1.1341099643949577,1.3932103530388888,1.1341099643949577
SE.CLO.4.PRF.R.PRL.2016.5,-1.3986792367229577,-1.21133099738295,1.3986792367229577,1.21133099738295
SE.CLO.4.PRF.R.PRL.2016.A,-1.4755189272854317,-1.039908652183244,1.4755189272854317,1.039908652183244
SE.CLO.4.PRF.R.PRL.2016.F,-1.3449298736966182,-0.8782948771015298,1.3449298736966182,0.8782948771015298
SE.CLO.4.PRF.R.PRL.2016.M,-1.574940677956687,-1.0573863379196444,1.574940677956687,1.0573863379196444
SE.CLO.4.PRF.R.PRL.2016.R,-1.4020665478948944,-1.1224177413614982,1.4020665478948944,1.1224177413614982
SE.CLO.4.PRF.R.PRL.2016.U,-1.4774256927706608,-1.060356989145215,1.4774256927706608,1.060356989145215
SE.CLO.4.PRF.S.TMS.2003.A,-1.4107155456185534,-0.9307759579632602,1.4107155456185534,0.9307759579632602
SE.CLO.4.PRF.S.TMS.2003.F,-1.4322446755836524,-0.5520134820937466,1.4322446755836524,0.5520134820937466
SE.CLO.4.PRF.S.TMS.2003.M,-1.4096182368241599,-0.8112226682986515,1.4096182368241599,0.8112226682986515
SE.CLO.4.PRF.S.TMS.2003.R,-1.5401586194914902,-0.6398289310303404,1.5401586194914902,0.6398289310303404
SE.CLO.4.PRF.S.TMS.2003.U,-1.3944226014858039,-0.6633102551176818,1.3944226014858039,0.6633102551176818
SE.CLO.4.PRF.S.TMS.2007.A,-1.8187934373214363,-0.7591003159345653,1.8187934373214363,0.7591003159345653
SE.CLO.4.PRF.S.TMS.2007.F,-1.7724341109342103,-0.4397223601577122,1.7724341109342103,0.4397223601577122
SE.CLO.4.PRF.S.TMS.2007.M,-1.8224633847911589,-0.9497730528715176,1.8224633847911589,0.9497730528715176
SE.CLO.4.PRF.S.TMS.2007.R,-1.893773451314428,-0.3186370665658157,1.893773451314428,0.3186370665658157
SE.CLO.4.PRF.S.TMS.2007.U,-1.7568979859008826,-0.8118534744477414,1.7568979859008826,0.8118534744477414
SE.CLO.4.PRF.S.TMS.2011.1,-1.3680101777063165,-0.4659640755674584,1.3680101777063165,0.4659640755674584
SE.CLO.4.PRF.S.TMS.2011.2,-1.4412567236345668,-0.42432273358840633,1.4412567236345668,0.42432273358840633
SE.CLO.4.PRF.S.TMS.2011.3,-1.3920680897130069,0.06370778828958326,1.3920680897130069,0.06370778828958326
SE.CLO.4.PRF.S.TMS.2011.4,-1.222541643204524,-0.8390680518008842,1.222541643204524,0.8390680518008842
SE.CLO.4.PRF.S.TMS.2011.5,-1.2394165375683859,-0.41913174402851133,1.2394165375683859,0.41913174402851133
SE.CLO.4.PRF.S.TMS.2011.A,-1.4488460755346393,-1.0990259954505182,1.4488460755346393,1.0990259954505182
SE.CLO.4.PRF.S.TMS.2011.F,-1.4243914862556475,-1.2757401217000737,1.4243914862556475,1.2757401217000737
SE.CLO.4.PRF.S.TMS.2011.M,-1.5077726236268507,-1.2097245139084207,1.5077726236268507,1.2097245139084207
SE.CLO.4.PRF.S.TMS.2011.R,-1.4511058464470399,-1.5263381160695875,1.4511058464470399,1.5263381160695875
SE.CLO.4.PRF.S.TMS.2011.U,-1.3746287193725266,-1.1628684544906074,1.3746287193725266,1.1628684544906074
SE.CLO.4.PRF.S.TMS.2015.1,-1.561282252395058,-0.9721682232816362,1.561282252395058,0.9721682232816362
SE.CLO.4.PRF.S.TMS.2015.2,-1.6573341865935356,-0.1868116824835207,1.6573341865935356,0.1868116824835207
SE.CLO.4.PRF.S.TMS.2015.3,-1.5071352842667807,-0.7592168270293779,1.5071352842667807,0.7592168270293779
SE.CLO.4.PRF.S.TMS.2015.4,-1.372654511571445,-0.3282814098995418,1.372654511571445,0.3282814098995418
SE.CLO.4.PRF.S.TMS.2015.5,-0.3616112374815447,-0.3616112374815447,0.3616112374815447,0.3616112374815447
SE.CLO.4.PRF.S.TMS.2015.A,-1.5393767157983171,-0.9319319560395489,1.5393767157983171,0.9319319560395489
SE.CLO.4.PRF.S.TMS.2015.F,-1.4786533798747787,-0.9665944793726445,1.4786533798747787,0.9665944793726445
SE.CLO.4.PRF.S.TMS.2015.M,-1.5678692484972228,-0.8929169862250906,1.5678692484972228,0.8929169862250906
SE.CLO.4.PRF.S.TMS.2015.R,-1.5106077424542346,-1.3397288828955833,1.5106077424542346,1.3397288828955833
SE.CLO.4.PRF.S.TMS.2015.U,-1.4451955063360966,-0.3573987509691033,1.4451955063360966,0.3573987509691033
SE.CLO.4.PRF.S.TMS.2019.1,-1.2919415323906942,-1.5442585548265975,1.2919415323906942,1.5442585548265975
SE.CLO.4.PRF.S.TMS.2019.2,-0.21724794570643158,-0.21724794570643627,0.21724794570643158,0.21724794570643627
SE.CLO.4.PRF.S.TMS.2019.3,-1.0837621317422568,-0.8711439779768143,1.0837621317422568,0.8711439779768143
SE.CLO.4.PRF.S.TMS.2019.4,-1.057030657094912,-0.29912508658382964,1.057030657094912,0.29912508658382964
SE.CLO.4.PRF.S.TMS.2019.5,2.121320343559643,2.121320343559643,2.121320343559643,2.121320343559643
SE.CLO.4.PRF.S.TMS.2019.A,-1.4011025159969077,-1.0612620478791308,1.4011025159969077,1.0612620478791308
SE.CLO.4.PRF.S.TMS.2019.F,-1.2343394117817061,-1.1885268281764765,1.2343394117817061,1.1885268281764765
SE.CLO.4.PRF.S.TMS.2019.M,-1.2901823753546149,-1.139506204482128,1.2901823753546149,1.139506204482128
SE.CLO.4.PRF.S.TMS.2019.R,-1.217134307199209,-1.0238130937671086,1.217134307199209,1.0238130937671086
SE.CLO.4.PRF.S.TMS.2019.U,-1.3305918024920567,-1.1510522128695697,1.3305918024920567,1.1510522128695697
SE.CLO.5.LDGAP.M.SPM.2019.1,0.35837543850845277,0.3583754385084527,0.35837543850845277,0.3583754385084527
SE.CLO.5.LDGAP.M.SPM.2019.2,-0.6764989505391962,0.5492075019547495,0.6764989505391962,0.5492075019547495
SE.CLO.5.LDGAP.M.SPM.2019.3,-0.9540962912207335,0.7713649371531215,0.9540962912207335,0.7713649371531215
SE.CLO.5.LDGAP.M.SPM.2019.4,-0.9528282861127314,1.0115771359349357,0.9528282861127314,1.0115771359349357
SE.CLO.5.LDGAP.M.SPM.2019.5,-0.9825816857669528,-0.7013898532503234,0.9825816857669528,0.7013898532503234
SE.CLO.5.LDGAP.M.SPM.2019.A,-0.47435127230622476,-0.47435127230622476,0.47435127230622476,0.47435127230622476
SE.CLO.5.LDGAP.M.SPM.2019.F,-0.6205724253215611,1.0891839487263824,0.6205724253215611,1.0891839487263824
SE.CLO.5.LDGAP.M.SPM.2019.M,-0.3265023000537878,-0.32650230005378783,0.3265023000537878,0.32650230005378783
SE.CLO.5.LDGAP.M.SPM.2019.R,-0.09477421792265077,-0.09477421792265256,0.09477421792265077,0.09477421792265256
SE.CLO.5.LDGAP.M.SPM.2019.U,-1.000996308957389,-0.4617562274068278,1.000996308957389,0.4617562274068278
SE.CLO.5.LDGAP.M.TMS.2011.1,0.0,0.0,0.0,0.0
SE.CLO.5.LDGAP.M.TMS.2011.2,0.0,0.0,0.0,0.0
SE.CLO.5.LDGAP.M.TMS.2011.3,0.0,0.0,0.0,0.0
SE.CLO.5.LDGAP.M.TMS.2011.4,0.0,0.0,0.0,0.0
SE.CLO.5.LDGAP.M.TMS.2011.5,0.0,0.0,0.0,0.0
SE.CLO.5.LDGAP.M.TMS.2011.A,1.176453830914633,1.176453830914633,1.176453830914633,1.176453830914633
SE.CLO.5.LDGAP.M.TMS.2011.F,1.6745900473570254,2.1213203435597623,1.6745900473570254,2.1213203435597623
SE.CLO.5.LDGAP.M.TMS.2011.M,0.7755390060826705,0.7755390060826705,0.7755390060826705,0.7755390060826705
SE.CLO.5.LDGAP.M.TMS.2011.R,-1.6427097431159787,2.121320343559643,1.6427097431159787,2.121320343559643
SE.CLO.5.LDGAP.M.TMS.2011.U,0.696947539112461,0.696947539112461,0.696947539112461,0.696947539112461
SE.CLO.5.LDGAP.M.TMS.2015.1,0.761884207285876,0.7618842072858759,0.761884207285876,0.7618842072858759
SE.CLO.5.LDGAP.M.TMS.2015.2,0.0,0.0,0.0,0.0
SE.CLO.5.LDGAP.M.TMS.2015.3,2.121320343559643,2.121320343559643,2.121320343559643,2.121320343559643
SE.CLO.5.LDGAP.M.TMS.2015.4,0.0,0.0,0.0,0.0
SE.CLO.5.LDGAP.M.TMS.2015.5,0.0,0.0,0.0,0.0
SE.CLO.5.LDGAP.M.TMS.2015.A,0.6384604135449116,0.6384604135449116,0.6384604135449116,0.6384604135449116
SE.CLO.5.LDGAP.M.TMS.2015.F,0.5050999439365708,0.5050999439365708,0.5050999439365708,0.5050999439365708
SE.CLO.5.LDGAP.M.TMS.2015.M,0.6963408324401601,0.6963408324401601,0.6963408324401601,0.6963408324401601
SE.CLO.5.LDGAP.M.TMS.2015.R,0.496977595447433,0.496977595447433,0.496977595447433,0.496977595447433
SE.CLO.5.LDGAP.M.TMS.2015.U,0.6316036820309343,0.6316036820309343,0.6316036820309343,0.6316036820309343
SE.CLO.5.LDGAP.M.TMS.2019.1,1.2195707569544296,1.2195707569544296,1.2195707569544296,1.2195707569544296
SE.CLO.5.LDGAP.M.TMS.2019.2,0.7998722355386625,0.7998722355386625,0.7998722355386625,0.7998722355386625
SE.CLO.5.LDGAP.M.TMS.2019.3,0.0,0.0,0.0,0.0
SE.CLO.5.LDGAP.M.TMS.2019.4,2.1213203435596415,2.1213203435596415,2.1213203435596415,2.1213203435596415
SE.CLO.5.LDGAP.M.TMS.2019.5,2.1213203435596424,2.1213203435596424,2.1213203435596424,2.1213203435596424
SE.CLO.5.LDGAP.M.TMS.2019.A,0.8702886714983716,0.8702886714983716,0.8702886714983716,0.8702886714983716
SE.CLO.5.LDGAP.M.TMS.2019.F,0.6980207482359331,-1.0263983346373773,0.6980207482359331,1.0263983346373773
SE.CLO.5.LDGAP.M.TMS.2019.M,1.0147853569718313,1.0147853569718313,1.0147853569718313,1.0147853569718313
SE.CLO.5.LDGAP.M.TMS.2019.R,1.4669552105721015,1.4669552105721015,1.4669552105721015,1.4669552105721015
SE.CLO.5.LDGAP.M.TMS.2019.U,0.453519482267132,2.1213203435596366,0.453519482267132,2.1213203435596366
SE.CLO.5.LDGAP.R.PRL.2001.1,0.0,0.0,0.0,0.0
SE.CLO.5.LDGAP.R.PRL.2001.2,0.0,0.0,0.0,0.0
SE.CLO.5.LDGAP.R.PRL.2001.3,0.0,0.0,0.0,0.0
SE.CLO.5.LDGAP.R.PRL.2001.4,0.0,0.0,0.0,0.0
SE.CLO.5.LDGAP.R.PRL.2001.5,0.0,0.0,0.0,0.0
SE.CLO.5.LDGAP.R.PRL.2001.A,0.0,0.0,0.0,0.0
SE.CLO.5.LDGAP.R.PRL.2001.F,0.0,0.0,0.0,0.0
SE.CLO.5.LDGAP.R.PRL.2001.M,0.0,0.0,0.0,0.0
SE.CLO.5.LDGAP.R.PRL.2001.R,0.0,0.0,0.0,0.0
SE.CLO.5.LDGAP.R.PRL.2001.U,0.0,0.0,0.0,0.0
SE.CLO.5.LDGAP.R.PRL.2006.1,1.409963147607406,1.2662697413860549,1.409963147607406,1.2662697413860549
SE.CLO.5.LDGAP.R.PRL.2006.2,1.6133191341372533,0.6706754540886788,1.6133191341372533,0.6706754540886788
SE.CLO.5.LDGAP.R.PRL.2006.3,1.4025614172267367,1.2855653955450141,1.4025614172267367,1.2855653955450141
SE.CLO.5.LDGAP.R.PRL.2006.4,1.444144240632912,-0.04763875795539402,1.444144240632912,0.04763875795539402
SE.CLO.5.LDGAP.R.PRL.2006.5,0.647324132363572,0.647324132363572,0.647324132363572,0.647324132363572
SE.CLO.5.LDGAP.R.PRL.2006.A,1.2088787416728828,1.9942455222434208,1.2088787416728828,1.9942455222434208
SE.CLO.5.LDGAP.R.PRL.2006.F,0.8755200255826759,2.0479475042533672,0.8755200255826759,2.0479475042533672
SE.CLO.5.LDGAP.R.PRL.2006.M,1.5769185151260166,0.0987212431952737,1.5769185151260166,0.0987212431952737
SE.CLO.5.LDGAP.R.PRL.2006.R,1.2032104076181283,1.2032104076181283,1.2032104076181283,1.2032104076181283
SE.CLO.5.LDGAP.R.PRL.2006.U,1.180259763216637,2.1213203435596366,1.180259763216637,2.1213203435596366
SE.CLO.5.LDGAP.R.PRL.2011.1,0.24136734975084106,0.2413673497508411,0.24136734975084106,0.2413673497508411
SE.CLO.5.LDGAP.R.PRL.2011.2,0.03131662682382086,0.03131662682382086,0.03131662682382086,0.03131662682382086
SE.CLO.5.LDGAP.R.PRL.2011.3,0.21695533723595378,0.21695533723595378,0.21695533723595378,0.21695533723595378
SE.CLO.5.LDGAP.R.PRL.2011.4,0.4840957052753395,0.4840957052753395,0.4840957052753395,0.4840957052753395
SE.CLO.5.LDGAP.R.PRL.2011.5,0.624754067242643,0.624754067242643,0.624754067242643,0.624754067242643
SE.CLO.5.LDGAP.R.PRL.2011.A,1.9042153980487704,0.9837744972838218,1.9042153980487704,0.9837744972838218
SE.CLO.5.LDGAP.R.PRL.2011.F,2.0450434928673853,1.2178247062614764,2.0450434928673853,1.2178247062614764
SE.CLO.5.LDGAP.R.PRL.2011.M,1.8402297306459183,0.8803533296422912,1.8402297306459183,0.8803533296422912
SE.CLO.5.LDGAP.R.PRL.2011.R,1.5649683738118956,1.5649683738118956,1.5649683738118956,1.5649683738118956
SE.CLO.5.LDGAP.R.PRL.2011.U,2.117028723118344,2.121320343559646,2.117028723118344,2.121320343559646
SE.CLO.5.LDGAP.R.PRL.2016.1,-0.43658947412283405,2.121320343559643,0.43658947412283405,2.121320343559643
SE.CLO.5.LDGAP.R.PRL.2016.2,0.3511082141705049,0.3511082141705049,0.3511082141705049,0.3511082141705049
SE.CLO.5.LDGAP.R.PRL.2016.3,0.3197037726093899,0.3197037726093899,0.3197037726093899,0.3197037726093899
SE.CLO.5.LDGAP.R.PRL.2016.4,0.9927035023204798,0.9927035023204798,0.9927035023204798,0.9927035023204798
SE.CLO.5.LDGAP.R.PRL.2016.5,0.5152120498209372,0.5152120498209372,0.5152120498209372,0.5152120498209372
SE.CLO.5.LDGAP.R.PRL.2016.A,0.04396068056168326,0.043960680561685006,0.04396068056168326,0.043960680561685006
SE.CLO.5.LDGAP.R.PRL.2016.F,-0.356996649784342,-0.3569966497843419,0.356996649784342,0.3569966497843419
SE.CLO.5.LDGAP.R.PRL.2016.M,0.27710290741928856,0.27710290741928856,0.27710290741928856,0.27710290741928856
SE.CLO.5.LDGAP.R.PRL.2016.R,0.2944713211531031,0.2944713211531031,0.2944713211531031,0.2944713211531031
SE.CLO.5.LDGAP.R.PRL.2016.U,0.5947484831549172,0.5947484831549172,0.5947484831549172,0.5947484831549172
SE.CLO.5.LDGAP.R.SPM.2019.1,0.4739854380593145,0.4739854380593145,0.4739854380593145,0.4739854380593145
SE.CLO.5.LDGAP.R.SPM.2019.2,-0.3744872918179277,-0.3744872918179277,0.3744872918179277,0.3744872918179277
SE.CLO.5.LDGAP.R.SPM.2019.3,-0.6337329210656695,0.01849913898521201,0.6337329210656695,0.01849913898521201
SE.CLO.5.LDGAP.R.SPM.2019.4,-0.7063507548722203,-1.6730077497031126,0.7063507548722203,1.6730077497031126
SE.CLO.5.LDGAP.R.SPM.2019.5,-0.4036222865604491,-0.7546516536249733,0.4036222865604491,0.7546516536249733
SE.CLO.5.LDGAP.R.SPM.2019.A,-0.28644724117094367,-0.28644724117094367,0.28644724117094367,0.28644724117094367
SE.CLO.5.LDGAP.R.SPM.2019.F,-0.43625177370285645,-0.9800963553801912,0.43625177370285645,0.9800963553801912
SE.CLO.5.LDGAP.R.SPM.2019.M,-0.15667212338642017,-0.15667212338642017,0.15667212338642017,0.15667212338642017
SE.CLO.5.LDGAP.R.SPM.2019.R,0.03251305544386645,0.03251305544386645,0.03251305544386645,0.03251305544386645
SE.CLO.5.LDGAP.R.SPM.2019.U,-0.6535145654225124,0.33055521644620844,0.6535145654225124,0.33055521644620844
SE.CLO.5.LDGAP.S.TMS.2011.1,0.0,0.0,0.0,0.0
SE.CLO.5.LDGAP.S.TMS.2011.2,0.0,0.0,0.0,0.0
SE.CLO.5.LDGAP.S.TMS.2011.3,0.0,0.0,0.0,0.0
SE.CLO.5.LDGAP.S.TMS.2011.4,0.0,0.0,0.0,0.0
SE.CLO.5.LDGAP.S.TMS.2011.5,0.0,0.0,0.0,0.0
SE.CLO.5.LDGAP.S.TMS.2011.A,0.9102562069346887,0.9102562069346887,0.9102562069346887,0.9102562069346887
SE.CLO.5.LDGAP.S.TMS.2011.F,0.545040710576485,0.545040710576485,0.545040710576485,0.545040710576485
SE.CLO.5.LDGAP.S.TMS.2011.M,1.196463454831036,1.196463454831036,1.196463454831036,1.196463454831036
SE.CLO.5.LDGAP.S.TMS.2011.R,2.1213203435596424,2.1213203435596424,2.1213203435596424,2.1213203435596424
SE.CLO.5.LDGAP.S.TMS.2011.U,0.6933492458897007,0.6933492458897007,0.6933492458897007,0.6933492458897007
SE.CLO.5.LDGAP.S.TMS.2015.1,2.121320343559642,2.121320343559642,2.121320343559642,2.121320343559642
SE.CLO.5.LDGAP.S.TMS.2015.2,0.0,0.0,0.0,0.0
SE.CLO.5.LDGAP.S.TMS.2015.3,0.0,0.0,0.0,0.0
SE.CLO.5.LDGAP.S.TMS.2015.A,2.1213203435596424,2.1213203435596424,2.1213203435596424,2.1213203435596424
SE.CLO.5.LDGAP.S.TMS.2015.F,2.121320343559642,2.121320343559642,2.121320343559642,2.121320343559642
SE.CLO.5.LDGAP.S.TMS.2015.M,2.1213203435596424,2.1213203435596424,2.1213203435596424,2.1213203435596424
SE.CLO.5.LDGAP.S.TMS.2015.R,2.1213203435596424,2.1213203435596424,2.1213203435596424,2.1213203435596424
SE.CLO.5.LDGAP.S.TMS.2015.U,2.1213203435596433,2.1213203435596433,2.1213203435596433,2.1213203435596433
SE.CLO.5.LDGAP.S.TMS.2019.1,1.1916858747710783,1.1916858747710783,1.1916858747710783,1.1916858747710783
SE.CLO.5.LDGAP.S.TMS.2019.2,1.0503636074329257,1.0503636074329257,1.0503636074329257,1.0503636074329257
SE.CLO.5.LDGAP.S.TMS.2019.3,0.0,0.0,0.0,0.0
SE.CLO.5.LDGAP.S.TMS.2019.4,2.121320343559642,2.121320343559642,2.121320343559642,2.121320343559642
SE.CLO.5.LDGAP.S.TMS.2019.5,2.121320343559643,2.121320343559643,2.121320343559643,2.121320343559643
SE.CLO.5.LDGAP.S.TMS.2019.A,1.5474918278555647,0.31172674253512206,1.5474918278555647,0.31172674253512206
SE.CLO.5.LDGAP.S.TMS.2019.F,1.618358862435918,0.5229255418904486,1.618358862435918,0.5229255418904486
SE.CLO.5.LDGAP.S.TMS.2019.M,1.5053819767600982,0.17918885335346182,1.5053819767600982,0.17918885335346182
SE.CLO.5.LDGAP.S.TMS.2019.R,1.7956551227147466,1.1761419092351306,1.7956551227147466,1.1761419092351306
SE.CLO.5.LDGAP.S.TMS.2019.U,1.4350005256162193,-0.03628287709046852,1.4350005256162193,0.03628287709046852
SE.CLO.5.LDSEV.M.SPM.2019.1,0.863313340931189,0.8633133409311908,0.863313340931189,0.8633133409311908
SE.CLO.5.LDSEV.M.SPM.2019.2,-0.14605433701913048,-0.6647967923266399,0.14605433701913048,0.6647967923266399
SE.CLO.5.LDSEV.M.SPM.2019.3,-0.4864474972980942,1.536046666518183,0.4864474972980942,1.536046666518183
SE.CLO.5.LDSEV.M.SPM.2019.4,-0.4214304814897133,-0.42143048148971324,0.4214304814897133,0.42143048148971324
SE.CLO.5.LDSEV.M.SPM.2019.5,-0.7985031763703937,-0.7985031763703926,0.7985031763703937,0.7985031763703926
SE.CLO.5.LDSEV.M.SPM.2019.A,0.09316585840115861,0.09316585840115861,0.09316585840115861,0.09316585840115861
SE.CLO.5.LDSEV.M.SPM.2019.F,-0.07797540979672193,-1.5710798425564232,0.07797540979672193,1.5710798425564232
SE.CLO.5.LDSEV.M.SPM.2019.M,0.2647350605971044,0.2647350605971044,0.2647350605971044,0.2647350605971044
SE.CLO.5.LDSEV.M.SPM.2019.R,0.5124976570066164,0.5124976570066165,0.5124976570066164,0.5124976570066165
SE.CLO.5.LDSEV.M.SPM.2019.U,-0.6420696873042889,-0.44839147311471006,0.6420696873042889,0.44839147311471006
SE.CLO.5.LDSEV.M.TMS.2011.1,0.0,0.0,0.0,0.0
SE.CLO.5.LDSEV.M.TMS.2011.2,0.0,0.0,0.0,0.0
SE.CLO.5.LDSEV.M.TMS.2011.3,0.0,0.0,0.0,0.0
SE.CLO.5.LDSEV.M.TMS.2011.4,0.0,0.0,0.0,0.0
SE.CLO.5.LDSEV.M.TMS.2011.5,0.0,0.0,0.0,0.0
SE.CLO.5.LDSEV.M.TMS.2011.A,1.7098966932209985,2.121320343559489,1.7098966932209985,2.121320343559489
SE.CLO.5.LDSEV.M.TMS.2011.F,1.019019467068769,1.019019467068769,1.019019467068769,1.019019467068769
SE.CLO.5.LDSEV.M.TMS.2011.M,1.3400049276765724,2.121320343559643,1.3400049276765724,2.121320343559643
SE.CLO.5.LDSEV.M.TMS.2011.R,-1.6740865865198815,2.1213203435596424,1.6740865865198815,2.1213203435596424
SE.CLO.5.LDSEV.M.TMS.2011.U,0.7371303777004727,0.7371303777004727,0.7371303777004727,0.7371303777004727
SE.CLO.5.LDSEV.M.TMS.2015.1,0.9617447592752033,0.9617447592752033,0.9617447592752033,0.9617447592752033
SE.CLO.5.LDSEV.M.TMS.2015.2,0.0,0.0,0.0,0.0
SE.CLO.5.LDSEV.M.TMS.2015.3,2.1213203435596433,2.1213203435596433,2.1213203435596433,2.1213203435596433
SE.CLO.5.LDSEV.M.TMS.2015.4,0.0,0.0,0.0,0.0
SE.CLO.5.LDSEV.M.TMS.2015.5,0.0,0.0,0.0,0.0
SE.CLO.5.LDSEV.M.TMS.2015.A,0.9252206726578319,0.9252206726578319,0.9252206726578319,0.9252206726578319
SE.CLO.5.LDSEV.M.TMS.2015.F,0.8430924171855321,0.8430924171855321,0.8430924171855321,0.8430924171855321
SE.CLO.5.LDSEV.M.TMS.2015.M,0.9581653727858478,0.9581653727858478,0.9581653727858478,0.9581653727858478
SE.CLO.5.LDSEV.M.TMS.2015.R,0.7581905707075557,0.7581905707075557,0.7581905707075557,0.7581905707075557
SE.CLO.5.LDSEV.M.TMS.2015.U,0.9459646380223364,0.9459646380223363,0.9459646380223364,0.9459646380223363
SE.CLO.5.LDSEV.M.TMS.2019.1,1.2424403012919831,1.2424403012919831,1.2424403012919831,1.2424403012919831
SE.CLO.5.LDSEV.M.TMS.2019.2,0.8351599143430968,0.8351599143430968,0.8351599143430968,0.8351599143430968
SE.CLO.5.LDSEV.M.TMS.2019.3,0.0,0.0,0.0,0.0
SE.CLO.5.LDSEV.M.TMS.2019.4,2.1213203435596424,2.1213203435596424,2.1213203435596424,2.1213203435596424
SE.CLO.5.LDSEV.M.TMS.2019.5,2.1213203435596424,2.1213203435596424,2.1213203435596424,2.1213203435596424
SE.CLO.5.LDSEV.M.TMS.2019.A,1.1807708112984352,1.180770811298436,1.1807708112984352,1.180770811298436
SE.CLO.5.LDSEV.M.TMS.2019.F,1.0057000788799488,-0.7404666453675949,1.0057000788799488,0.7404666453675949
SE.CLO.5.LDSEV.M.TMS.2019.M,1.3145024641389573,1.3145024641389573,1.3145024641389573,1.3145024641389573
SE.CLO.5.LDSEV.M.TMS.2019.R,1.568241101046005,0.38380838887144775,1.568241101046005,0.38380838887144775
SE.CLO.5.LDSEV.M.TMS.2019.U,0.894119888047713,-1.0227017939870793,0.894119888047713,1.0227017939870793
SE.CLO.5.LDSEV.R.PRL.2001.1,0.0,0.0,0.0,0.0
SE.CLO.5.LDSEV.R.PRL.2001.2,0.0,0.0,0.0,0.0
SE.CLO.5.LDSEV.R.PRL.2001.3,0.0,0.0,0.0,0.0
SE.CLO.5.LDSEV.R.PRL.2001.4,0.0,0.0,0.0,0.0
SE.CLO.5.LDSEV.R.PRL.2001.5,0.0,0.0,0.0,0.0
SE.CLO.5.LDSEV.R.PRL.2001.A,0.0,0.0,0.0,0.0
SE.CLO.5.LDSEV.R.PRL.2001.F,0.0,0.0,0.0,0.0
SE.CLO.5.LDSEV.R.PRL.2001.M,0.0,0.0,0.0,0.0
SE.CLO.5.LDSEV.R.PRL.2001.R,0.0,0.0,0.0,0.0
SE.CLO.5.LDSEV.R.PRL.2001.U,0.0,0.0,0.0,0.0
SE.CLO.5.LDSEV.R.PRL.2006.1,1.363649182914326,1.6283859645121437,1.363649182914326,1.6283859645121437
SE.CLO.5.LDSEV.R.PRL.2006.2,1.4949783710110185,1.3485043240276409,1.4949783710110185,1.3485043240276409
SE.CLO.5.LDSEV.R.PRL.2006.3,1.4415735760288524,-1.1881065628843552,1.4415735760288524,1.1881065628843552
SE.CLO.5.LDSEV.R.PRL.2006.4,1.504507126561877,0.09840578780733877,1.504507126561877,0.09840578780733877
SE.CLO.5.LDSEV.R.PRL.2006.5,0.7753925859233306,0.7753925859233306,0.7753925859233306,0.7753925859233306
SE.CLO.5.LDSEV.R.PRL.2006.A,1.211369695034989,2.258104432458931,1.211369695034989,2.258104432458931
SE.CLO.5.LDSEV.R.PRL.2006.F,1.1948693506765637,2.0633558994916488,1.1948693506765637,2.0633558994916488
SE.CLO.5.LDSEV.R.PRL.2006.M,1.4530954251812935,1.0309133337473062,1.4530954251812935,1.0309133337473062
SE.CLO.5.LDSEV.R.PRL.2006.R,1.4770445930446263,2.1213203435596424,1.4770445930446263,2.1213203435596424
SE.CLO.5.LDSEV.R.PRL.2006.U,1.34937329298661,2.1213203435596397,1.34937329298661,2.1213203435596397
SE.CLO.5.LDSEV.R.PRL.2011.1,0.49485418461192227,0.4948541846119223,0.49485418461192227,0.4948541846119223
SE.CLO.5.LDSEV.R.PRL.2011.2,0.3886255576078335,0.3886255576078335,0.3886255576078335,0.3886255576078335
SE.CLO.5.LDSEV.R.PRL.2011.3,0.4085810754231933,0.4085810754231933,0.4085810754231933,0.4085810754231933
SE.CLO.5.LDSEV.R.PRL.2011.4,0.6586883497865346,0.6586883497865347,0.6586883497865346,0.6586883497865347
SE.CLO.5.LDSEV.R.PRL.2011.5,0.6576880753737294,0.6576880753737294,0.6576880753737294,0.6576880753737294
SE.CLO.5.LDSEV.R.PRL.2011.A,1.9381370963387012,1.1022444491501369,1.9381370963387012,1.1022444491501369
SE.CLO.5.LDSEV.R.PRL.2011.F,2.0891764767308842,2.1213203435596437,2.0891764767308842,2.1213203435596437
SE.CLO.5.LDSEV.R.PRL.2011.M,1.8727928379952103,0.9821280094509842,1.8727928379952103,0.9821280094509842
SE.CLO.5.LDSEV.R.PRL.2011.R,1.6200978173694092,0.5338244164891094,1.6200978173694092,0.5338244164891094
SE.CLO.5.LDSEV.R.PRL.2011.U,2.1182699225456134,2.1213203435596437,2.1182699225456134,2.1213203435596437
SE.CLO.5.LDSEV.R.PRL.2016.1,-0.2933833568798773,2.1213203435596424,0.2933833568798773,2.1213203435596424
SE.CLO.5.LDSEV.R.PRL.2016.2,0.8973664729305849,0.8973664729305849,0.8973664729305849,0.8973664729305849
SE.CLO.5.LDSEV.R.PRL.2016.3,0.7430530495394054,0.7430530495394054,0.7430530495394054,0.7430530495394054
SE.CLO.5.LDSEV.R.PRL.2016.4,1.0230550795358337,1.0230550795358337,1.0230550795358337,1.0230550795358337
SE.CLO.5.LDSEV.R.PRL.2016.5,1.1511919081245878,1.1511919081245878,1.1511919081245878,1.1511919081245878
SE.CLO.5.LDSEV.R.PRL.2016.A,0.3432827454938848,0.3432827454938848,0.3432827454938848,0.3432827454938848
SE.CLO.5.LDSEV.R.PRL.2016.F,-0.10047083608659735,-0.10047083608659735,0.10047083608659735,0.10047083608659735
SE.CLO.5.LDSEV.R.PRL.2016.M,0.569738672771728,0.569738672771728,0.569738672771728,0.569738672771728
SE.CLO.5.LDSEV.R.PRL.2016.R,0.5857987054212065,0.5857987054212065,0.5857987054212065,0.5857987054212065
SE.CLO.5.LDSEV.R.PRL.2016.U,0.8659894113360594,0.8659894113360604,0.8659894113360594,0.8659894113360604
SE.CLO.5.LDSEV.R.SPM.2019.1,0.9704654359400368,0.9704654359400369,0.9704654359400368,0.9704654359400369
SE.CLO.5.LDSEV.R.SPM.2019.2,0.06591489155958162,-1.311128265547291,0.06591489155958162,1.311128265547291
SE.CLO.5.LDSEV.R.SPM.2019.3,-0.14048125172126302,-0.7090167347709713,0.14048125172126302,0.7090167347709713
SE.CLO.5.LDSEV.R.SPM.2019.4,-0.2818727478473167,-0.8986723416966065,0.2818727478473167,0.8986723416966065
SE.CLO.5.LDSEV.R.SPM.2019.5,0.106576664121364,-1.202677810748314,0.106576664121364,1.202677810748314
SE.CLO.5.LDSEV.R.SPM.2019.A,0.20570146085016308,0.20570146085016308,0.20570146085016308,0.20570146085016308
SE.CLO.5.LDSEV.R.SPM.2019.F,0.009132988238184961,-0.8243578260008035,0.009132988238184961,0.8243578260008035
SE.CLO.5.LDSEV.R.SPM.2019.M,0.37075735295442325,0.37075735295442325,0.37075735295442325,0.37075735295442325
SE.CLO.5.LDSEV.R.SPM.2019.R,0.5606604034853816,0.5606604034853816,0.5606604034853816,0.5606604034853816
SE.CLO.5.LDSEV.R.SPM.2019.U,-0.3141511966978577,-0.7438527473291451,0.3141511966978577,0.7438527473291451
SE.CLO.5.LDSEV.S.TMS.2011.1,0.0,0.0,0.0,0.0
SE.CLO.5.LDSEV.S.TMS.2011.2,0.0,0.0,0.0,0.0
SE.CLO.5.LDSEV.S.TMS.2011.3,0.0,0.0,0.0,0.0
SE.CLO.5.LDSEV.S.TMS.2011.4,0.0,0.0,0.0,0.0
SE.CLO.5.LDSEV.S.TMS.2011.5,0.0,0.0,0.0,0.0
SE.CLO.5.LDSEV.S.TMS.2011.A,1.153107389936343,1.153107389936343,1.153107389936343,1.153107389936343
SE.CLO.5.LDSEV.S.TMS.2011.F,0.9844914107174272,0.9844914107174273,0.9844914107174272,0.9844914107174273
SE.CLO.5.LDSEV.S.TMS.2011.M,1.2888572134332672,2.121320343559643,1.2888572134332672,2.121320343559643
SE.CLO.5.LDSEV.S.TMS.2011.R,2.121320343559643,2.121320343559643,2.121320343559643,2.121320343559643
SE.CLO.5.LDSEV.S.TMS.2011.U,0.9112713895810237,0.9112713895810239,0.9112713895810237,0.9112713895810239
SE.CLO.5.LDSEV.S.TMS.2015.1,2.121320343559643,2.121320343559643,2.121320343559643,2.121320343559643
SE.CLO.5.LDSEV.S.TMS.2015.2,0.0,0.0,0.0,0.0
SE.CLO.5.LDSEV.S.TMS.2015.3,0.0,0.0,0.0,0.0
SE.CLO.5.LDSEV.S.TMS.2015.A,2.1213203435596424,2.1213203435596424,2.1213203435596424,2.1213203435596424
SE.CLO.5.LDSEV.S.TMS.2015.F,2.121320343559643,2.121320343559643,2.121320343559643,2.121320343559643
SE.CLO.5.LDSEV.S.TMS.2015.M,2.1213203435596424,2.1213203435596424,2.1213203435596424,2.1213203435596424
SE.CLO.5.LDSEV.S.TMS.2015.R,2.121320343559643,2.121320343559643,2.121320343559643,2.121320343559643
SE.CLO.5.LDSEV.S.TMS.2015.U,2.121320343559643,2.121320343559643,2.121320343559643,2.121320343559643
SE.CLO.5.LDSEV.S.TMS.2019.1,1.4015318761696738,2.1213203435596424,1.4015318761696738,2.1213203435596424
SE.CLO.5.LDSEV.S.TMS.2019.2,1.3300792821728404,2.121320343559643,1.3300792821728404,2.121320343559643
SE.CLO.5.LDSEV.S.TMS.2019.3,0.0,0.0,0.0,0.0
SE.CLO.5.LDSEV.S.TMS.2019.4,2.121320343559643,2.121320343559643,2.121320343559643,2.121320343559643
SE.CLO.5.LDSEV.S.TMS.2019.5,2.121320343559642,2.121320343559642,2.121320343559642,2.121320343559642
SE.CLO.5.LDSEV.S.TMS.2019.A,1.6005276489824374,0.6079790675511709,1.6005276489824374,0.6079790675511709
SE.CLO.5.LDSEV.S.TMS.2019.F,1.6245671912972164,0.705510996207934,1.6245671912972164,0.705510996207934
SE.CLO.5.LDSEV.S.TMS.2019.M,1.588465169621784,0.5581456626060347,1.588465169621784,0.5581456626060347
SE.CLO.5.LDSEV.S.TMS.2019.R,1.6557410025223929,0.9711068166194015,1.6557410025223929,0.9711068166194015
SE.CLO.5.LDSEV.S.TMS.2019.U,1.577974402442782,0.48036657191610105,1.577974402442782,0.48036657191610105
SE.CLO.5.PRF.M.SPM.2019.1,1.6587386639085895,2.3785796847920833,1.6587386639085895,2.3785796847920833
SE.CLO.5.PRF.M.SPM.2019.2,1.766721524063292,0.5469596558704022,1.766721524063292,0.5469596558704022
SE.CLO.5.PRF.M.SPM.2019.3,1.6975256007931965,0.7547760157055512,1.6975256007931965,0.7547760157055512
SE.CLO.5.PRF.M.SPM.2019.4,1.4224392881687424,1.3013576789800918,1.4224392881687424,1.3013576789800918
SE.CLO.5.PRF.M.SPM.2019.5,1.1017981169839528,1.1017981169839526,1.1017981169839528,1.1017981169839526
SE.CLO.5.PRF.M.SPM.2019.A,1.5454118594413695,1.1195325568195642,1.5454118594413695,1.1195325568195642
SE.CLO.5.PRF.M.SPM.2019.F,1.5509504451206388,1.3222996495444383,1.5509504451206388,1.3222996495444383
SE.CLO.5.PRF.M.SPM.2019.M,1.5342296524503058,0.8562871619414726,1.5342296524503058,0.8562871619414726
SE.CLO.5.PRF.M.SPM.2019.R,1.695266075877266,0.21595234161984675,1.695266075877266,0.21595234161984675
SE.CLO.5.PRF.M.SPM.2019.U,1.6746156566290888,1.0219522248340924,1.6746156566290888,1.0219522248340924
SE.CLO.5.PRF.M.TMS.2011.1,0.0,0.0,0.0,0.0
SE.CLO.5.PRF.M.TMS.2011.2,0.0,0.0,0.0,0.0
SE.CLO.5.PRF.M.TMS.2011.3,0.0,0.0,0.0,0.0
SE.CLO.5.PRF.M.TMS.2011.4,0.0,0.0,0.0,0.0
SE.CLO.5.PRF.M.TMS.2011.5,0.0,0.0,0.0,0.0
SE.CLO.5.PRF.M.TMS.2011.A,0.3972117832838258,0.3972117832838258,0.3972117832838258,0.3972117832838258
SE.CLO.5.PRF.M.TMS.2011.F,0.8637180117232852,0.8637180117232854,0.8637180117232852,0.8637180117232854
SE.CLO.5.PRF.M.TMS.2011.M,-0.07543998839196633,-0.0754399883919664,0.07543998839196633,0.0754399883919664
SE.CLO.5.PRF.M.TMS.2011.R,-0.2724897866424761,-0.27248978664247614,0.2724897866424761,0.27248978664247614
SE.CLO.5.PRF.M.TMS.2011.U,0.7580495923801479,0.7580495923801626,0.7580495923801479,0.7580495923801626
SE.CLO.5.PRF.M.TMS.2015.1,-1.012364361653971,-1.012364361653971,1.012364361653971,1.012364361653971
SE.CLO.5.PRF.M.TMS.2015.2,0.0,0.0,0.0,0.0
SE.CLO.5.PRF.M.TMS.2015.3,2.121320343559643,2.121320343559643,2.121320343559643,2.121320343559643
SE.CLO.5.PRF.M.TMS.2015.4,0.0,0.0,0.0,0.0
SE.CLO.5.PRF.M.TMS.2015.5,0.0,0.0,0.0,0.0
SE.CLO.5.PRF.M.TMS.2015.A,-1.1173390999024577,-1.1173390999024577,1.1173390999024577,1.1173390999024577
SE.CLO.5.PRF.M.TMS.2015.F,-1.112912918632795,-1.1129129186327953,1.112912918632795,1.1129129186327953
SE.CLO.5.PRF.M.TMS.2015.M,-1.119736162067292,-1.119736162067292,1.119736162067292,1.119736162067292
SE.CLO.5.PRF.M.TMS.2015.R,-1.331624477395904,2.1213203435596384,1.331624477395904,2.1213203435596384
SE.CLO.5.PRF.M.TMS.2015.U,-0.9062270272623218,-0.906227027262322,0.9062270272623218,0.906227027262322
SE.CLO.5.PRF.M.TMS.2019.1,-1.6418892100745537,2.121320343559662,1.6418892100745537,2.121320343559662
SE.CLO.5.PRF.M.TMS.2019.2,-1.5786604147896068,2.121320343559643,1.5786604147896068,2.121320343559643
SE.CLO.5.PRF.M.TMS.2019.3,0.0,0.0,0.0,0.0
SE.CLO.5.PRF.M.TMS.2019.4,2.1213203435596433,2.1213203435596433,2.1213203435596433,2.1213203435596433
SE.CLO.5.PRF.M.TMS.2019.5,2.1213203435596424,2.1213203435596424,2.1213203435596424,2.1213203435596424
SE.CLO.5.PRF.M.TMS.2019.A,-0.8655310520062535,0.4603494201125813,0.8655310520062535,0.4603494201125813
SE.CLO.5.PRF.M.TMS.2019.F,-0.8041252114968478,0.2949848799520239,0.8041252114968478,0.2949848799520239
SE.CLO.5.PRF.M.TMS.2019.M,-0.9242362312870664,0.6540569352797126,0.9242362312870664,0.6540569352797126
SE.CLO.5.PRF.M.TMS.2019.R,-0.49852027049020814,-0.49852027049020814,0.49852027049020814,0.49852027049020814
SE.CLO.5.PRF.M.TMS.2019.U,-0.5744528469141307,-0.5744528469141306,0.5744528469141307,0.5744528469141306
SE.CLO.5.PRF.R.PRL.2001.1,0.0,0.0,0.0,0.0
SE.CLO.5.PRF.R.PRL.2001.2,0.0,0.0,0.0,0.0
SE.CLO.5.PRF.R.PRL.2001.3,0.0,0.0,0.0,0.0
SE.CLO.5.PRF.R.PRL.2001.4,0.0,0.0,0.0,0.0
SE.CLO.5.PRF.R.PRL.2001.5,0.0,0.0,0.0,0.0
SE.CLO.5.PRF.R.PRL.2001.A,0.0,0.0,0.0,0.0
SE.CLO.5.PRF.R.PRL.2001.F,0.0,0.0,0.0,0.0
SE.CLO.5.PRF.R.PRL.2001.M,0.0,0.0,0.0,0.0
SE.CLO.5.PRF.R.PRL.2001.R,0.0,0.0,0.0,0.0
SE.CLO.5.PRF.R.PRL.2001.U,0.0,0.0,0.0,0.0
SE.CLO.5.PRF.R.PRL.2006.1,-1.3684634411271328,-0.27376045398130133,1.3684634411271328,0.27376045398130133
SE.CLO.5.PRF.R.PRL.2006.2,-1.4225112693319213,-0.7382296757066308,1.4225112693319213,0.7382296757066308
SE.CLO.5.PRF.R.PRL.2006.3,-1.3945267036430722,-0.9003981699480056,1.3945267036430722,0.9003981699480056
SE.CLO.5.PRF.R.PRL.2006.4,-1.3653417052303969,-0.5839136321123398,1.3653417052303969,0.5839136321123398
SE.CLO.5.PRF.R.PRL.2006.5,-1.2106171729940587,2.2469982555396264,1.2106171729940587,2.2469982555396264
SE.CLO.5.PRF.R.PRL.2006.A,-1.4027666228919988,-0.8560563321507074,1.4027666228919988,0.8560563321507074
SE.CLO.5.PRF.R.PRL.2006.F,-1.3691397136711496,-0.6015908674803155,1.3691397136711496,0.6015908674803155
SE.CLO.5.PRF.R.PRL.2006.M,-1.4327709564710238,-0.07908734376243146,1.4327709564710238,0.07908734376243146
SE.CLO.5.PRF.R.PRL.2006.R,-1.3101821289359992,-0.7183475948798257,1.3101821289359992,0.7183475948798257
SE.CLO.5.PRF.R.PRL.2006.U,-1.2304510087186609,-1.6814547990993163,1.2304510087186609,1.6814547990993163
SE.CLO.5.PRF.R.PRL.2011.1,-0.1946811961307164,-0.1946811961307164,0.1946811961307164,0.1946811961307164
SE.CLO.5.PRF.R.PRL.2011.2,-0.6318651037606118,-0.6318651037606118,0.6318651037606118,0.6318651037606118
SE.CLO.5.PRF.R.PRL.2011.3,-0.7385753150674531,-0.7385753150674531,0.7385753150674531,0.7385753150674531
SE.CLO.5.PRF.R.PRL.2011.4,-0.7889391190708243,-0.7889391190708243,0.7889391190708243,0.7889391190708243
SE.CLO.5.PRF.R.PRL.2011.5,-1.0107896880705647,-1.0107896880705647,1.0107896880705647,1.0107896880705647
SE.CLO.5.PRF.R.PRL.2011.A,0.27261340487308117,0.27261340487308117,0.27261340487308117,0.27261340487308117
SE.CLO.5.PRF.R.PRL.2011.F,0.2687983439750047,0.2687983439750047,0.2687983439750047,0.2687983439750047
SE.CLO.5.PRF.R.PRL.2011.M,0.2691596944078759,0.2691596944078759,0.2691596944078759,0.2691596944078759
SE.CLO.5.PRF.R.PRL.2011.R,-0.868702993443436,-0.5731377515642117,0.868702993443436,0.5731377515642117
SE.CLO.5.PRF.R.PRL.2011.U,0.72859297722999,0.7285929772299902,0.72859297722999,0.7285929772299902
SE.CLO.5.PRF.R.PRL.2016.1,0.2898388511002227,0.2898388511002227,0.2898388511002227,0.2898388511002227
SE.CLO.5.PRF.R.PRL.2016.2,0.04632363532734077,0.04632363532733857,0.04632363532734077,0.04632363532733857
SE.CLO.5.PRF.R.PRL.2016.3,0.42715463979607915,0.42715463979607915,0.42715463979607915,0.42715463979607915
SE.CLO.5.PRF.R.PRL.2016.4,0.52054014726583,0.52054014726583,0.52054014726583,0.52054014726583
SE.CLO.5.PRF.R.PRL.2016.5,2.277911603798762,2.121320343559664,2.277911603798762,2.121320343559664
SE.CLO.5.PRF.R.PRL.2016.A,0.5786825709689244,0.5786825709689244,0.5786825709689244,0.5786825709689244
SE.CLO.5.PRF.R.PRL.2016.F,0.4961553240997256,0.4961553240997256,0.4961553240997256,0.4961553240997256
SE.CLO.5.PRF.R.PRL.2016.M,0.602390461013878,0.602390461013878,0.602390461013878,0.602390461013878
SE.CLO.5.PRF.R.PRL.2016.R,0.45436547142705375,0.45436547142705375,0.45436547142705375,0.45436547142705375
SE.CLO.5.PRF.R.PRL.2016.U,0.8741944005092032,0.8741944005092003,0.8741944005092032,0.8741944005092003
SE.CLO.5.PRF.R.SPM.2019.1,1.559018692558453,2.4735616027057468,1.559018692558453,2.4735616027057468
SE.CLO.5.PRF.R.SPM.2019.2,1.7057572921289392,1.5321433690629331,1.7057572921289392,1.5321433690629331
SE.CLO.5.PRF.R.SPM.2019.3,1.648219692312304,0.8070355758438416,1.648219692312304,0.8070355758438416
SE.CLO.5.PRF.R.SPM.2019.4,1.6210659110501695,-0.44483854312321375,1.6210659110501695,0.44483854312321375
SE.CLO.5.PRF.R.SPM.2019.5,1.368102344656359,-0.6174206035235064,1.368102344656359,0.6174206035235064
SE.CLO.5.PRF.R.SPM.2019.A,1.6175170904061065,-1.161382536243247,1.6175170904061065,1.161382536243247
SE.CLO.5.PRF.R.SPM.2019.F,1.6512719863716865,0.28775250498656146,1.6512719863716865,0.28775250498656146
SE.CLO.5.PRF.R.SPM.2019.M,1.7003743965545888,1.2780557715427352,1.7003743965545888,1.2780557715427352
SE.CLO.5.PRF.R.SPM.2019.R,1.8021355494864184,0.4761806917677003,1.8021355494864184,0.4761806917677003
SE.CLO.5.PRF.R.SPM.2019.U,1.4448555495379003,-0.3953590703952603,1.4448555495379003,0.3953590703952603
SE.CLO.5.PRF.S.TMS.2011.1,0.0,0.0,0.0,0.0
SE.CLO.5.PRF.S.TMS.2011.2,0.0,0.0,0.0,0.0
SE.CLO.5.PRF.S.TMS.2011.3,0.0,0.0,0.0,0.0
SE.CLO.5.PRF.S.TMS.2011.4,0.0,0.0,0.0,0.0
SE.CLO.5.PRF.S.TMS.2011.5,0.0,0.0,0.0,0.0
SE.CLO.5.PRF.S.TMS.2011.A,-0.8255337057316361,-0.8255337057316361,0.8255337057316361,0.8255337057316361
SE.CLO.5.PRF.S.TMS.2011.F,-0.8402679392707355,-0.8402679392707355,0.8402679392707355,0.8402679392707355
SE.CLO.5.PRF.S.TMS.2011.M,-0.8069872556373899,-0.8069872556373897,0.8069872556373899,0.8069872556373897
SE.CLO.5.PRF.S.TMS.2011.R,0.08252508963176727,0.08252508963176726,0.08252508963176727,0.08252508963176726
SE.CLO.5.PRF.S.TMS.2011.U,-0.9696609615400057,-0.9696609615400057,0.9696609615400057,0.9696609615400057
SE.CLO.5.PRF.S.TMS.2015.1,2.121320343559646,2.121320343559646,2.121320343559646,2.121320343559646
SE.CLO.5.PRF.S.TMS.2015.2,0.0,0.0,0.0,0.0
SE.CLO.5.PRF.S.TMS.2015.3,0.0,0.0,0.0,0.0
SE.CLO.5.PRF.S.TMS.2015.A,2.121320343559643,2.121320343559643,2.121320343559643,2.121320343559643
SE.CLO.5.PRF.S.TMS.2015.F,2.121320343559643,2.121320343559643,2.121320343559643,2.121320343559643
SE.CLO.5.PRF.S.TMS.2015.M,2.1213203435596424,2.1213203435596424,2.1213203435596424,2.1213203435596424
SE.CLO.5.PRF.S.TMS.2015.R,2.121320343559643,2.121320343559643,2.121320343559643,2.121320343559643
SE.CLO.5.PRF.S.TMS.2015.U,2.121320343559643,2.121320343559643,2.121320343559643,2.121320343559643
SE.CLO.5.PRF.S.TMS.2019.1,-1.6202056371400955,2.1213203435596304,1.6202056371400955,2.1213203435596304
SE.CLO.5.PRF.S.TMS.2019.2,-1.6115544244490767,2.1213203435596313,1.6115544244490767,2.1213203435596313
SE.CLO.5.PRF.S.TMS.2019.3,0.0,0.0,0.0,0.0
SE.CLO.5.PRF.S.TMS.2019.4,2.1213203435596433,2.1213203435596433,2.1213203435596433,2.1213203435596433
SE.CLO.5.PRF.S.TMS.2019.5,2.1213203435596424,2.1213203435596424,2.1213203435596424,2.1213203435596424
SE.CLO.5.PRF.S.TMS.2019.A,-1.2412896740242823,1.1048925819020596,1.2412896740242823,1.1048925819020596
SE.CLO.5.PRF.S.TMS.2019.F,-1.2662786561184776,2.1213203435595895,1.2662786561184776,2.1213203435595895
SE.CLO.5.PRF.S.TMS.2019.M,-1.2247278401770707,0.8575482792598831,1.2247278401770707,0.8575482792598831
SE.CLO.5.PRF.S.TMS.2019.R,-0.644358962436867,-0.6443589624368669,0.644358962436867,0.6443589624368669
SE.CLO.5.PRF.S.TMS.2019.U,-1.053192944156776,-0.7968448985806832,1.053192944156776,0.7968448985806832
SE.CLO.6.LDGAP.M.PSC.2014.1,0.21048383683896,0.6331556012342267,0.21048383683896,0.6331556012342267
SE.CLO.6.LDGAP.M.PSC.2014.2,-0.6198505492671277,-0.30962608998214225,0.6198505492671277,0.30962608998214225
SE.CLO.6.LDGAP.M.PSC.2014.3,0.32213624636514065,-0.38371878992512937,0.32213624636514065,0.38371878992512937
SE.CLO.6.LDGAP.M.PSC.2014.4,-0.15916947450323704,-0.15916947450323707,0.15916947450323704,0.15916947450323707
SE.CLO.6.LDGAP.M.PSC.2014.5,0.5481822338997266,1.298887062544628,0.5481822338997266,1.298887062544628
SE.CLO.6.LDGAP.M.PSC.2014.A,-0.04226769979066173,0.01836272013984471,0.04226769979066173,0.01836272013984471
SE.CLO.6.LDGAP.M.PSC.2014.F,0.2952667036966434,0.2408297105086912,0.2952667036966434,0.2408297105086912
SE.CLO.6.LDGAP.M.PSC.2014.M,-0.1231636097938635,-0.27412805733166495,0.1231636097938635,0.27412805733166495
SE.CLO.6.LDGAP.M.PSC.2014.R,-0.6440354384630422,-0.01711278245626621,0.6440354384630422,0.01711278245626621
SE.CLO.6.LDGAP.M.PSC.2014.U,1.0345704159149816,0.4011678993361763,1.0345704159149816,0.4011678993361763
SE.CLO.6.LDGAP.M.PSC.2019.1,-1.232527128218467,-1.1017266057485648,1.232527128218467,1.1017266057485648
SE.CLO.6.LDGAP.M.PSC.2019.2,-1.2603212666783024,-1.2603212666783021,1.2603212666783024,1.2603212666783021
SE.CLO.6.LDGAP.M.PSC.2019.3,-0.8755816167965343,-0.8755816167965326,0.8755816167965343,0.8755816167965326
SE.CLO.6.LDGAP.M.PSC.2019.4,0.09268078085262281,0.09268078085262281,0.09268078085262281,0.09268078085262281
SE.CLO.6.LDGAP.M.PSC.2019.5,0.128597610914005,0.12859761091400496,0.128597610914005,0.12859761091400496
SE.CLO.6.LDGAP.M.PSC.2019.A,-0.7424373395525741,-0.7424373395525778,0.7424373395525741,0.7424373395525778
SE.CLO.6.LDGAP.M.PSC.2019.F,-0.7089342994460869,-0.7089342994460831,0.7089342994460869,0.7089342994460831
SE.CLO.6.LDGAP.M.PSC.2019.M,-0.7720204679922527,-0.7720204679922548,0.7720204679922527,0.7720204679922548
SE.CLO.6.LDGAP.M.PSC.2019.R,-0.9782800567459227,-0.9782800567459227,0.9782800567459227,0.9782800567459227
SE.CLO.6.LDGAP.M.PSC.2019.U,-0.22864020984458866,-0.22864020984458866,0.22864020984458866,0.22864020984458866
SE.CLO.6.LDGAP.M.TMS.2011.1,2.121320343559643,2.121320343559643,2.121320343559643,2.121320343559643
SE.CLO.6.LDGAP.M.TMS.2011.2,2.1213203435597157,2.1213203435597157,2.1213203435597157,2.1213203435597157
SE.CLO.6.LDGAP.M.TMS.2011.3,2.1213203435596424,2.1213203435596424,2.1213203435596424,2.1213203435596424
SE.CLO.6.LDGAP.M.TMS.2011.4,2.1213203435596424,2.1213203435596424,2.1213203435596424,2.1213203435596424
SE.CLO.6.LDGAP.M.TMS.2011.5,2.121320343559641,2.121320343559641,2.121320343559641,2.121320343559641
SE.CLO.6.LDGAP.M.TMS.2011.A,1.7227882318623502,2.1213203435596424,1.7227882318623502,2.1213203435596424
SE.CLO.6.LDGAP.M.TMS.2011.F,0.9703348117781175,0.9703348117781175,0.9703348117781175,0.9703348117781175
SE.CLO.6.LDGAP.M.TMS.2011.M,1.1663448337561024,1.1663448337561024,1.1663448337561024,1.1663448337561024
SE.CLO.6.LDGAP.M.TMS.2011.R,1.580361139379904,2.1213203435596553,1.580361139379904,2.1213203435596553
SE.CLO.6.LDGAP.M.TMS.2011.U,1.3918115273311917,2.1213203435596353,1.3918115273311917,2.1213203435596353
SE.CLO.6.LDGAP.R.LLC.2006.1,1.6354933183848348,1.6354933183848344,1.6354933183848348,1.6354933183848344
SE.CLO.6.LDGAP.R.LLC.2006.2,1.6611137171202617,1.6611137171202617,1.6611137171202617,1.6611137171202617
SE.CLO.6.LDGAP.R.LLC.2006.3,0.8438559502095628,0.8438559502095628,0.8438559502095628,0.8438559502095628
SE.CLO.6.LDGAP.R.LLC.2006.4,0.47317478980314914,0.4731747898031492,0.47317478980314914,0.4731747898031492
SE.CLO.6.LDGAP.R.LLC.2006.5,1.1150861570227952,0.7446649987223519,1.1150861570227952,0.7446649987223519
SE.CLO.6.LDGAP.R.LLC.2006.A,0.5862822418071018,0.5862822418071016,0.5862822418071018,0.5862822418071016
SE.CLO.6.LDGAP.R.LLC.2006.F,0.20140946144142652,0.20140946144142954,0.20140946144142652,0.20140946144142954
SE.CLO.6.LDGAP.R.LLC.2006.M,0.7575214087619356,0.7575214087619324,0.7575214087619356,0.7575214087619324
SE.CLO.6.LDGAP.R.LLC.2006.R,0.6905737166834927,0.6905737166834954,0.6905737166834927,0.6905737166834954
SE.CLO.6.LDGAP.R.LLC.2006.U,0.5969138625690793,0.5969138625690792,0.5969138625690793,0.5969138625690792
SE.CLO.6.LDGAP.R.LLC.2013.1,0.012400489584731741,0.012400489584731745,0.012400489584731741,0.012400489584731745
SE.CLO.6.LDGAP.R.LLC.2013.2,0.1422177337648537,0.14221773376485364,0.1422177337648537,0.14221773376485364
SE.CLO.6.LDGAP.R.LLC.2013.3,-0.5094762877705998,-0.06357403155765107,0.5094762877705998,0.06357403155765107
SE.CLO.6.LDGAP.R.LLC.2013.4,-0.5702954997627989,-0.5702954997627987,0.5702954997627989,0.5702954997627987
SE.CLO.6.LDGAP.R.LLC.2013.5,-0.2538019635195586,-0.25380196351955864,0.2538019635195586,0.25380196351955864
SE.CLO.6.LDGAP.R.LLC.2013.A,-0.32041002808400326,-0.3204100280840033,0.32041002808400326,0.3204100280840033
SE.CLO.6.LDGAP.R.LLC.2013.F,-0.5695055818651868,-0.5695055818651868,0.5695055818651868,0.5695055818651868
SE.CLO.6.LDGAP.R.LLC.2013.M,-0.17781543893915858,-0.17781543893915855,0.17781543893915858,0.17781543893915855
SE.CLO.6.LDGAP.R.LLC.2013.R,0.39203734525530815,0.3920373452553082,0.39203734525530815,0.3920373452553082
SE.CLO.6.LDGAP.R.LLC.2013.U,0.03597906869040539,0.03597906869040881,0.03597906869040539,0.03597906869040881
SE.CLO.6.LDGAP.R.PRL.2011.1,0.4681838984163808,2.1213203435596264,0.4681838984163808,2.1213203435596264
SE.CLO.6.LDGAP.R.PRL.2011.2,0.9235225653182016,2.121320343559643,0.9235225653182016,2.121320343559643
SE.CLO.6.LDGAP.R.PRL.2011.3,1.0368386270900214,1.0368386270900214,1.0368386270900214,1.0368386270900214
SE.CLO.6.LDGAP.R.PRL.2011.4,0.56833729768833,2.1213203435596424,0.56833729768833,2.1213203435596424
SE.CLO.6.LDGAP.R.PRL.2011.5,0.13184376521585114,2.1213203435596424,0.13184376521585114,2.1213203435596424
SE.CLO.6.LDGAP.R.PRL.2011.A,0.6039367696697654,2.121320343559643,0.6039367696697654,2.121320343559643
SE.CLO.6.LDGAP.R.PRL.2011.F,1.2957092426279615,-1.0420049066560781,1.2957092426279615,1.0420049066560781
SE.CLO.6.LDGAP.R.PRL.2011.M,0.19361878731163962,2.1213203435596424,0.19361878731163962,2.1213203435596424
SE.CLO.6.LDGAP.R.PRL.2011.R,1.2369132368020561,-0.5687051977937857,1.2369132368020561,0.5687051977937857
SE.CLO.6.LDGAP.R.PRL.2011.U,0.17352854616795055,2.121320343559643,0.17352854616795055,2.121320343559643
SE.CLO.6.LDGAP.R.PSC.2014.1,0.5207809783288593,0.5207809783288593,0.5207809783288593,0.5207809783288593
SE.CLO.6.LDGAP.R.PSC.2014.2,0.15242149062446816,-0.5510635772918007,0.15242149062446816,0.5510635772918007
SE.CLO.6.LDGAP.R.PSC.2014.3,0.8446991856333248,0.22720834882467988,0.8446991856333248,0.22720834882467988
SE.CLO.6.LDGAP.R.PSC.2014.4,1.1185022934972082,-0.7084684431827754,1.1185022934972082,0.7084684431827754
SE.CLO.6.LDGAP.R.PSC.2014.5,1.4959983513108324,0.5659797972278031,1.4959983513108324,0.5659797972278031
SE.CLO.6.LDGAP.R.PSC.2014.A,0.5993194132592742,-0.39857700539014707,0.5993194132592742,0.39857700539014707
SE.CLO.6.LDGAP.R.PSC.2014.F,0.5376711306565934,-1.0927214677344856,0.5376711306565934,1.0927214677344856
SE.CLO.6.LDGAP.R.PSC.2014.M,0.7618790859793432,0.09342576700838665,0.7618790859793432,0.09342576700838665
SE.CLO.6.LDGAP.R.PSC.2014.R,0.21019811385179668,-0.9332911785132942,0.21019811385179668,0.9332911785132942
SE.CLO.6.LDGAP.R.PSC.2014.U,1.009902266394578,1.2874650092153,1.009902266394578,1.2874650092153
SE.CLO.6.LDGAP.R.PSC.2019.1,-1.0350432404678802,-1.0350432404678802,1.0350432404678802,1.0350432404678802
SE.CLO.6.LDGAP.R.PSC.2019.2,0.23194858774946617,0.23194858774946792,0.23194858774946617,0.23194858774946792
SE.CLO.6.LDGAP.R.PSC.2019.3,-0.6352801713099502,-0.6352801713099498,0.6352801713099502,0.6352801713099498
SE.CLO.6.LDGAP.R.PSC.2019.4,-0.418853027830875,-0.4188530278308769,0.418853027830875,0.4188530278308769
SE.CLO.6.LDGAP.R.PSC.2019.5,0.15057419628614707,0.1505741962861471,0.15057419628614707,0.1505741962861471
SE.CLO.6.LDGAP.R.PSC.2019.A,-0.3931857507843642,-0.39318575078436974,0.3931857507843642,0.39318575078436974
SE.CLO.6.LDGAP.R.PSC.2019.F,-0.5734522327443184,-0.5734522327443184,0.5734522327443184,0.5734522327443184
SE.CLO.6.LDGAP.R.PSC.2019.M,-0.22451835795506864,-0.22451835795506864,0.22451835795506864,0.22451835795506864
SE.CLO.6.LDGAP.R.PSC.2019.R,-1.3381276066842112,0.05497945963819629,1.3381276066842112,0.05497945963819629
SE.CLO.6.LDGAP.R.PSC.2019.U,0.06132840134854963,0.06132840134854963,0.06132840134854963,0.06132840134854963
SE.CLO.6.LDGAP.R.SAC.2000.1,0.10326079555159237,0.10326079555159018,0.10326079555159237,0.10326079555159018
SE.CLO.6.LDGAP.R.SAC.2000.2,-0.5502981797005857,-0.5502981797005856,0.5502981797005857,0.5502981797005856
SE.CLO.6.LDGAP.R.SAC.2000.3,-0.6701121107985237,-0.6701121107985213,0.6701121107985237,0.6701121107985213
SE.CLO.6.LDGAP.R.SAC.2000.4,-1.0072165703642684,-1.0072165703642684,1.0072165703642684,1.0072165703642684
SE.CLO.6.LDGAP.R.SAC.2000.5,-0.8142223523210567,-0.8142223523210566,0.8142223523210567,0.8142223523210566
SE.CLO.6.LDGAP.R.SAC.2000.A,-0.5928354583070066,-0.5928354583070065,0.5928354583070066,0.5928354583070065
SE.CLO.6.LDGAP.R.SAC.2000.F,-0.5451450727160498,-0.5451450727160475,0.5451450727160498,0.5451450727160475
SE.CLO.6.LDGAP.R.SAC.2000.M,-0.5003075898727416,-0.5003075898727416,0.5003075898727416,0.5003075898727416
SE.CLO.6.LDGAP.R.SAC.2000.R,-0.41166174354794327,-0.4116617435479433,0.41166174354794327,0.4116617435479433
SE.CLO.6.LDGAP.R.SAC.2000.U,-0.5814450553231226,-0.5814450553231225,0.5814450553231226,0.5814450553231225
SE.CLO.6.LDGAP.R.SAC.2007.1,-0.09020358863435426,-0.09020358863435135,0.09020358863435426,0.09020358863435135
SE.CLO.6.LDGAP.R.SAC.2007.2,-0.2136787234977407,0.06567858426563336,0.2136787234977407,0.06567858426563336
SE.CLO.6.LDGAP.R.SAC.2007.3,-0.46175138179728314,-0.4617513817972831,0.46175138179728314,0.4617513817972831
SE.CLO.6.LDGAP.R.SAC.2007.4,-0.39120357922517346,-0.39120357922517035,0.39120357922517346,0.39120357922517035
SE.CLO.6.LDGAP.R.SAC.2007.5,0.190211079370176,0.19021107937017423,0.190211079370176,0.19021107937017423
SE.CLO.6.LDGAP.R.SAC.2007.A,-0.296624316701257,-0.29662431670126016,0.296624316701257,0.29662431670126016
SE.CLO.6.LDGAP.R.SAC.2007.F,0.05862419509521819,0.05862419509521821,0.05862419509521819,0.05862419509521821
SE.CLO.6.LDGAP.R.SAC.2007.M,-0.026987556567686137,0.2663722346456821,0.026987556567686137,0.2663722346456821
SE.CLO.6.LDGAP.R.SAC.2007.R,-0.37074279945776145,-0.3707427994577614,0.37074279945776145,0.3707427994577614
SE.CLO.6.LDGAP.R.SAC.2007.U,0.44953575082486713,0.4495357508248627,0.44953575082486713,0.4495357508248627
SE.CLO.6.LDGAP.S.TMS.2011.1,2.121320343559643,2.121320343559643,2.121320343559643,2.121320343559643
SE.CLO.6.LDGAP.S.TMS.2011.2,2.121320343559643,2.121320343559643,2.121320343559643,2.121320343559643
SE.CLO.6.LDGAP.S.TMS.2011.3,2.1213203435596424,2.1213203435596424,2.1213203435596424,2.1213203435596424
SE.CLO.6.LDGAP.S.TMS.2011.4,2.121320343559643,2.121320343559643,2.121320343559643,2.121320343559643
SE.CLO.6.LDGAP.S.TMS.2011.5,2.121320343559643,2.121320343559643,2.121320343559643,2.121320343559643
SE.CLO.6.LDGAP.S.TMS.2011.A,-1.5485428479818883,2.1213203435596557,1.5485428479818883,2.1213203435596557
SE.CLO.6.LDGAP.S.TMS.2011.F,-1.548048289701405,2.1213203435596353,1.548048289701405,2.1213203435596353
SE.CLO.6.LDGAP.S.TMS.2011.M,-1.4608735639799868,2.1213203435596424,1.4608735639799868,2.1213203435596424
SE.CLO.6.LDGAP.S.TMS.2011.R,-1.6499204192018118,2.1213203435596424,1.6499204192018118,2.1213203435596424
SE.CLO.6.LDGAP.S.TMS.2011.U,-1.403723756847689,2.12132034355965,1.403723756847689,2.12132034355965
SE.CLO.6.LDSEV.M.PSC.2014.1,0.42331642385356444,0.5922129479672985,0.42331642385356444,0.5922129479672985
SE.CLO.6.LDSEV.M.PSC.2014.2,-0.34141071115779614,-0.2759117715877616,0.34141071115779614,0.2759117715877616
SE.CLO.6.LDSEV.M.PSC.2014.3,0.5585380545058372,0.7534435303615843,0.5585380545058372,0.7534435303615843
SE.CLO.6.LDSEV.M.PSC.2014.4,0.317235759028636,-0.7515087620263128,0.317235759028636,0.7515087620263128
SE.CLO.6.LDSEV.M.PSC.2014.5,0.6270335746194953,1.1241532092967805,0.6270335746194953,1.1241532092967805
SE.CLO.6.LDSEV.M.PSC.2014.A,0.16399794333817969,-0.0041149058965659685,0.16399794333817969,0.0041149058965659685
SE.CLO.6.LDSEV.M.PSC.2014.F,0.5515147711694633,0.8752540642638219,0.5515147711694633,0.8752540642638219
SE.CLO.6.LDSEV.M.PSC.2014.M,0.46914588931345963,-0.3989417362590363,0.46914588931345963,0.3989417362590363
SE.CLO.6.LDSEV.M.PSC.2014.R,-0.07427544984245157,-0.17730217662899855,0.07427544984245157,0.17730217662899855
SE.CLO.6.LDSEV.M.PSC.2014.U,1.2392565898076378,0.016478774023730228,1.2392565898076378,0.016478774023730228
SE.CLO.6.LDSEV.M.PSC.2019.1,-0.9002619546792582,-0.9002619546792582,0.9002619546792582,0.9002619546792582
SE.CLO.6.LDSEV.M.PSC.2019.2,-1.1680552318271433,-1.168055231827143,1.1680552318271433,1.168055231827143
SE.CLO.6.LDSEV.M.PSC.2019.3,-0.9387276378549366,-0.9387276378549358,0.9387276378549366,0.9387276378549358
SE.CLO.6.LDSEV.M.PSC.2019.4,0.1418333610916348,0.14183336109163483,0.1418333610916348,0.14183336109163483
SE.CLO.6.LDSEV.M.PSC.2019.5,0.4819013778589572,0.4819013778589583,0.4819013778589572,0.4819013778589583
SE.CLO.6.LDSEV.M.PSC.2019.A,-0.8376626804205376,-0.8376626804205375,0.8376626804205376,0.8376626804205375
SE.CLO.6.LDSEV.M.PSC.2019.F,-0.7729716670857232,-0.7729716670857232,0.7729716670857232,0.7729716670857232
SE.CLO.6.LDSEV.M.PSC.2019.M,-0.8848279426618811,-0.8848279426618811,0.8848279426618811,0.8848279426618811
SE.CLO.6.LDSEV.M.PSC.2019.R,-0.5695244828635756,-0.5695244828635756,0.5695244828635756,0.5695244828635756
SE.CLO.6.LDSEV.M.PSC.2019.U,-0.04030256019192942,-0.04030256019192817,0.04030256019192942,0.04030256019192817
SE.CLO.6.LDSEV.M.TMS.2011.1,2.121320343559644,2.121320343559644,2.121320343559644,2.121320343559644
SE.CLO.6.LDSEV.M.TMS.2011.2,2.121320343559597,2.121320343559597,2.121320343559597,2.121320343559597
SE.CLO.6.LDSEV.M.TMS.2011.3,2.121320343559643,2.121320343559643,2.121320343559643,2.121320343559643
SE.CLO.6.LDSEV.M.TMS.2011.4,2.1213203435596424,2.1213203435596424,2.1213203435596424,2.1213203435596424
SE.CLO.6.LDSEV.M.TMS.2011.5,2.121320343559642,2.121320343559642,2.121320343559642,2.121320343559642
SE.CLO.6.LDSEV.M.TMS.2011.A,1.6827396666744545,2.121320343559643,1.6827396666744545,2.121320343559643
SE.CLO.6.LDSEV.M.TMS.2011.F,1.1472266350992657,1.1472266350992657,1.1472266350992657,1.1472266350992657
SE.CLO.6.LDSEV.M.TMS.2011.M,1.3660815399618103,2.1213203435596424,1.3660815399618103,2.1213203435596424
SE.CLO.6.LDSEV.M.TMS.2011.R,1.5827949459074901,2.1213203435596424,1.5827949459074901,2.1213203435596424
SE.CLO.6.LDSEV.M.TMS.2011.U,1.5030287353092244,2.121320343559643,1.5030287353092244,2.121320343559643
SE.CLO.6.LDSEV.R.LLC.2006.1,1.896169152037565,1.8961691520375645,1.896169152037565,1.8961691520375645
SE.CLO.6.LDSEV.R.LLC.2006.2,1.733532153370175,1.7335321533701775,1.733532153370175,1.7335321533701775
SE.CLO.6.LDSEV.R.LLC.2006.3,0.86733908618812,0.8673390861881216,0.86733908618812,0.8673390861881216
SE.CLO.6.LDSEV.R.LLC.2006.4,0.8773802416553569,0.4400539136775343,0.8773802416553569,0.4400539136775343
SE.CLO.6.LDSEV.R.LLC.2006.5,1.4412232752291154,0.7044273033128691,1.4412232752291154,0.7044273033128691
SE.CLO.6.LDSEV.R.LLC.2006.A,1.054317138130351,1.054317138130351,1.054317138130351,1.054317138130351
SE.CLO.6.LDSEV.R.LLC.2006.F,0.7006430020776784,0.7006430020776767,0.7006430020776784,0.7006430020776767
SE.CLO.6.LDSEV.R.LLC.2006.M,1.1640598106225946,1.1640598106225961,1.1640598106225946,1.1640598106225961
SE.CLO.6.LDSEV.R.LLC.2006.R,-0.4793739956217624,-0.4793739956217661,0.4793739956217624,0.4793739956217661
SE.CLO.6.LDSEV.R.LLC.2006.U,0.9999091417882514,0.9999091417882515,0.9999091417882514,0.9999091417882515
SE.CLO.6.LDSEV.R.LLC.2013.1,0.10560259375321787,0.10560259375321787,0.10560259375321787,0.10560259375321787
SE.CLO.6.LDSEV.R.LLC.2013.2,0.07400177950296825,0.07400177950296825,0.07400177950296825,0.07400177950296825
SE.CLO.6.LDSEV.R.LLC.2013.3,0.11420887973648815,0.1142088797364914,0.11420887973648815,0.1142088797364914
SE.CLO.6.LDSEV.R.LLC.2013.4,-0.34639237603324863,-0.34639237603325035,0.34639237603324863,0.34639237603325035
SE.CLO.6.LDSEV.R.LLC.2013.5,-0.3205664096349295,-0.3205664096349295,0.3205664096349295,0.3205664096349295
SE.CLO.6.LDSEV.R.LLC.2013.A,-0.009707330289197565,-0.009707330289197565,0.009707330289197565,0.009707330289197565
SE.CLO.6.LDSEV.R.LLC.2013.F,-0.17382106302901706,-0.17382106302901865,0.17382106302901706,0.17382106302901865
SE.CLO.6.LDSEV.R.LLC.2013.M,0.17628854008111203,0.17628854008111197,0.17628854008111203,0.17628854008111197
SE.CLO.6.LDSEV.R.LLC.2013.R,0.6472652140489591,0.647265214048959,0.6472652140489591,0.647265214048959
SE.CLO.6.LDSEV.R.LLC.2013.U,0.27325869427987043,0.259001529433073,0.27325869427987043,0.259001529433073
SE.CLO.6.LDSEV.R.PRL.2011.1,0.9074846186529366,-1.2329196633586732,0.9074846186529366,1.2329196633586732
SE.CLO.6.LDSEV.R.PRL.2011.2,1.3309099108864868,-0.5029250075208087,1.3309099108864868,0.5029250075208087
SE.CLO.6.LDSEV.R.PRL.2011.3,1.1900537710382626,-0.4901911496702355,1.1900537710382626,0.4901911496702355
SE.CLO.6.LDSEV.R.PRL.2011.4,0.8365311891247671,2.1213203435596424,0.8365311891247671,2.1213203435596424
SE.CLO.6.LDSEV.R.PRL.2011.5,0.43501847137522365,2.1213203435596424,0.43501847137522365,2.1213203435596424
SE.CLO.6.LDSEV.R.PRL.2011.A,0.9799340741979364,-1.0804774414012523,0.9799340741979364,1.0804774414012523
SE.CLO.6.LDSEV.R.PRL.2011.F,1.3488697344483218,2.1213203435596615,1.3488697344483218,2.1213203435596615
SE.CLO.6.LDSEV.R.PRL.2011.M,0.6184897768215053,2.121320343559643,0.6184897768215053,2.121320343559643
SE.CLO.6.LDSEV.R.PRL.2011.R,1.4058541547172916,-0.19803089677227761,1.4058541547172916,0.19803089677227761
SE.CLO.6.LDSEV.R.PRL.2011.U,0.6638032549259095,2.1213203435596495,0.6638032549259095,2.1213203435596495
SE.CLO.6.LDSEV.R.PSC.2014.1,0.7028703488390919,0.025642084699344873,0.7028703488390919,0.025642084699344873
SE.CLO.6.LDSEV.R.PSC.2014.2,0.45392335514355164,-0.23577414669920238,0.45392335514355164,0.23577414669920238
SE.CLO.6.LDSEV.R.PSC.2014.3,1.1508468216940522,0.3548955698872376,1.1508468216940522,0.3548955698872376
SE.CLO.6.LDSEV.R.PSC.2014.4,0.9953061571835842,-0.6699557554905139,0.9953061571835842,0.6699557554905139
SE.CLO.6.LDSEV.R.PSC.2014.5,1.3457028588246411,0.38722225928615306,1.3457028588246411,0.38722225928615306
SE.CLO.6.LDSEV.R.PSC.2014.A,0.7467202872933334,-0.5881302640307491,0.7467202872933334,0.5881302640307491
SE.CLO.6.LDSEV.R.PSC.2014.F,0.8339471296150991,0.9823394774468152,0.8339471296150991,0.9823394774468152
SE.CLO.6.LDSEV.R.PSC.2014.M,0.8992514013111186,-0.7311156317693264,0.8992514013111186,0.7311156317693264
SE.CLO.6.LDSEV.R.PSC.2014.R,0.41865544822242606,-0.9941779361973162,0.41865544822242606,0.9941779361973162
SE.CLO.6.LDSEV.R.PSC.2014.U,0.82928750379251,0.7873629611854276,0.82928750379251,0.7873629611854276
SE.CLO.6.LDSEV.R.PSC.2019.1,-0.8067214149822683,-0.8067214149822666,0.8067214149822683,0.8067214149822666
SE.CLO.6.LDSEV.R.PSC.2019.2,0.3418335854486506,0.3418335854486498,0.3418335854486506,0.3418335854486498
SE.CLO.6.LDSEV.R.PSC.2019.3,-1.0355488904139056,-1.0355488904139056,1.0355488904139056,1.0355488904139056
SE.CLO.6.LDSEV.R.PSC.2019.4,0.2808714304911084,0.2808714304911084,0.2808714304911084,0.2808714304911084
SE.CLO.6.LDSEV.R.PSC.2019.5,0.7768056204329937,0.7768056204329926,0.7768056204329937,0.7768056204329926
SE.CLO.6.LDSEV.R.PSC.2019.A,-0.6276494761570159,-0.6276494761570168,0.6276494761570159,0.6276494761570168
SE.CLO.6.LDSEV.R.PSC.2019.F,-0.9879375165298759,-0.9879375165298768,0.9879375165298759,0.9879375165298768
SE.CLO.6.LDSEV.R.PSC.2019.M,-0.2713540832859552,-0.2713540832859552,0.2713540832859552,0.2713540832859552
SE.CLO.6.LDSEV.R.PSC.2019.R,-1.071769919900977,-1.0717699199009803,1.071769919900977,1.0717699199009803
SE.CLO.6.LDSEV.R.PSC.2019.U,0.18867298946788913,0.18867298946788794,0.18867298946788913,0.18867298946788794
SE.CLO.6.LDSEV.R.SAC.2000.1,0.3202913113799411,0.32029131137994105,0.3202913113799411,0.32029131137994105
SE.CLO.6.LDSEV.R.SAC.2000.2,0.23672663672717312,0.23672663672717312,0.23672663672717312,0.23672663672717312
SE.CLO.6.LDSEV.R.SAC.2000.3,-0.3409147222370689,-0.3409147222370689,0.3409147222370689,0.3409147222370689
SE.CLO.6.LDSEV.R.SAC.2000.4,-0.23413993059757243,-0.23413993059757238,0.23413993059757243,0.23413993059757238
SE.CLO.6.LDSEV.R.SAC.2000.5,-0.7207724538936309,-0.7207724538936309,0.7207724538936309,0.7207724538936309
SE.CLO.6.LDSEV.R.SAC.2000.A,0.12974170926759213,0.1297417092675912,0.12974170926759213,0.1297417092675912
SE.CLO.6.LDSEV.R.SAC.2000.F,0.2141259376917598,0.21412593769175894,0.2141259376917598,0.21412593769175894
SE.CLO.6.LDSEV.R.SAC.2000.M,-0.05379326285574967,-0.053793262855748744,0.05379326285574967,0.053793262855748744
SE.CLO.6.LDSEV.R.SAC.2000.R,-0.0023742918824364045,-0.0023742918824364045,0.0023742918824364045,0.0023742918824364045
SE.CLO.6.LDSEV.R.SAC.2000.U,-0.627240081297823,-0.627240081297822,0.627240081297823,0.627240081297822
SE.CLO.6.LDSEV.R.SAC.2007.1,0.30568787487668153,0.30568787487668153,0.30568787487668153,0.30568787487668153
SE.CLO.6.LDSEV.R.SAC.2007.2,0.11553974955546181,0.20434874442426573,0.11553974955546181,0.20434874442426573
SE.CLO.6.LDSEV.R.SAC.2007.3,0.14321389773400364,0.14321389773400586,0.14321389773400364,0.14321389773400586
SE.CLO.6.LDSEV.R.SAC.2007.4,0.37217503675437996,0.37217503675437996,0.37217503675437996,0.37217503675437996
SE.CLO.6.LDSEV.R.SAC.2007.5,0.14670301297678034,0.14670301297678034,0.14670301297678034,0.14670301297678034
SE.CLO.6.LDSEV.R.SAC.2007.A,0.14224943427110806,0.1422494342711069,0.14224943427110806,0.1422494342711069
SE.CLO.6.LDSEV.R.SAC.2007.F,0.10794704681650394,0.10794704681650284,0.10794704681650394,0.10794704681650284
SE.CLO.6.LDSEV.R.SAC.2007.M,0.4344122789097403,0.4344122789097392,0.4344122789097403,0.4344122789097392
SE.CLO.6.LDSEV.R.SAC.2007.R,-0.03128580442467636,-0.03128580442467636,0.03128580442467636,0.03128580442467636
SE.CLO.6.LDSEV.R.SAC.2007.U,1.1988089589991568,1.198808958999158,1.1988089589991568,1.198808958999158
SE.CLO.6.LDSEV.S.TMS.2011.1,2.121320343559643,2.121320343559643,2.121320343559643,2.121320343559643
SE.CLO.6.LDSEV.S.TMS.2011.2,2.1213203435596424,2.1213203435596424,2.1213203435596424,2.1213203435596424
SE.CLO.6.LDSEV.S.TMS.2011.3,2.1213203435596424,2.1213203435596424,2.1213203435596424,2.1213203435596424
SE.CLO.6.LDSEV.S.TMS.2011.4,2.1213203435596424,2.1213203435596424,2.1213203435596424,2.1213203435596424
SE.CLO.6.LDSEV.S.TMS.2011.5,2.1213203435596424,2.1213203435596424,2.1213203435596424,2.1213203435596424
SE.CLO.6.LDSEV.S.TMS.2011.A,-1.5210858480703824,2.121320343559635,1.5210858480703824,2.121320343559635
SE.CLO.6.LDSEV.S.TMS.2011.F,-1.5646898766502504,2.121320343559643,1.5646898766502504,2.121320343559643
SE.CLO.6.LDSEV.S.TMS.2011.M,-1.4038706329013562,2.1213203435596424,1.4038706329013562,2.1213203435596424
SE.CLO.6.LDSEV.S.TMS.2011.R,-1.6425992974946821,2.121320343559627,1.6425992974946821,2.121320343559627
SE.CLO.6.LDSEV.S.TMS.2011.U,-1.3175848435226194,2.1213203435596446,1.3175848435226194,2.1213203435596446
SE.CLO.6.PRF.M.PSC.2014.1,1.72113556411885,1.4643946793469345,1.72113556411885,1.4643946793469345
SE.CLO.6.PRF.M.PSC.2014.2,0.9785677256493958,0.9785677256493956,0.9785677256493958,0.9785677256493956
SE.CLO.6.PRF.M.PSC.2014.3,1.1466270439712576,1.1466270439712576,1.1466270439712576,1.1466270439712576
SE.CLO.6.PRF.M.PSC.2014.4,1.213912259102811,1.213912259102811,1.213912259102811,1.213912259102811
SE.CLO.6.PRF.M.PSC.2014.5,-0.10484654087110688,-0.10484654087110686,0.10484654087110688,0.10484654087110686
SE.CLO.6.PRF.M.PSC.2014.A,0.8090546780864818,0.8090546780864817,0.8090546780864818,0.8090546780864817
SE.CLO.6.PRF.M.PSC.2014.F,0.6440422442111183,0.6440422442111197,0.6440422442111183,0.6440422442111197
SE.CLO.6.PRF.M.PSC.2014.M,0.9585783651603204,0.9585783651603206,0.9585783651603204,0.9585783651603206
SE.CLO.6.PRF.M.PSC.2014.R,1.4663270691089443,1.2796257537496087,1.4663270691089443,1.2796257537496087
SE.CLO.6.PRF.M.PSC.2014.U,0.4624109301532315,0.4624109301532322,0.4624109301532315,0.4624109301532322
SE.CLO.6.PRF.M.PSC.2019.1,0.9663719298464802,0.9663719298464803,0.9663719298464802,0.9663719298464803
SE.CLO.6.PRF.M.PSC.2019.2,1.5431688016850722,0.5551625508965011,1.5431688016850722,0.5551625508965011
SE.CLO.6.PRF.M.PSC.2019.3,1.0934498998032642,1.0934498998032638,1.0934498998032642,1.0934498998032638
SE.CLO.6.PRF.M.PSC.2019.4,1.74826509374541,1.74826509374541,1.74826509374541,1.74826509374541
SE.CLO.6.PRF.M.PSC.2019.5,-0.6171885994133228,-0.617188599413322,0.6171885994133228,0.617188599413322
SE.CLO.6.PRF.M.PSC.2019.A,1.5405748406913817,1.5405748406913817,1.5405748406913817,1.5405748406913817
SE.CLO.6.PRF.M.PSC.2019.F,1.1897150895586812,1.1897150895586808,1.1897150895586812,1.1897150895586808
SE.CLO.6.PRF.M.PSC.2019.M,1.543209845128768,1.543209845128768,1.543209845128768,1.543209845128768
SE.CLO.6.PRF.M.PSC.2019.R,0.6297042388517878,0.6297042388517878,0.6297042388517878,0.6297042388517878
SE.CLO.6.PRF.M.PSC.2019.U,-0.14843155289377974,-0.14843155289377974,0.14843155289377974,0.14843155289377974
SE.CLO.6.PRF.M.TMS.2011.1,2.1213203435596446,2.1213203435596446,2.1213203435596446,2.1213203435596446
SE.CLO.6.PRF.M.TMS.2011.2,2.121320343559643,2.121320343559643,2.121320343559643,2.121320343559643
SE.CLO.6.PRF.M.TMS.2011.3,2.1213203435596437,2.1213203435596437,2.1213203435596437,2.1213203435596437
SE.CLO.6.PRF.M.TMS.2011.4,2.121320343559643,2.121320343559643,2.121320343559643,2.121320343559643
SE.CLO.6.PRF.M.TMS.2011.5,2.121320343559643,2.121320343559643,2.121320343559643,2.121320343559643
SE.CLO.6.PRF.M.TMS.2011.A,-0.592285401209265,-0.592285401209265,0.592285401209265,0.592285401209265
SE.CLO.6.PRF.M.TMS.2011.F,0.09000528393813448,0.09000528393813764,0.09000528393813448,0.09000528393813764
SE.CLO.6.PRF.M.TMS.2011.M,-1.367099811885222,2.121320343559637,1.367099811885222,2.121320343559637
SE.CLO.6.PRF.M.TMS.2011.R,0.13224313143430644,0.13224313143430644,0.13224313143430644,0.13224313143430644
SE.CLO.6.PRF.M.TMS.2011.U,-1.3537912746460197,2.1213203435596384,1.3537912746460197,2.1213203435596384
SE.CLO.6.PRF.R.LLC.2006.1,-0.08357538063965005,-0.08357538063965005,0.08357538063965005,0.08357538063965005
SE.CLO.6.PRF.R.LLC.2006.2,0.6642636462766335,0.6642636462766328,0.6642636462766335,0.6642636462766328
SE.CLO.6.PRF.R.LLC.2006.3,0.8327404266007642,0.8327404266007626,0.8327404266007642,0.8327404266007626
SE.CLO.6.PRF.R.LLC.2006.4,-0.4326565631235478,-0.4326565631235478,0.4326565631235478,0.4326565631235478
SE.CLO.6.PRF.R.LLC.2006.5,-0.2790314412366879,-0.2790314412366818,0.2790314412366879,0.2790314412366818
SE.CLO.6.PRF.R.LLC.2006.A,0.8443651749795448,0.8443651749795432,0.8443651749795448,0.8443651749795432
SE.CLO.6.PRF.R.LLC.2006.F,0.9950671204378099,0.9950671204378096,0.9950671204378099,0.9950671204378096
SE.CLO.6.PRF.R.LLC.2006.M,0.5372728129293354,0.5372728129293354,0.5372728129293354,0.5372728129293354
SE.CLO.6.PRF.R.LLC.2006.R,0.935666718785194,0.9356667187851918,0.935666718785194,0.9356667187851918
SE.CLO.6.PRF.R.LLC.2006.U,-0.3079643209361501,-0.3079643209361501,0.3079643209361501,0.3079643209361501
SE.CLO.6.PRF.R.LLC.2013.1,1.2309143630920045,1.2309143630920045,1.2309143630920045,1.2309143630920045
SE.CLO.6.PRF.R.LLC.2013.2,-0.040067007182453,-0.040067007182453,0.040067007182453,0.040067007182453
SE.CLO.6.PRF.R.LLC.2013.3,-0.8664387788036132,-0.8664387788036132,0.8664387788036132,0.8664387788036132
SE.CLO.6.PRF.R.LLC.2013.4,0.2507203689950745,0.25072036899507305,0.2507203689950745,0.25072036899507305
SE.CLO.6.PRF.R.LLC.2013.5,0.009926136579235866,0.00992613657923587,0.009926136579235866,0.00992613657923587
SE.CLO.6.PRF.R.LLC.2013.A,-0.39162802770912225,-0.39162802770912397,0.39162802770912225,0.39162802770912397
SE.CLO.6.PRF.R.LLC.2013.F,-0.2745285343079781,-0.274528534307978,0.2745285343079781,0.274528534307978
SE.CLO.6.PRF.R.LLC.2013.M,0.2887077144290134,0.288707714429015,0.2887077144290134,0.288707714429015
SE.CLO.6.PRF.R.LLC.2013.R,-0.3697151838889723,-0.36971518388897084,0.3697151838889723,0.36971518388897084
SE.CLO.6.PRF.R.LLC.2013.U,-0.7229835504955687,-0.7229835504955686,0.7229835504955687,0.7229835504955686
SE.CLO.6.PRF.R.LLC.2019.A,-0.48815486185513135,-0.4881548618551297,0.48815486185513135,0.4881548618551297
SE.CLO.6.PRF.R.PRL.2011.1,0.22384622279408103,2.121320343559658,0.22384622279408103,2.121320343559658
SE.CLO.6.PRF.R.PRL.2011.2,0.5046094605150205,0.5046094605150234,0.5046094605150205,0.5046094605150234
SE.CLO.6.PRF.R.PRL.2011.3,1.9856141042087219,1.109542032135466,1.9856141042087219,1.109542032135466
SE.CLO.6.PRF.R.PRL.2011.4,1.9144106375616068,2.1213203435596424,1.9144106375616068,2.1213203435596424
SE.CLO.6.PRF.R.PRL.2011.5,-0.3399713594304644,-0.3399713594304646,0.3399713594304644,0.3399713594304646
SE.CLO.6.PRF.R.PRL.2011.A,1.4429292534882994,0.026721263338714038,1.4429292534882994,0.026721263338714038
SE.CLO.6.PRF.R.PRL.2011.F,0.7143219828428851,0.7143219828428851,0.7143219828428851,0.7143219828428851
SE.CLO.6.PRF.R.PRL.2011.M,1.762488675455459,1.008583192143164,1.762488675455459,1.008583192143164
SE.CLO.6.PRF.R.PRL.2011.R,1.7824050338773103,2.1213203435596424,1.7824050338773103,2.1213203435596424
SE.CLO.6.PRF.R.PRL.2011.U,1.8020687593428055,0.9432469460329361,1.8020687593428055,0.9432469460329361
SE.CLO.6.PRF.R.PSC.2014.1,1.0156983646266275,1.0156983646266275,1.0156983646266275,1.0156983646266275
SE.CLO.6.PRF.R.PSC.2014.2,1.3904876324522513,1.3904876324522513,1.3904876324522513,1.3904876324522513
SE.CLO.6.PRF.R.PSC.2014.3,0.5610971194318874,0.5610971194318866,0.5610971194318874,0.5610971194318866
SE.CLO.6.PRF.R.PSC.2014.4,-0.630767210564695,-0.6307672105646951,0.630767210564695,0.6307672105646951
SE.CLO.6.PRF.R.PSC.2014.5,-1.1578484366011204,-0.6386526112348766,1.1578484366011204,0.6386526112348766
SE.CLO.6.PRF.R.PSC.2014.A,-0.13954751967375711,-0.13954751967375806,0.13954751967375711,0.13954751967375806
SE.CLO.6.PRF.R.PSC.2014.F,-0.23166936448175227,-0.23166936448175318,0.23166936448175227,0.23166936448175318
SE.CLO.6.PRF.R.PSC.2014.M,-0.01498592875055028,-0.01498592875055028,0.01498592875055028,0.01498592875055028
SE.CLO.6.PRF.R.PSC.2014.R,0.41830623812217566,0.41830623812217566,0.41830623812217566,0.41830623812217566
SE.CLO.6.PRF.R.PSC.2014.U,-0.3457890015163762,-0.3457890015163749,0.3457890015163762,0.3457890015163749
SE.CLO.6.PRF.R.PSC.2019.1,1.100318403857011,0.7413124617552437,1.100318403857011,0.7413124617552437
SE.CLO.6.PRF.R.PSC.2019.2,1.0601486197397567,0.6692299230881759,1.0601486197397567,0.6692299230881759
SE.CLO.6.PRF.R.PSC.2019.3,0.6428606383313972,0.6428606383313972,0.6428606383313972,0.6428606383313972
SE.CLO.6.PRF.R.PSC.2019.4,0.21048942555489955,0.21048942555489955,0.21048942555489955,0.21048942555489955
SE.CLO.6.PRF.R.PSC.2019.5,-0.6221216629900693,-0.6221216629900693,0.6221216629900693,0.6221216629900693
SE.CLO.6.PRF.R.PSC.2019.A,0.46188737791171874,0.46188737791171874,0.46188737791171874,0.46188737791171874
SE.CLO.6.PRF.R.PSC.2019.F,0.525809414618534,0.5258094146185335,0.525809414618534,0.5258094146185335
SE.CLO.6.PRF.R.PSC.2019.M,0.47427419948767435,0.47427419948767435,0.47427419948767435,0.47427419948767435
SE.CLO.6.PRF.R.PSC.2019.R,0.8372424621864578,0.3325700349966973,0.8372424621864578,0.3325700349966973
SE.CLO.6.PRF.R.PSC.2019.U,0.11958637409600525,0.11958637409600528,0.11958637409600525,0.11958637409600528
SE.CLO.6.PRF.R.SAC.2000.1,-0.47733895108005236,-0.47733895108005236,0.47733895108005236,0.47733895108005236
SE.CLO.6.PRF.R.SAC.2000.2,-1.7234249048622527,-1.7234249048622527,1.7234249048622527,1.7234249048622527
SE.CLO.6.PRF.R.SAC.2000.3,-1.3757790828686935,-1.3757790828686935,1.3757790828686935,1.3757790828686935
SE.CLO.6.PRF.R.SAC.2000.4,-1.1214965963129655,-1.1214965963129637,1.1214965963129655,1.1214965963129637
SE.CLO.6.PRF.R.SAC.2000.5,-1.279779583978589,-0.9310480501114061,1.279779583978589,0.9310480501114061
SE.CLO.6.PRF.R.SAC.2000.A,-1.5594550051361566,-1.559455005136156,1.5594550051361566,1.559455005136156
SE.CLO.6.PRF.R.SAC.2000.F,-1.3976600787096232,-1.397660078709623,1.3976600787096232,1.397660078709623
SE.CLO.6.PRF.R.SAC.2000.M,-0.9738842202327986,-0.9738842202327986,0.9738842202327986,0.9738842202327986
SE.CLO.6.PRF.R.SAC.2000.R,-1.4961353360530394,-1.4961353360530394,1.4961353360530394,1.4961353360530394
SE.CLO.6.PRF.R.SAC.2000.U,-0.6012839764919978,-0.6012839764919966,0.6012839764919978,0.6012839764919966
SE.CLO.6.PRF.R.SAC.2007.1,1.177133928063654,1.177133928063655,1.177133928063654,1.177133928063655
SE.CLO.6.PRF.R.SAC.2007.2,1.5434740125086461,1.5434740125086448,1.5434740125086461,1.5434740125086448
SE.CLO.6.PRF.R.SAC.2007.3,1.2779091894844739,1.277909189484474,1.2779091894844739,1.277909189484474
SE.CLO.6.PRF.R.SAC.2007.4,0.13446146570952117,0.13446146570952114,0.13446146570952117,0.13446146570952114
SE.CLO.6.PRF.R.SAC.2007.5,-1.6231389550574165,-1.1007979918456678,1.6231389550574165,1.1007979918456678
SE.CLO.6.PRF.R.SAC.2007.A,0.7423040158337041,0.7423040158337052,0.7423040158337041,0.7423040158337052
SE.CLO.6.PRF.R.SAC.2007.F,0.3662262245959703,0.3662262245959703,0.3662262245959703,0.3662262245959703
SE.CLO.6.PRF.R.SAC.2007.M,1.1085691130509927,1.1085691130509927,1.1085691130509927,1.1085691130509927
SE.CLO.6.PRF.R.SAC.2007.R,1.525417528910785,1.5254175289107847,1.525417528910785,1.5254175289107847
SE.CLO.6.PRF.R.SAC.2007.U,-0.7799969399971325,-0.8713331809675374,0.7799969399971325,0.8713331809675374
SE.CLO.6.PRF.S.TMS.2011.1,2.121320343559642,2.121320343559642,2.121320343559642,2.121320343559642
SE.CLO.6.PRF.S.TMS.2011.2,2.121320343559642,2.121320343559642,2.121320343559642,2.121320343559642
SE.CLO.6.PRF.S.TMS.2011.3,2.121320343559643,2.121320343559643,2.121320343559643,2.121320343559643
SE.CLO.6.PRF.S.TMS.2011.4,2.1213203435596433,2.1213203435596433,2.1213203435596433,2.1213203435596433
SE.CLO.6.PRF.S.TMS.2011.5,2.1213203435596424,2.1213203435596424,2.1213203435596424,2.1213203435596424
SE.CLO.6.PRF.S.TMS.2011.A,0.7847187702116143,0.7847187702116143,0.7847187702116143,0.7847187702116143
SE.CLO.6.PRF.S.TMS.2011.F,0.7655196259475228,0.7655196259475227,0.7655196259475228,0.7655196259475227
SE.CLO.6.PRF.S.TMS.2011.M,0.8833394217250727,0.8833394217250727,0.8833394217250727,0.8833394217250727
SE.CLO.6.PRF.S.TMS.2011.R,0.30861632314278714,0.30861632314278714,0.30861632314278714,0.30861632314278714
SE.CLO.6.PRF.S.TMS.2011.U,0.8401749343996103,0.8401749343996106,0.8401749343996103,0.8401749343996106
SE.CLO.8.LDGAP.M.TMS.2003.1,1.1117073752467073,0.9149655560905058,1.1117073752467073,0.9149655560905058
SE.CLO.8.LDGAP.M.TMS.2003.2,0.9421498145261475,0.8629722586642595,0.9421498145261475,0.8629722586642595
SE.CLO.8.LDGAP.M.TMS.2003.3,1.2799714857576492,1.0503366840794781,1.2799714857576492,1.0503366840794781
SE.CLO.8.LDGAP.M.TMS.2003.4,0.8903873630264116,0.789199282954387,0.8903873630264116,0.789199282954387
SE.CLO.8.LDGAP.M.TMS.2003.5,1.0700274795052005,1.0973221889287192,1.0700274795052005,1.0973221889287192
SE.CLO.8.LDGAP.M.TMS.2003.A,1.142766935291649,0.8861630264491701,1.142766935291649,0.8861630264491701
SE.CLO.8.LDGAP.M.TMS.2003.F,1.1390656927107474,0.9031276636119182,1.1390656927107474,0.9031276636119182
SE.CLO.8.LDGAP.M.TMS.2003.M,1.1120940476349206,0.812928227994613,1.1120940476349206,0.812928227994613
SE.CLO.8.LDGAP.M.TMS.2003.R,0.6579677871692847,0.8212750345356301,0.6579677871692847,0.8212750345356301
SE.CLO.8.LDGAP.M.TMS.2003.U,1.0053864103629122,0.831666417294288,1.0053864103629122,0.831666417294288
SE.CLO.8.LDGAP.M.TMS.2007.1,0.3504342785045815,0.35043427850457887,0.3504342785045815,0.35043427850457887
SE.CLO.8.LDGAP.M.TMS.2007.2,0.4450653373184641,0.4450653373184641,0.4450653373184641,0.4450653373184641
SE.CLO.8.LDGAP.M.TMS.2007.3,0.43563741605445616,0.4356374160544574,0.43563741605445616,0.4356374160544574
SE.CLO.8.LDGAP.M.TMS.2007.4,0.9393957929073071,0.9393957929073058,0.9393957929073071,0.9393957929073058
SE.CLO.8.LDGAP.M.TMS.2007.5,0.9784481809891217,0.9784481809891183,0.9784481809891217,0.9784481809891183
SE.CLO.8.LDGAP.M.TMS.2007.A,0.3042132642412418,0.304213264241239,0.3042132642412418,0.304213264241239
SE.CLO.8.LDGAP.M.TMS.2007.F,0.31222385011386816,0.3122238501138652,0.31222385011386816,0.3122238501138652
SE.CLO.8.LDGAP.M.TMS.2007.M,0.448182847999347,0.44818284799934704,0.448182847999347,0.44818284799934704
SE.CLO.8.LDGAP.M.TMS.2007.R,0.22282071644772056,0.22282071644771792,0.22282071644772056,0.22282071644771792
SE.CLO.8.LDGAP.M.TMS.2007.U,0.3927372511882658,0.3927372511882672,0.3927372511882658,0.3927372511882672
SE.CLO.8.LDGAP.M.TMS.2011.1,0.2889547205132093,0.28895472051321075,0.2889547205132093,0.28895472051321075
SE.CLO.8.LDGAP.M.TMS.2011.2,0.4463100173839511,0.44631001738395376,0.4463100173839511,0.44631001738395376
SE.CLO.8.LDGAP.M.TMS.2011.3,0.27542721891925487,0.2754272189192549,0.27542721891925487,0.2754272189192549
SE.CLO.8.LDGAP.M.TMS.2011.4,0.3365060884536395,0.3365060884536395,0.3365060884536395,0.3365060884536395
SE.CLO.8.LDGAP.M.TMS.2011.5,0.7393697696382322,0.7393697696382339,0.7393697696382322,0.7393697696382339
SE.CLO.8.LDGAP.M.TMS.2011.A,0.24344293250540808,0.24344293250540808,0.24344293250540808,0.24344293250540808
SE.CLO.8.LDGAP.M.TMS.2011.F,0.6121765793870702,0.6121765793870717,0.6121765793870702,0.6121765793870717
SE.CLO.8.LDGAP.M.TMS.2011.M,0.4720518735421418,0.4720518735421447,0.4720518735421418,0.4720518735421447
SE.CLO.8.LDGAP.M.TMS.2011.R,-0.17043660420085466,-0.170436604200856,0.17043660420085466,0.170436604200856
SE.CLO.8.LDGAP.M.TMS.2011.U,0.01695334214210794,0.01695334214210951,0.01695334214210794,0.01695334214210951
SE.CLO.8.LDGAP.M.TMS.2015.1,0.4839326810138253,0.4839326810138285,0.4839326810138253,0.4839326810138285
SE.CLO.8.LDGAP.M.TMS.2015.2,1.6731798545476841,1.6731798545476844,1.6731798545476841,1.6731798545476844
SE.CLO.8.LDGAP.M.TMS.2015.3,1.7100970404540041,1.710097040454001,1.7100970404540041,1.710097040454001
SE.CLO.8.LDGAP.M.TMS.2015.4,0.9753007998990695,0.9753007998990714,0.9753007998990695,0.9753007998990714
SE.CLO.8.LDGAP.M.TMS.2015.5,0.7238800753145637,0.7238800753145596,0.7238800753145637,0.7238800753145596
SE.CLO.8.LDGAP.M.TMS.2015.A,0.8792926235394375,0.8792926235394392,0.8792926235394375,0.8792926235394392
SE.CLO.8.LDGAP.M.TMS.2015.F,0.830612760247013,0.830612760247013,0.830612760247013,0.830612760247013
SE.CLO.8.LDGAP.M.TMS.2015.M,1.2360700262917765,1.2360700262917765,1.2360700262917765,1.2360700262917765
SE.CLO.8.LDGAP.M.TMS.2015.R,0.4436655846554308,0.44366558465542916,0.4436655846554308,0.44366558465542916
SE.CLO.8.LDGAP.M.TMS.2015.U,1.4608682482117592,1.4608682482117574,1.4608682482117592,1.4608682482117574
SE.CLO.8.LDGAP.M.TMS.2019.1,0.6452726836186676,0.6452726836186676,0.6452726836186676,0.6452726836186676
SE.CLO.8.LDGAP.M.TMS.2019.2,0.6856007754525513,0.685600775452553,0.6856007754525513,0.685600775452553
SE.CLO.8.LDGAP.M.TMS.2019.3,0.6698047065134257,0.6698047065134239,0.6698047065134257,0.6698047065134239
SE.CLO.8.LDGAP.M.TMS.2019.4,0.4888247249197585,0.4888247249197584,0.4888247249197585,0.4888247249197584
SE.CLO.8.LDGAP.M.TMS.2019.5,-0.11635079191002391,-0.11635079191002394,0.11635079191002391,0.11635079191002394
SE.CLO.8.LDGAP.M.TMS.2019.A,1.354344494100936,1.3543444941009362,1.354344494100936,1.3543444941009362
SE.CLO.8.LDGAP.M.TMS.2019.F,0.9118473403265741,0.9118473403265739,0.9118473403265741,0.9118473403265739
SE.CLO.8.LDGAP.M.TMS.2019.M,1.3121372334056012,1.3121372334056012,1.3121372334056012,1.3121372334056012
SE.CLO.8.LDGAP.M.TMS.2019.R,-0.38185769749998966,-0.38185769749999143,0.38185769749998966,0.38185769749999143
SE.CLO.8.LDGAP.M.TMS.2019.U,0.6151844656920051,0.6151844656920029,0.6151844656920051,0.6151844656920029
SE.CLO.8.LDGAP.S.TMS.2003.1,0.9145339956025484,0.8351854557992499,0.9145339956025484,0.8351854557992499
SE.CLO.8.LDGAP.S.TMS.2003.2,0.7961301167392337,0.8260854592136108,0.7961301167392337,0.8260854592136108
SE.CLO.8.LDGAP.S.TMS.2003.3,1.008400783019907,0.8834692505801076,1.008400783019907,0.8834692505801076
SE.CLO.8.LDGAP.S.TMS.2003.4,0.8161614213857924,1.1457771576229219,0.8161614213857924,1.1457771576229219
SE.CLO.8.LDGAP.S.TMS.2003.5,0.7702310605024949,0.8320260764885626,0.7702310605024949,0.8320260764885626
SE.CLO.8.LDGAP.S.TMS.2003.A,0.8754500966771974,0.9323335920646655,0.8754500966771974,0.9323335920646655
SE.CLO.8.LDGAP.S.TMS.2003.F,0.9498706696870765,0.806664071728159,0.9498706696870765,0.806664071728159
SE.CLO.8.LDGAP.S.TMS.2003.M,0.7362553599934171,0.6510430025940642,0.7362553599934171,0.6510430025940642
SE.CLO.8.LDGAP.S.TMS.2003.R,0.5881027450767077,0.46641671099978216,0.5881027450767077,0.46641671099978216
SE.CLO.8.LDGAP.S.TMS.2003.U,0.9259604645166217,0.8853719771509075,0.9259604645166217,0.8853719771509075
SE.CLO.8.LDGAP.S.TMS.2007.1,0.5876316032723883,0.4219533252835635,0.5876316032723883,0.4219533252835635
SE.CLO.8.LDGAP.S.TMS.2007.2,0.4754935457231485,0.11215380582365646,0.4754935457231485,0.11215380582365646
SE.CLO.8.LDGAP.S.TMS.2007.3,0.5382623582347104,0.22595834795613998,0.5382623582347104,0.22595834795613998
SE.CLO.8.LDGAP.S.TMS.2007.4,0.7425161889480746,0.5020450123822334,0.7425161889480746,0.5020450123822334
SE.CLO.8.LDGAP.S.TMS.2007.5,0.9471946752323871,0.7300417581462134,0.9471946752323871,0.7300417581462134
SE.CLO.8.LDGAP.S.TMS.2007.A,0.6712472874611183,0.40619824783505587,0.6712472874611183,0.40619824783505587
SE.CLO.8.LDGAP.S.TMS.2007.F,0.5567221793131838,0.19343567368815712,0.5567221793131838,0.19343567368815712
SE.CLO.8.LDGAP.S.TMS.2007.M,0.6718532379531015,0.585164261329197,0.6718532379531015,0.585164261329197
SE.CLO.8.LDGAP.S.TMS.2007.R,0.08536056316145345,0.16152522562637012,0.08536056316145345,0.16152522562637012
SE.CLO.8.LDGAP.S.TMS.2007.U,0.7030578300577159,0.5807514914520799,0.7030578300577159,0.5807514914520799
SE.CLO.8.LDGAP.S.TMS.2011.1,0.7334886986456831,0.5646495393856267,0.7334886986456831,0.5646495393856267
SE.CLO.8.LDGAP.S.TMS.2011.2,0.47945130809054226,0.4794513080905408,0.47945130809054226,0.4794513080905408
SE.CLO.8.LDGAP.S.TMS.2011.3,0.6542923157338957,0.6542923157338942,0.6542923157338957,0.6542923157338942
SE.CLO.8.LDGAP.S.TMS.2011.4,0.9891126606438252,0.8609596106204878,0.9891126606438252,0.8609596106204878
SE.CLO.8.LDGAP.S.TMS.2011.5,0.7111128974785069,0.5158678278128784,0.7111128974785069,0.5158678278128784
SE.CLO.8.LDGAP.S.TMS.2011.A,0.6686184015572886,0.4734296766342806,0.6686184015572886,0.4734296766342806
SE.CLO.8.LDGAP.S.TMS.2011.F,0.6537115298370743,0.4382533564773716,0.6537115298370743,0.4382533564773716
SE.CLO.8.LDGAP.S.TMS.2011.M,0.6935669595002746,0.6935669595002745,0.6935669595002746,0.6935669595002745
SE.CLO.8.LDGAP.S.TMS.2011.R,0.23362046415358503,-0.06162165432182724,0.23362046415358503,0.06162165432182724
SE.CLO.8.LDGAP.S.TMS.2011.U,0.7104572805137896,0.7104572805137894,0.7104572805137896,0.7104572805137894
SE.CLO.8.LDGAP.S.TMS.2015.1,0.9868577708149986,0.9868577708149969,0.9868577708149986,0.9868577708149969
SE.CLO.8.LDGAP.S.TMS.2015.2,1.3584306960616817,1.3584306960616814,1.3584306960616817,1.3584306960616814
SE.CLO.8.LDGAP.S.TMS.2015.3,0.8904554522772637,0.8904554522772637,0.8904554522772637,0.8904554522772637
SE.CLO.8.LDGAP.S.TMS.2015.4,0.8314847627612402,0.8314847627612417,0.8314847627612402,0.8314847627612417
SE.CLO.8.LDGAP.S.TMS.2015.5,0.8532948328097512,0.853294832809753,0.8532948328097512,0.853294832809753
SE.CLO.8.LDGAP.S.TMS.2015.A,1.2732774097964124,1.2732774097964124,1.2732774097964124,1.2732774097964124
SE.CLO.8.LDGAP.S.TMS.2015.F,0.8925390831324448,0.7195092497691109,0.8925390831324448,0.7195092497691109
SE.CLO.8.LDGAP.S.TMS.2015.M,1.4449348656969678,1.4449348656969694,1.4449348656969678,1.4449348656969694
SE.CLO.8.LDGAP.S.TMS.2015.R,0.08390671392480291,0.08390671392479976,0.08390671392480291,0.08390671392479976
SE.CLO.8.LDGAP.S.TMS.2015.U,0.8663232205377766,0.8663232205377768,0.8663232205377766,0.8663232205377768
SE.CLO.8.LDGAP.S.TMS.2019.1,0.20541658828173104,0.20541658828173104,0.20541658828173104,0.20541658828173104
SE.CLO.8.LDGAP.S.TMS.2019.2,0.2902277668215331,0.2902277668215331,0.2902277668215331,0.2902277668215331
SE.CLO.8.LDGAP.S.TMS.2019.3,0.5894201387177279,0.589420138717728,0.5894201387177279,0.589420138717728
SE.CLO.8.LDGAP.S.TMS.2019.4,0.3767159538794438,0.3767159538794437,0.3767159538794438,0.3767159538794437
SE.CLO.8.LDGAP.S.TMS.2019.5,0.29332914188195647,0.29332914188195647,0.29332914188195647,0.29332914188195647
SE.CLO.8.LDGAP.S.TMS.2019.A,0.3544292932849869,0.35442929328498685,0.3544292932849869,0.35442929328498685
SE.CLO.8.LDGAP.S.TMS.2019.F,0.5719945382954283,0.13847531932921542,0.5719945382954283,0.13847531932921542
SE.CLO.8.LDGAP.S.TMS.2019.M,0.3209828754024923,0.3209828754024923,0.3209828754024923,0.3209828754024923
SE.CLO.8.LDGAP.S.TMS.2019.R,0.5034645583487715,0.5034645583487734,0.5034645583487715,0.5034645583487734
SE.CLO.8.LDGAP.S.TMS.2019.U,0.3893794369103979,0.38937943691039795,0.3893794369103979,0.38937943691039795
SE.CLO.8.LDSEV.M.TMS.2003.1,1.1344981468543052,0.9832644322360973,1.1344981468543052,0.9832644322360973
SE.CLO.8.LDSEV.M.TMS.2003.2,1.1313271852986853,1.1615487773756263,1.1313271852986853,1.1615487773756263
SE.CLO.8.LDSEV.M.TMS.2003.3,1.2891730092360094,1.063562116560916,1.2891730092360094,1.063562116560916
SE.CLO.8.LDSEV.M.TMS.2003.4,1.1006382786295266,0.8612531581076156,1.1006382786295266,0.8612531581076156
SE.CLO.8.LDSEV.M.TMS.2003.5,1.213650585978237,1.297400179685345,1.213650585978237,1.297400179685345
SE.CLO.8.LDSEV.M.TMS.2003.A,1.18583366810791,1.3115922966906266,1.18583366810791,1.3115922966906266
SE.CLO.8.LDSEV.M.TMS.2003.F,1.18976338713847,1.2683124604727327,1.18976338713847,1.2683124604727327
SE.CLO.8.LDSEV.M.TMS.2003.M,1.1379005159287534,1.1942494516897115,1.1379005159287534,1.1942494516897115
SE.CLO.8.LDSEV.M.TMS.2003.R,0.9693685489757042,1.112621901625852,0.9693685489757042,1.112621901625852
SE.CLO.8.LDSEV.M.TMS.2003.U,1.0825390470835567,1.177411509314613,1.0825390470835567,1.177411509314613
SE.CLO.8.LDSEV.M.TMS.2007.1,0.7152715668272266,0.7152715668272276,0.7152715668272266,0.7152715668272276
SE.CLO.8.LDSEV.M.TMS.2007.2,0.9228758845494703,0.9228758845494691,0.9228758845494703,0.9228758845494691
SE.CLO.8.LDSEV.M.TMS.2007.3,0.6928473738617278,0.6928473738617249,0.6928473738617278,0.6928473738617249
SE.CLO.8.LDSEV.M.TMS.2007.4,1.1781517549474472,1.1932852799905298,1.1781517549474472,1.1932852799905298
SE.CLO.8.LDSEV.M.TMS.2007.5,1.1359183704048272,0.955142942884176,1.1359183704048272,0.955142942884176
SE.CLO.8.LDSEV.M.TMS.2007.A,0.6803314846746749,0.6803314846746776,0.6803314846746749,0.6803314846746776
SE.CLO.8.LDSEV.M.TMS.2007.F,0.5940375904616386,1.0317009340407104,0.5940375904616386,1.0317009340407104
SE.CLO.8.LDSEV.M.TMS.2007.M,0.5498477711278189,0.6084989195153891,0.5498477711278189,0.6084989195153891
SE.CLO.8.LDSEV.M.TMS.2007.R,0.8017241396160656,0.8017241396160667,0.8017241396160656,0.8017241396160667
SE.CLO.8.LDSEV.M.TMS.2007.U,0.61546994350716,0.61546994350716,0.61546994350716,0.61546994350716
SE.CLO.8.LDSEV.M.TMS.2011.1,0.7286179946134408,0.7286179946134407,0.7286179946134408,0.7286179946134407
SE.CLO.8.LDSEV.M.TMS.2011.2,0.8700035500651779,0.8700035500651785,0.8700035500651779,0.8700035500651785
SE.CLO.8.LDSEV.M.TMS.2011.3,0.6650423131609721,0.6650423131609713,0.6650423131609721,0.6650423131609713
SE.CLO.8.LDSEV.M.TMS.2011.4,0.5719498714685141,0.5719498714685141,0.5719498714685141,0.5719498714685141
SE.CLO.8.LDSEV.M.TMS.2011.5,1.1033188525620328,0.9820298410489885,1.1033188525620328,0.9820298410489885
SE.CLO.8.LDSEV.M.TMS.2011.A,0.6803888458923998,0.6803888458923985,0.6803888458923998,0.6803888458923985
SE.CLO.8.LDSEV.M.TMS.2011.F,1.0099544878130764,0.8754070702707277,1.0099544878130764,0.8754070702707277
SE.CLO.8.LDSEV.M.TMS.2011.M,0.7481439672110124,0.7481439672110124,0.7481439672110124,0.7481439672110124
SE.CLO.8.LDSEV.M.TMS.2011.R,0.5826332912899962,0.5826332912899966,0.5826332912899962,0.5826332912899966
SE.CLO.8.LDSEV.M.TMS.2011.U,0.6276966870390693,0.6276966870390687,0.6276966870390693,0.6276966870390687
SE.CLO.8.LDSEV.M.TMS.2015.1,0.7811857607519301,0.7811857607519302,0.7811857607519301,0.7811857607519302
SE.CLO.8.LDSEV.M.TMS.2015.2,1.8458342631796207,1.6851397753474433,1.8458342631796207,1.6851397753474433
SE.CLO.8.LDSEV.M.TMS.2015.3,1.8355683481070333,1.675042044001769,1.8355683481070333,1.675042044001769
SE.CLO.8.LDSEV.M.TMS.2015.4,1.2260130037156542,1.2260130037156547,1.2260130037156542,1.2260130037156547
SE.CLO.8.LDSEV.M.TMS.2015.5,1.012574533450175,1.0125745334501763,1.012574533450175,1.0125745334501763
SE.CLO.8.LDSEV.M.TMS.2015.A,0.9415970513902765,0.9415970513902747,0.9415970513902765,0.9415970513902747
SE.CLO.8.LDSEV.M.TMS.2015.F,1.2375972459222537,1.1086841678426969,1.2375972459222537,1.1086841678426969
SE.CLO.8.LDSEV.M.TMS.2015.M,1.1896424581350034,1.1896424581350031,1.1896424581350034,1.1896424581350031
SE.CLO.8.LDSEV.M.TMS.2015.R,0.7425250217292549,0.742525021729254,0.7425250217292549,0.742525021729254
SE.CLO.8.LDSEV.M.TMS.2015.U,1.3747463036269676,1.374746303626969,1.3747463036269676,1.374746303626969
SE.CLO.8.LDSEV.M.TMS.2019.1,1.1112360382103892,1.1112360382103899,1.1112360382103892,1.1112360382103899
SE.CLO.8.LDSEV.M.TMS.2019.2,1.1752061776467382,1.1752061776467382,1.1752061776467382,1.1752061776467382
SE.CLO.8.LDSEV.M.TMS.2019.3,0.9995452615471433,0.9995452615471433,0.9995452615471433,0.9995452615471433
SE.CLO.8.LDSEV.M.TMS.2019.4,0.8521689610354464,0.8521689610354464,0.8521689610354464,0.8521689610354464
SE.CLO.8.LDSEV.M.TMS.2019.5,0.42061658708400196,0.420616587084002,0.42061658708400196,0.420616587084002
SE.CLO.8.LDSEV.M.TMS.2019.A,1.650696818889864,1.650696818889865,1.650696818889864,1.650696818889865
SE.CLO.8.LDSEV.M.TMS.2019.F,1.216997724891412,1.2169977248914094,1.216997724891412,1.2169977248914094
SE.CLO.8.LDSEV.M.TMS.2019.M,1.4730006944958287,1.454998477716562,1.4730006944958287,1.454998477716562
SE.CLO.8.LDSEV.M.TMS.2019.R,-0.0961818921166679,-0.09618189211666592,0.0961818921166679,0.09618189211666592
SE.CLO.8.LDSEV.M.TMS.2019.U,1.064951140828349,1.0649511408283505,1.064951140828349,1.0649511408283505
SE.CLO.8.LDSEV.S.TMS.2003.1,0.9631994730103036,0.8701411181401651,0.9631994730103036,0.8701411181401651
SE.CLO.8.LDSEV.S.TMS.2003.2,0.939291410409336,1.4441895703631693,0.939291410409336,1.4441895703631693
SE.CLO.8.LDSEV.S.TMS.2003.3,1.0637763005178773,1.2659333485115416,1.0637763005178773,1.2659333485115416
SE.CLO.8.LDSEV.S.TMS.2003.4,0.9404393965947921,1.308645816672524,0.9404393965947921,1.308645816672524
SE.CLO.8.LDSEV.S.TMS.2003.5,0.8812006074481813,0.9480207689647975,0.8812006074481813,0.9480207689647975
SE.CLO.8.LDSEV.S.TMS.2003.A,0.9921854563967233,1.2330028244418918,0.9921854563967233,1.2330028244418918
SE.CLO.8.LDSEV.S.TMS.2003.F,1.0057608773992295,1.2240972327549002,1.0057608773992295,1.2240972327549002
SE.CLO.8.LDSEV.S.TMS.2003.M,0.9543952974093404,0.8251475378893718,0.9543952974093404,0.8251475378893718
SE.CLO.8.LDSEV.S.TMS.2003.R,0.8021667792839041,0.8344991490979273,0.8021667792839041,0.8344991490979273
SE.CLO.8.LDSEV.S.TMS.2003.U,1.036362023953082,1.1275233636352902,1.036362023953082,1.1275233636352902
SE.CLO.8.LDSEV.S.TMS.2007.1,0.7383389596097243,0.5495307467480298,0.7383389596097243,0.5495307467480298
SE.CLO.8.LDSEV.S.TMS.2007.2,0.6876527475887303,0.37419326975912576,0.6876527475887303,0.37419326975912576
SE.CLO.8.LDSEV.S.TMS.2007.3,0.8328234342603366,0.3875296036807283,0.8328234342603366,0.3875296036807283
SE.CLO.8.LDSEV.S.TMS.2007.4,1.0384241772062732,0.7928433914467585,1.0384241772062732,0.7928433914467585
SE.CLO.8.LDSEV.S.TMS.2007.5,1.0222122547142112,0.7343318665995654,1.0222122547142112,0.7343318665995654
SE.CLO.8.LDSEV.S.TMS.2007.A,0.6676715504394545,0.3365775453649183,0.6676715504394545,0.3365775453649183
SE.CLO.8.LDSEV.S.TMS.2007.F,0.7223704258107119,0.29250240794939514,0.7223704258107119,0.29250240794939514
SE.CLO.8.LDSEV.S.TMS.2007.M,0.7595268490016962,0.5491010755554676,0.7595268490016962,0.5491010755554676
SE.CLO.8.LDSEV.S.TMS.2007.R,0.682862916902094,0.5535107007336543,0.682862916902094,0.5535107007336543
SE.CLO.8.LDSEV.S.TMS.2007.U,0.7057832730641891,0.5081903125121283,0.7057832730641891,0.5081903125121283
SE.CLO.8.LDSEV.S.TMS.2011.1,1.04734268492872,0.6774014510600331,1.04734268492872,0.6774014510600331
SE.CLO.8.LDSEV.S.TMS.2011.2,1.0290462753728011,0.9283825506937804,1.0290462753728011,0.9283825506937804
SE.CLO.8.LDSEV.S.TMS.2011.3,1.094189659902963,1.049086377684398,1.094189659902963,1.049086377684398
SE.CLO.8.LDSEV.S.TMS.2011.4,1.1365283165880604,1.157560448808304,1.1365283165880604,1.157560448808304
SE.CLO.8.LDSEV.S.TMS.2011.5,0.9779198135384085,0.9155509204218604,0.9779198135384085,0.9155509204218604
SE.CLO.8.LDSEV.S.TMS.2011.A,0.8810855974688525,0.7378493893745707,0.8810855974688525,0.7378493893745707
SE.CLO.8.LDSEV.S.TMS.2011.F,0.84390359380279,0.6503004797014696,0.84390359380279,0.6503004797014696
SE.CLO.8.LDSEV.S.TMS.2011.M,0.9915715248759929,0.8546387778347402,0.9915715248759929,0.8546387778347402
SE.CLO.8.LDSEV.S.TMS.2011.R,0.7250605327241352,0.518572560634308,0.7250605327241352,0.518572560634308
SE.CLO.8.LDSEV.S.TMS.2011.U,1.0758874493659245,0.9636465828562024,1.0758874493659245,0.9636465828562024
SE.CLO.8.LDSEV.S.TMS.2015.1,1.2390595715012478,1.1254574794130545,1.2390595715012478,1.1254574794130545
SE.CLO.8.LDSEV.S.TMS.2015.2,1.1173518821589077,0.9810260918643866,1.1173518821589077,0.9810260918643866
SE.CLO.8.LDSEV.S.TMS.2015.3,1.045058097583476,0.8981904904964855,1.045058097583476,0.8981904904964855
SE.CLO.8.LDSEV.S.TMS.2015.4,1.0477782959321165,0.8999192544384937,1.0477782959321165,0.8999192544384937
SE.CLO.8.LDSEV.S.TMS.2015.5,1.1652827442121156,1.2425094861156476,1.1652827442121156,1.2425094861156476
SE.CLO.8.LDSEV.S.TMS.2015.A,1.167846323155248,1.0411114034093591,1.167846323155248,1.0411114034093591
SE.CLO.8.LDSEV.S.TMS.2015.F,0.8005396291144028,0.6042646445210244,0.8005396291144028,0.6042646445210244
SE.CLO.8.LDSEV.S.TMS.2015.M,1.5408091628698686,1.4487025731763299,1.5408091628698686,1.4487025731763299
SE.CLO.8.LDSEV.S.TMS.2015.R,0.7656063670751636,0.7656063670751628,0.7656063670751636,0.7656063670751628
SE.CLO.8.LDSEV.S.TMS.2015.U,0.8674847963379367,0.6918371570767624,0.8674847963379367,0.6918371570767624
SE.CLO.8.LDSEV.S.TMS.2019.1,0.531737693914581,0.8052159380870338,0.531737693914581,0.8052159380870338
SE.CLO.8.LDSEV.S.TMS.2019.2,0.7262171261638473,0.7690431693658079,0.7262171261638473,0.7690431693658079
SE.CLO.8.LDSEV.S.TMS.2019.3,0.9755603822246142,0.9755603822246142,0.9755603822246142,0.9755603822246142
SE.CLO.8.LDSEV.S.TMS.2019.4,0.7526442944873506,0.7526442944873518,0.7526442944873506,0.7526442944873518
SE.CLO.8.LDSEV.S.TMS.2019.5,0.540442396357135,0.540442396357135,0.540442396357135,0.540442396357135
SE.CLO.8.LDSEV.S.TMS.2019.A,0.5548210451190294,0.4031094276333909,0.5548210451190294,0.4031094276333909
SE.CLO.8.LDSEV.S.TMS.2019.F,0.8733726281743642,0.4534882567617971,0.8733726281743642,0.4534882567617971
SE.CLO.8.LDSEV.S.TMS.2019.M,0.686466478699938,0.686466478699938,0.686466478699938,0.686466478699938
SE.CLO.8.LDSEV.S.TMS.2019.R,0.6746692421976077,0.6746692421976069,0.6746692421976077,0.6746692421976069
SE.CLO.8.LDSEV.S.TMS.2019.U,0.6436418387480134,0.6436418387480143,0.6436418387480134,0.6436418387480143
SE.CLO.8.PRF.M.TMS.2003.1,-0.1978087092928183,-0.19780870929281924,0.1978087092928183,0.19780870929281924
SE.CLO.8.PRF.M.TMS.2003.2,-0.5050160480661793,-0.5050160480661777,0.5050160480661793,0.5050160480661777
SE.CLO.8.PRF.M.TMS.2003.3,-0.8035242442342271,-0.8035242442342254,0.8035242442342271,0.8035242442342254
SE.CLO.8.PRF.M.TMS.2003.4,-0.9948848479405803,-0.9948848479405803,0.9948848479405803,0.9948848479405803
SE.CLO.8.PRF.M.TMS.2003.5,-1.1922018324879362,-1.1922018324879333,1.1922018324879362,1.1922018324879333
SE.CLO.8.PRF.M.TMS.2003.A,-0.7773667607621432,-0.7773667607621442,0.7773667607621432,0.7773667607621442
SE.CLO.8.PRF.M.TMS.2003.F,-0.8944148718457059,-0.8944148718457068,0.8944148718457059,0.8944148718457068
SE.CLO.8.PRF.M.TMS.2003.M,-0.7195041035548142,-0.7195041035548161,0.7195041035548142,0.7195041035548161
SE.CLO.8.PRF.M.TMS.2003.R,-0.4847205239319435,-0.48472052393194265,0.4847205239319435,0.48472052393194265
SE.CLO.8.PRF.M.TMS.2003.U,-1.0196481018403964,-1.019648101840397,1.0196481018403964,1.019648101840397
SE.CLO.8.PRF.M.TMS.2007.1,0.4433143191596923,0.4433143191596925,0.4433143191596923,0.4433143191596925
SE.CLO.8.PRF.M.TMS.2007.2,0.4238231701386326,0.4238231701386327,0.4238231701386326,0.4238231701386327
SE.CLO.8.PRF.M.TMS.2007.3,-0.021215766913257526,-0.021215766913257526,0.021215766913257526,0.021215766913257526
SE.CLO.8.PRF.M.TMS.2007.4,-0.5342200571699137,-0.5342200571699122,0.5342200571699137,0.5342200571699122
SE.CLO.8.PRF.M.TMS.2007.5,-1.111499233372097,-1.1114992333720943,1.111499233372097,1.1114992333720943
SE.CLO.8.PRF.M.TMS.2007.A,-0.49580325630235034,-0.49580325630235034,0.49580325630235034,0.49580325630235034
SE.CLO.8.PRF.M.TMS.2007.F,-0.4974390832088019,-0.4974390832088028,0.4974390832088019,0.4974390832088028
SE.CLO.8.PRF.M.TMS.2007.M,-0.4934015239717925,-0.4934015239717907,0.4934015239717925,0.4934015239717907
SE.CLO.8.PRF.M.TMS.2007.R,0.30685489959120643,0.3068548995912064,0.30685489959120643,0.3068548995912064
SE.CLO.8.PRF.M.TMS.2007.U,-0.3825152956939439,-0.38251529569394477,0.3825152956939439,0.38251529569394477
SE.CLO.8.PRF.M.TMS.2011.1,1.2019059651592736,1.2019059651592734,1.2019059651592736,1.2019059651592734
SE.CLO.8.PRF.M.TMS.2011.2,0.9685038221720532,0.968503822172055,0.9685038221720532,0.968503822172055
SE.CLO.8.PRF.M.TMS.2011.3,0.8683209825060704,0.8683209825060713,0.8683209825060704,0.8683209825060713
SE.CLO.8.PRF.M.TMS.2011.4,0.21675688488884481,0.21675688488884576,0.21675688488884481,0.21675688488884576
SE.CLO.8.PRF.M.TMS.2011.5,-0.4651594490368204,-0.4651594490368204,0.4651594490368204,0.4651594490368204
SE.CLO.8.PRF.M.TMS.2011.A,0.4763187504197423,0.4763187504197423,0.4763187504197423,0.4763187504197423
SE.CLO.8.PRF.M.TMS.2011.F,0.3996310950645771,0.3996310950645781,0.3996310950645771,0.3996310950645781
SE.CLO.8.PRF.M.TMS.2011.M,0.45273392473616153,0.4527339247361596,0.45273392473616153,0.4527339247361596
SE.CLO.8.PRF.M.TMS.2011.R,0.9019259210545866,0.9019259210545856,0.9019259210545866,0.9019259210545856
SE.CLO.8.PRF.M.TMS.2011.U,0.3618714934321522,0.3618714934321522,0.3618714934321522,0.3618714934321522
SE.CLO.8.PRF.M.TMS.2015.1,0.21996322024377665,0.21996322024377565,0.21996322024377665,0.21996322024377565
SE.CLO.8.PRF.M.TMS.2015.2,-0.9136716925581512,-0.913671692558152,0.9136716925581512,0.913671692558152
SE.CLO.8.PRF.M.TMS.2015.3,-1.0998794586341116,-1.0998794586341125,1.0998794586341116,1.0998794586341125
SE.CLO.8.PRF.M.TMS.2015.4,-0.7553074421291487,-0.7553074421291487,0.7553074421291487,0.7553074421291487
SE.CLO.8.PRF.M.TMS.2015.5,-0.9126006554733442,-0.9126006554733442,0.9126006554733442,0.9126006554733442
SE.CLO.8.PRF.M.TMS.2015.A,-0.8878622539802838,-0.8878622539802818,0.8878622539802838,0.8878622539802818
SE.CLO.8.PRF.M.TMS.2015.F,-0.856376958527423,-0.856376958527423,0.856376958527423,0.856376958527423
SE.CLO.8.PRF.M.TMS.2015.M,-0.9160586916269691,-0.9160586916269698,0.9160586916269691,0.9160586916269698
SE.CLO.8.PRF.M.TMS.2015.R,-0.867173365681791,-0.8671733656817902,0.867173365681791,0.8671733656817902
SE.CLO.8.PRF.M.TMS.2015.U,-0.8893511324274381,-0.8893511324274364,0.8893511324274381,0.8893511324274364
SE.CLO.8.PRF.M.TMS.2019.1,-0.43569909326516937,-0.4356990932651684,0.43569909326516937,0.4356990932651684
SE.CLO.8.PRF.M.TMS.2019.2,-0.25224689344680673,-0.25224689344680673,0.25224689344680673,0.25224689344680673
SE.CLO.8.PRF.M.TMS.2019.3,-0.6302705097872618,-0.6302705097872618,0.6302705097872618,0.6302705097872618
SE.CLO.8.PRF.M.TMS.2019.4,-0.454392881206916,-0.4543928812069181,0.454392881206916,0.4543928812069181
SE.CLO.8.PRF.M.TMS.2019.5,-1.2941640171493507,-1.2941640171493534,1.2941640171493507,1.2941640171493534
SE.CLO.8.PRF.M.TMS.2019.A,-0.2661613858042019,-0.2661613858042008,0.2661613858042019,0.2661613858042008
SE.CLO.8.PRF.M.TMS.2019.F,-0.6782139030000606,-0.6782139030000617,0.6782139030000606,0.6782139030000617
SE.CLO.8.PRF.M.TMS.2019.M,-0.5484450557616479,-0.5484450557616503,0.5484450557616479,0.5484450557616503
SE.CLO.8.PRF.M.TMS.2019.R,-1.1074886943911981,-1.1074886943911997,1.1074886943911981,1.1074886943911997
SE.CLO.8.PRF.M.TMS.2019.U,-0.4101056912610067,-0.4101056912610079,0.4101056912610067,0.4101056912610079
SE.CLO.8.PRF.S.TMS.2003.1,-0.32721931066791965,-0.3272193106679216,0.32721931066791965,0.3272193106679216
SE.CLO.8.PRF.S.TMS.2003.2,-0.4427313155422726,-0.4427313155422717,0.4427313155422726,0.4427313155422717
SE.CLO.8.PRF.S.TMS.2003.3,-0.8312510767188602,-0.8312510767188594,0.8312510767188602,0.8312510767188594
SE.CLO.8.PRF.S.TMS.2003.4,-0.6019906338362687,-0.6019906338362679,0.6019906338362687,0.6019906338362679
SE.CLO.8.PRF.S.TMS.2003.5,-0.7297397249657799,-0.729739724965783,0.7297397249657799,0.729739724965783
SE.CLO.8.PRF.S.TMS.2003.A,-0.5640693835976986,-0.5640693835976976,0.5640693835976986,0.5640693835976976
SE.CLO.8.PRF.S.TMS.2003.F,-0.4843231903975906,-0.48432319039758787,0.4843231903975906,0.48432319039758787
SE.CLO.8.PRF.S.TMS.2003.M,-0.8365481810586951,-0.8365481810586981,0.8365481810586951,0.8365481810586981
SE.CLO.8.PRF.S.TMS.2003.R,-0.5051669490486551,-0.505166949048656,0.5051669490486551,0.505166949048656
SE.CLO.8.PRF.S.TMS.2003.U,-0.251270472209474,-0.25127047220947407,0.251270472209474,0.25127047220947407
SE.CLO.8.PRF.S.TMS.2007.1,0.30979270572226336,0.30979270572226114,0.30979270572226336,0.30979270572226114
SE.CLO.8.PRF.S.TMS.2007.2,0.1866319555676748,0.1866319555676738,0.1866319555676748,0.1866319555676738
SE.CLO.8.PRF.S.TMS.2007.3,-0.2611465700309922,-0.26114657003098934,0.2611465700309922,0.26114657003098934
SE.CLO.8.PRF.S.TMS.2007.4,-0.4700724509766826,-0.47007245097668454,0.4700724509766826,0.47007245097668454
SE.CLO.8.PRF.S.TMS.2007.5,-0.5023242803059105,-0.5023242803059061,0.5023242803059105,0.5023242803059061
SE.CLO.8.PRF.S.TMS.2007.A,-0.27388993360449404,-0.273889933604492,0.27388993360449404,0.273889933604492
SE.CLO.8.PRF.S.TMS.2007.F,-0.5487932600518397,-0.5487932600518397,0.5487932600518397,0.5487932600518397
SE.CLO.8.PRF.S.TMS.2007.M,-0.11327079265744355,-0.1132707926574466,0.11327079265744355,0.1132707926574466
SE.CLO.8.PRF.S.TMS.2007.R,-0.09913354437942908,-0.09913354437942808,0.09913354437942908,0.09913354437942808
SE.CLO.8.PRF.S.TMS.2007.U,-0.4043199478831543,-0.4043199478831543,0.4043199478831543,0.4043199478831543
SE.CLO.8.PRF.S.TMS.2011.1,0.5432769064030242,0.5432769064030242,0.5432769064030242,0.5432769064030242
SE.CLO.8.PRF.S.TMS.2011.2,0.4715681349258628,0.47156813492586375,0.4715681349258628,0.47156813492586375
SE.CLO.8.PRF.S.TMS.2011.3,0.46212766150285334,0.4621276615028514,0.46212766150285334,0.4621276615028514
SE.CLO.8.PRF.S.TMS.2011.4,-0.19297475497291686,-0.19297475497291683,0.19297475497291686,0.19297475497291683
SE.CLO.8.PRF.S.TMS.2011.5,-0.5219780811918766,-0.521978081191874,0.5219780811918766,0.521978081191874
SE.CLO.8.PRF.S.TMS.2011.A,0.43860564914748684,0.4386056491474902,0.43860564914748684,0.4386056491474902
SE.CLO.8.PRF.S.TMS.2011.F,-0.030134013075857814,-0.03013401307585673,0.030134013075857814,0.03013401307585673
SE.CLO.8.PRF.S.TMS.2011.M,0.2349808455645461,0.23498084556454815,0.2349808455645461,0.23498084556454815
SE.CLO.8.PRF.S.TMS.2011.R,0.8908003642695598,0.8908003642695607,0.8908003642695598,0.8908003642695607
SE.CLO.8.PRF.S.TMS.2011.U,0.17222012000653114,0.17222012000653006,0.17222012000653114,0.17222012000653006
SE.CLO.8.PRF.S.TMS.2015.1,0.2823227124232781,0.28232271242327706,0.2823227124232781,0.28232271242327706
SE.CLO.8.PRF.S.TMS.2015.2,-0.40329994009767844,-0.40329994009767944,0.40329994009767844,0.40329994009767944
SE.CLO.8.PRF.S.TMS.2015.3,-0.33387365133968416,-0.3338736513396831,0.33387365133968416,0.3338736513396831
SE.CLO.8.PRF.S.TMS.2015.4,-0.45373664074969816,-0.4537366407496945,0.45373664074969816,0.4537366407496945
SE.CLO.8.PRF.S.TMS.2015.5,-0.9669565097097487,-0.9669565097097489,0.9669565097097487,0.9669565097097489
SE.CLO.8.PRF.S.TMS.2015.A,-0.3764261997168009,-0.3764261997167985,0.3764261997168009,0.3764261997167985
SE.CLO.8.PRF.S.TMS.2015.F,-0.521196252138657,-0.5211962521386557,0.521196252138657,0.5211962521386557
SE.CLO.8.PRF.S.TMS.2015.M,-0.54556276886982,-0.545562768869818,0.54556276886982,0.545562768869818
SE.CLO.8.PRF.S.TMS.2015.R,-0.6120802285047812,-0.6120802285047802,0.6120802285047812,0.6120802285047802
SE.CLO.8.PRF.S.TMS.2015.U,-0.5523751998593011,-0.5523751998593022,0.5523751998593011,0.5523751998593022
SE.CLO.8.PRF.S.TMS.2019.1,0.675328854373506,0.6753288543735071,0.675328854373506,0.6753288543735071
SE.CLO.8.PRF.S.TMS.2019.2,-0.15743452564198768,-0.15743452564198768,0.15743452564198768,0.15743452564198768
SE.CLO.8.PRF.S.TMS.2019.3,-0.43695073054466077,-0.43695073054465966,0.43695073054466077,0.43695073054465966
SE.CLO.8.PRF.S.TMS.2019.4,-0.439795434734158,-0.43979543473415805,0.439795434734158,0.43979543473415805
SE.CLO.8.PRF.S.TMS.2019.5,-0.26681977154662423,-0.2668197715466212,0.26681977154662423,0.2668197715466212
SE.CLO.8.PRF.S.TMS.2019.A,-0.1698463182843986,-0.1698463182843986,0.1698463182843986,0.1698463182843986
SE.CLO.8.PRF.S.TMS.2019.F,-0.4162315725736545,-0.4162315725736546,0.4162315725736545,0.4162315725736546
SE.CLO.8.PRF.S.TMS.2019.M,-0.33533050884430665,-0.33533050884430676,0.33533050884430665,0.33533050884430676
SE.CLO.8.PRF.S.TMS.2019.R,-0.4122745026160182,-0.4122745026160182,0.4122745026160182,0.4122745026160182
SE.CLO.8.PRF.S.TMS.2019.U,-0.12804743184579925,-0.12804743184579925,0.12804743184579925,0.12804743184579925
SE.CLO.9.LDGAP.M.TMS.2007.1,0.0,0.0,0.0,0.0
SE.CLO.9.LDGAP.M.TMS.2007.2,0.0,0.0,0.0,0.0
SE.CLO.9.LDGAP.M.TMS.2007.3,0.0,0.0,0.0,0.0
SE.CLO.9.LDGAP.M.TMS.2007.4,0.0,0.0,0.0,0.0
SE.CLO.9.LDGAP.M.TMS.2007.5,0.0,0.0,0.0,0.0
SE.CLO.9.LDGAP.M.TMS.2007.A,0.0,0.0,0.0,0.0
SE.CLO.9.LDGAP.M.TMS.2007.F,0.0,0.0,0.0,0.0
SE.CLO.9.LDGAP.M.TMS.2007.M,0.0,0.0,0.0,0.0
SE.CLO.9.LDGAP.M.TMS.2007.R,0.0,0.0,0.0,0.0
SE.CLO.9.LDGAP.M.TMS.2007.U,0.0,0.0,0.0,0.0
SE.CLO.9.LDGAP.M.TMS.2011.1,1.6609080870669435,1.660908087066943,1.6609080870669435,1.660908087066943
SE.CLO.9.LDGAP.M.TMS.2011.2,1.380921836688238,1.3809218366882376,1.380921836688238,1.3809218366882376
SE.CLO.9.LDGAP.M.TMS.2011.3,1.4582025481868195,1.4582025481868195,1.4582025481868195,1.4582025481868195
SE.CLO.9.LDGAP.M.TMS.2011.4,1.0803924194466352,1.0803924194466352,1.0803924194466352,1.0803924194466352
SE.CLO.9.LDGAP.M.TMS.2011.5,0.8552253668724641,0.8552253668724641,0.8552253668724641,0.8552253668724641
SE.CLO.9.LDGAP.M.TMS.2011.A,1.471425244685841,1.4714252446858413,1.471425244685841,1.4714252446858413
SE.CLO.9.LDGAP.M.TMS.2011.F,1.6064881773763906,1.6064881773763906,1.6064881773763906,1.6064881773763906
SE.CLO.9.LDGAP.M.TMS.2011.M,1.304743815763859,1.304743815763859,1.304743815763859,1.304743815763859
SE.CLO.9.LDGAP.M.TMS.2011.R,0.9453400959387918,0.945340095938792,0.9453400959387918,0.945340095938792
SE.CLO.9.LDGAP.M.TMS.2011.U,1.638748681620211,1.638748681620211,1.638748681620211,1.638748681620211
SE.CLO.9.LDGAP.M.TMS.2015.1,1.1976115309439483,1.1976115309439483,1.1976115309439483,1.1976115309439483
SE.CLO.9.LDGAP.M.TMS.2015.2,1.2205593887304047,-0.11387181878836011,1.2205593887304047,0.11387181878836011
SE.CLO.9.LDGAP.M.TMS.2015.3,1.107307256142105,0.24368390373159377,1.107307256142105,0.24368390373159377
SE.CLO.9.LDGAP.M.TMS.2015.4,1.183436527687636,1.1834365276876342,1.183436527687636,1.1834365276876342
SE.CLO.9.LDGAP.M.TMS.2015.5,1.6024282775197833,1.6024282775197833,1.6024282775197833,1.6024282775197833
SE.CLO.9.LDGAP.M.TMS.2015.A,1.0163097155317045,-0.4187456093781288,1.0163097155317045,0.4187456093781288
SE.CLO.9.LDGAP.M.TMS.2015.F,0.9237697884947859,-0.06801709380134756,0.9237697884947859,0.06801709380134756
SE.CLO.9.LDGAP.M.TMS.2015.M,1.108874072210594,-0.538223269297047,1.108874072210594,0.538223269297047
SE.CLO.9.LDGAP.M.TMS.2015.R,1.3162533473885156,-1.0185612191389117,1.3162533473885156,1.0185612191389117
SE.CLO.9.LDGAP.M.TMS.2015.U,1.482936149569715,0.7705793353627288,1.482936149569715,0.7705793353627288
SE.CLO.9.LDGAP.M.TMS.2019.1,2.1213203435596437,2.1213203435596437,2.1213203435596437,2.1213203435596437
SE.CLO.9.LDGAP.M.TMS.2019.2,2.1213203435596415,2.1213203435596415,2.1213203435596415,2.1213203435596415
SE.CLO.9.LDGAP.M.TMS.2019.3,2.1213203435596424,2.1213203435596424,2.1213203435596424,2.1213203435596424
SE.CLO.9.LDGAP.M.TMS.2019.4,2.121320343559643,2.121320343559643,2.121320343559643,2.121320343559643
SE.CLO.9.LDGAP.M.TMS.2019.5,2.1213203435596437,2.1213203435596437,2.1213203435596437,2.1213203435596437
SE.CLO.9.LDGAP.M.TMS.2019.A,0.5518248546048272,0.5518248546048272,0.5518248546048272,0.5518248546048272
SE.CLO.9.LDGAP.M.TMS.2019.F,0.40451668802219537,0.40451668802219537,0.40451668802219537,0.40451668802219537
SE.CLO.9.LDGAP.M.TMS.2019.M,0.6866228515193435,0.6866228515193452,0.6866228515193435,0.6866228515193452
SE.CLO.9.LDGAP.M.TMS.2019.R,0.4568268120974043,0.4568268120974043,0.4568268120974043,0.4568268120974043
SE.CLO.9.LDGAP.M.TMS.2019.U,0.8007698421461502,0.8007698421461502,0.8007698421461502,0.8007698421461502
SE.CLO.9.LDGAP.S.TMS.2007.1,0.0,0.0,0.0,0.0
SE.CLO.9.LDGAP.S.TMS.2007.2,0.0,0.0,0.0,0.0
SE.CLO.9.LDGAP.S.TMS.2007.3,0.0,0.0,0.0,0.0
SE.CLO.9.LDGAP.S.TMS.2007.4,0.0,0.0,0.0,0.0
SE.CLO.9.LDGAP.S.TMS.2007.5,0.0,0.0,0.0,0.0
SE.CLO.9.LDGAP.S.TMS.2007.A,0.0,0.0,0.0,0.0
SE.CLO.9.LDGAP.S.TMS.2007.F,0.0,0.0,0.0,0.0
SE.CLO.9.LDGAP.S.TMS.2007.M,0.0,0.0,0.0,0.0
SE.CLO.9.LDGAP.S.TMS.2007.R,0.0,0.0,0.0,0.0
SE.CLO.9.LDGAP.S.TMS.2007.U,0.0,0.0,0.0,0.0
SE.CLO.9.LDGAP.S.TMS.2011.1,0.5079277243504303,0.5079277243504303,0.5079277243504303,0.5079277243504303
SE.CLO.9.LDGAP.S.TMS.2011.2,0.3323128748923287,0.3323128748923287,0.3323128748923287,0.3323128748923287
SE.CLO.9.LDGAP.S.TMS.2011.3,0.42961539175721736,0.42961539175721736,0.42961539175721736,0.42961539175721736
SE.CLO.9.LDGAP.S.TMS.2011.4,0.2377953955350979,0.2377953955350979,0.2377953955350979,0.2377953955350979
SE.CLO.9.LDGAP.S.TMS.2011.5,-0.08338215065130224,-0.08338215065130222,0.08338215065130224,0.08338215065130222
SE.CLO.9.LDGAP.S.TMS.2011.A,0.4729589032652239,0.4729589032652239,0.4729589032652239,0.4729589032652239
SE.CLO.9.LDGAP.S.TMS.2011.F,0.7728174951615223,0.7728174951615223,0.7728174951615223,0.7728174951615223
SE.CLO.9.LDGAP.S.TMS.2011.M,0.1962822871051113,0.19628228710511125,0.1962822871051113,0.19628228710511125
SE.CLO.9.LDGAP.S.TMS.2011.R,1.3194585916397907,1.319458591639791,1.3194585916397907,1.319458591639791
SE.CLO.9.LDGAP.S.TMS.2011.U,0.476318631974931,0.476318631974931,0.476318631974931,0.476318631974931
SE.CLO.9.LDGAP.S.TMS.2015.1,1.2762068174837349,1.2762068174837349,1.2762068174837349,1.2762068174837349
SE.CLO.9.LDGAP.S.TMS.2015.2,1.1990439523689604,1.1990439523689616,1.1990439523689604,1.1990439523689616
SE.CLO.9.LDGAP.S.TMS.2015.3,1.1414551598063303,1.1414551598063303,1.1414551598063303,1.1414551598063303
SE.CLO.9.LDGAP.S.TMS.2015.4,1.6159339405111603,0.34233219800320036,1.6159339405111603,0.34233219800320036
SE.CLO.9.LDGAP.S.TMS.2015.5,1.794940038808257,2.003292200584097,1.794940038808257,2.003292200584097
SE.CLO.9.LDGAP.S.TMS.2015.A,1.2897764099747382,1.2897764099747382,1.2897764099747382,1.2897764099747382
SE.CLO.9.LDGAP.S.TMS.2015.F,1.6969128265027722,1.0674570905656524,1.6969128265027722,1.0674570905656524
SE.CLO.9.LDGAP.S.TMS.2015.M,1.0220833720855946,1.0220833720855946,1.0220833720855946,1.0220833720855946
SE.CLO.9.LDGAP.S.TMS.2015.R,1.409621585750515,1.409621585750516,1.409621585750515,1.409621585750516
SE.CLO.9.LDGAP.S.TMS.2015.U,0.9797028804334285,0.9797028804334287,0.9797028804334285,0.9797028804334287
SE.CLO.9.LDGAP.S.TMS.2019.1,2.1213203435596424,2.1213203435596424,2.1213203435596424,2.1213203435596424
SE.CLO.9.LDGAP.S.TMS.2019.2,2.1213203435596424,2.1213203435596424,2.1213203435596424,2.1213203435596424
SE.CLO.9.LDGAP.S.TMS.2019.3,2.121320343559642,2.121320343559642,2.121320343559642,2.121320343559642
SE.CLO.9.LDGAP.S.TMS.2019.4,2.121320343559643,2.121320343559643,2.121320343559643,2.121320343559643
SE.CLO.9.LDGAP.S.TMS.2019.5,2.121320343559643,2.121320343559643,2.121320343559643,2.121320343559643
SE.CLO.9.LDGAP.S.TMS.2019.A,1.5958152323242962,2.1213203435596526,1.5958152323242962,2.1213203435596526
SE.CLO.9.LDGAP.S.TMS.2019.F,1.2603148798034998,1.2603148798034998,1.2603148798034998,1.2603148798034998
SE.CLO.9.LDGAP.S.TMS.2019.M,1.5875486805253958,2.121320343559633,1.5875486805253958,2.121320343559633
SE.CLO.9.LDGAP.S.TMS.2019.R,1.4014803270521528,2.1213203435596424,1.4014803270521528,2.1213203435596424
SE.CLO.9.LDGAP.S.TMS.2019.U,1.662375690396991,2.121320343559643,1.662375690396991,2.121320343559643
SE.CLO.9.LDSEV.M.TMS.2007.1,0.0,0.0,0.0,0.0
SE.CLO.9.LDSEV.M.TMS.2007.2,0.0,0.0,0.0,0.0
SE.CLO.9.LDSEV.M.TMS.2007.3,0.0,0.0,0.0,0.0
SE.CLO.9.LDSEV.M.TMS.2007.4,0.0,0.0,0.0,0.0
SE.CLO.9.LDSEV.M.TMS.2007.5,0.0,0.0,0.0,0.0
SE.CLO.9.LDSEV.M.TMS.2007.A,0.0,0.0,0.0,0.0
SE.CLO.9.LDSEV.M.TMS.2007.F,0.0,0.0,0.0,0.0
SE.CLO.9.LDSEV.M.TMS.2007.M,0.0,0.0,0.0,0.0
SE.CLO.9.LDSEV.M.TMS.2007.R,0.0,0.0,0.0,0.0
SE.CLO.9.LDSEV.M.TMS.2007.U,0.0,0.0,0.0,0.0
SE.CLO.9.LDSEV.M.TMS.2011.1,1.6072739450246805,0.958969895165748,1.6072739450246805,0.958969895165748
SE.CLO.9.LDSEV.M.TMS.2011.2,1.4988145183561632,1.4988145183561634,1.4988145183561632,1.4988145183561634
SE.CLO.9.LDSEV.M.TMS.2011.3,1.5587712264700262,1.558771226470026,1.5587712264700262,1.558771226470026
SE.CLO.9.LDSEV.M.TMS.2011.4,1.280547107622976,1.2805471076229753,1.280547107622976,1.2805471076229753
SE.CLO.9.LDSEV.M.TMS.2011.5,1.0894660330232695,1.0894660330232695,1.0894660330232695,1.0894660330232695
SE.CLO.9.LDSEV.M.TMS.2011.A,1.533022365537488,1.5330223655374877,1.533022365537488,1.5330223655374877
SE.CLO.9.LDSEV.M.TMS.2011.F,1.641486973124944,0.9777938720106839,1.641486973124944,0.9777938720106839
SE.CLO.9.LDSEV.M.TMS.2011.M,1.3759555978379543,1.375955597837955,1.3759555978379543,1.375955597837955
SE.CLO.9.LDSEV.M.TMS.2011.R,1.2403256644706875,1.2403256644706875,1.2403256644706875,1.2403256644706875
SE.CLO.9.LDSEV.M.TMS.2011.U,1.6476013736685133,1.6476013736685127,1.6476013736685133,1.6476013736685127
SE.CLO.9.LDSEV.M.TMS.2015.1,1.4264919455698226,0.6891352738103937,1.4264919455698226,0.6891352738103937
SE.CLO.9.LDSEV.M.TMS.2015.2,1.32520406054239,-0.0356229562604308,1.32520406054239,0.0356229562604308
SE.CLO.9.LDSEV.M.TMS.2015.3,1.420251259813249,0.16169160664435858,1.420251259813249,0.16169160664435858
SE.CLO.9.LDSEV.M.TMS.2015.4,1.442361884922258,1.4606057890840136,1.442361884922258,1.4606057890840136
SE.CLO.9.LDSEV.M.TMS.2015.5,1.663775484978724,1.6637754849787243,1.663775484978724,1.6637754849787243
SE.CLO.9.LDSEV.M.TMS.2015.A,1.3070218496572699,-0.2833482418942693,1.3070218496572699,0.2833482418942693
SE.CLO.9.LDSEV.M.TMS.2015.F,1.2294871466264008,-0.053722604105031956,1.2294871466264008,0.053722604105031956
SE.CLO.9.LDSEV.M.TMS.2015.M,1.3747264372721912,-0.5009744364274373,1.3747264372721912,0.5009744364274373
SE.CLO.9.LDSEV.M.TMS.2015.R,1.3950116313684586,-0.5799154280804892,1.3950116313684586,0.5799154280804892
SE.CLO.9.LDSEV.M.TMS.2015.U,1.3764543637083781,-0.425995019094327,1.3764543637083781,0.425995019094327
SE.CLO.9.LDSEV.M.TMS.2019.1,2.121320343559642,2.121320343559642,2.121320343559642,2.121320343559642
SE.CLO.9.LDSEV.M.TMS.2019.2,2.121320343559643,2.121320343559643,2.121320343559643,2.121320343559643
SE.CLO.9.LDSEV.M.TMS.2019.3,2.1213203435596424,2.1213203435596424,2.1213203435596424,2.1213203435596424
SE.CLO.9.LDSEV.M.TMS.2019.4,2.1213203435596424,2.1213203435596424,2.1213203435596424,2.1213203435596424
SE.CLO.9.LDSEV.M.TMS.2019.5,2.1213203435596433,2.1213203435596433,2.1213203435596433,2.1213203435596433
SE.CLO.9.LDSEV.M.TMS.2019.A,0.6093463388204071,0.6093463388204071,0.6093463388204071,0.6093463388204071
SE.CLO.9.LDSEV.M.TMS.2019.F,0.4721466277646979,0.4721466277646979,0.4721466277646979,0.4721466277646979
SE.CLO.9.LDSEV.M.TMS.2019.M,0.7322496424420238,0.732249642442024,0.7322496424420238,0.732249642442024
SE.CLO.9.LDSEV.M.TMS.2019.R,0.4822815239163314,0.4822815239163314,0.4822815239163314,0.4822815239163314
SE.CLO.9.LDSEV.M.TMS.2019.U,0.8565545182576727,0.8565545182576727,0.8565545182576727,0.8565545182576727
SE.CLO.9.LDSEV.S.TMS.2007.1,0.0,0.0,0.0,0.0
SE.CLO.9.LDSEV.S.TMS.2007.2,0.0,0.0,0.0,0.0
SE.CLO.9.LDSEV.S.TMS.2007.3,0.0,0.0,0.0,0.0
SE.CLO.9.LDSEV.S.TMS.2007.4,0.0,0.0,0.0,0.0
SE.CLO.9.LDSEV.S.TMS.2007.5,0.0,0.0,0.0,0.0
SE.CLO.9.LDSEV.S.TMS.2007.A,0.0,0.0,0.0,0.0
SE.CLO.9.LDSEV.S.TMS.2007.F,0.0,0.0,0.0,0.0
SE.CLO.9.LDSEV.S.TMS.2007.M,0.0,0.0,0.0,0.0
SE.CLO.9.LDSEV.S.TMS.2007.R,0.0,0.0,0.0,0.0
SE.CLO.9.LDSEV.S.TMS.2007.U,0.0,0.0,0.0,0.0
SE.CLO.9.LDSEV.S.TMS.2011.1,0.7481456341344944,0.7481456341344938,0.7481456341344944,0.7481456341344938
SE.CLO.9.LDSEV.S.TMS.2011.2,0.6804268744214256,0.6804268744214256,0.6804268744214256,0.6804268744214256
SE.CLO.9.LDSEV.S.TMS.2011.3,0.8256572969399282,0.8256572969399282,0.8256572969399282,0.8256572969399282
SE.CLO.9.LDSEV.S.TMS.2011.4,0.6364682235111501,0.6364682235111501,0.6364682235111501,0.6364682235111501
SE.CLO.9.LDSEV.S.TMS.2011.5,0.35076291226380696,0.3507629122638069,0.35076291226380696,0.3507629122638069
SE.CLO.9.LDSEV.S.TMS.2011.A,0.7735523806925859,0.7735523806925859,0.7735523806925859,0.7735523806925859
SE.CLO.9.LDSEV.S.TMS.2011.F,1.0517827612791364,1.0517827612791366,1.0517827612791364,1.0517827612791366
SE.CLO.9.LDSEV.S.TMS.2011.M,0.523886677447414,0.523886677447414,0.523886677447414,0.523886677447414
SE.CLO.9.LDSEV.S.TMS.2011.R,1.3749414872965047,1.3749414872965047,1.3749414872965047,1.3749414872965047
SE.CLO.9.LDSEV.S.TMS.2011.U,0.7647409236684956,0.7647409236684966,0.7647409236684956,0.7647409236684966
SE.CLO.9.LDSEV.S.TMS.2015.1,1.575291106157756,1.575291106157758,1.575291106157756,1.575291106157758
SE.CLO.9.LDSEV.S.TMS.2015.2,1.4520370648599101,0.7369720344433979,1.4520370648599101,0.7369720344433979
SE.CLO.9.LDSEV.S.TMS.2015.3,1.481468328644602,0.7739838477152876,1.481468328644602,0.7739838477152876
SE.CLO.9.LDSEV.S.TMS.2015.4,1.642851507409576,0.7959485702116608,1.642851507409576,0.7959485702116608
SE.CLO.9.LDSEV.S.TMS.2015.5,1.7376221084307497,1.979984871496201,1.7376221084307497,1.979984871496201
SE.CLO.9.LDSEV.S.TMS.2015.A,1.5714178465620878,1.5714178465620878,1.5714178465620878,1.5714178465620878
SE.CLO.9.LDSEV.S.TMS.2015.F,1.8686957274624596,1.6662843481519598,1.8686957274624596,1.6662843481519598
SE.CLO.9.LDSEV.S.TMS.2015.M,1.3773196396529572,1.3773196396529572,1.3773196396529572,1.3773196396529572
SE.CLO.9.LDSEV.S.TMS.2015.R,1.6822494455946364,1.6822494455946364,1.6822494455946364,1.6822494455946364
SE.CLO.9.LDSEV.S.TMS.2015.U,1.2805842112148962,1.2805842112148966,1.2805842112148962,1.2805842112148966
SE.CLO.9.LDSEV.S.TMS.2019.1,2.1213203435596424,2.1213203435596424,2.1213203435596424,2.1213203435596424
SE.CLO.9.LDSEV.S.TMS.2019.2,2.121320343559643,2.121320343559643,2.121320343559643,2.121320343559643
SE.CLO.9.LDSEV.S.TMS.2019.3,2.1213203435596433,2.1213203435596433,2.1213203435596433,2.1213203435596433
SE.CLO.9.LDSEV.S.TMS.2019.4,2.1213203435596424,2.1213203435596424,2.1213203435596424,2.1213203435596424
SE.CLO.9.LDSEV.S.TMS.2019.5,2.121320343559643,2.121320343559643,2.121320343559643,2.121320343559643
SE.CLO.9.LDSEV.S.TMS.2019.A,1.6467004717228233,2.1213203435596357,1.6467004717228233,2.1213203435596357
SE.CLO.9.LDSEV.S.TMS.2019.F,1.3417202050246588,2.1213203435596415,1.3417202050246588,2.1213203435596415
SE.CLO.9.LDSEV.S.TMS.2019.M,1.5772127079394367,2.121320343559643,1.5772127079394367,2.121320343559643
SE.CLO.9.LDSEV.S.TMS.2019.R,1.5238148091354558,2.12132034355964,1.5238148091354558,2.12132034355964
SE.CLO.9.LDSEV.S.TMS.2019.U,1.6838309178683666,2.1213203435596424,1.6838309178683666,2.1213203435596424
SE.CLO.9.PRF.M.TMS.2007.1,0.0,0.0,0.0,0.0
SE.CLO.9.PRF.M.TMS.2007.2,0.0,0.0,0.0,0.0
SE.CLO.9.PRF.M.TMS.2007.3,0.0,0.0,0.0,0.0
SE.CLO.9.PRF.M.TMS.2007.4,0.0,0.0,0.0,0.0
SE.CLO.9.PRF.M.TMS.2007.5,0.0,0.0,0.0,0.0
SE.CLO.9.PRF.M.TMS.2007.A,0.0,0.0,0.0,0.0
SE.CLO.9.PRF.M.TMS.2007.F,0.0,0.0,0.0,0.0
SE.CLO.9.PRF.M.TMS.2007.M,0.0,0.0,0.0,0.0
SE.CLO.9.PRF.M.TMS.2007.R,0.0,0.0,0.0,0.0
SE.CLO.9.PRF.M.TMS.2007.U,0.0,0.0,0.0,0.0
SE.CLO.9.PRF.M.TMS.2011.1,1.420860225892105,1.420860225892105,1.420860225892105,1.420860225892105
SE.CLO.9.PRF.M.TMS.2011.2,1.8672855371031531,1.867285537103153,1.8672855371031531,1.867285537103153
SE.CLO.9.PRF.M.TMS.2011.3,1.8117876578668222,1.8117876578668224,1.8117876578668222,1.8117876578668224
SE.CLO.9.PRF.M.TMS.2011.4,1.961672301390939,1.961672301390938,1.961672301390939,1.961672301390938
SE.CLO.9.PRF.M.TMS.2011.5,1.5477675115299767,1.5477675115299765,1.5477675115299767,1.5477675115299765
SE.CLO.9.PRF.M.TMS.2011.A,1.877202620896817,1.877202620896817,1.877202620896817,1.877202620896817
SE.CLO.9.PRF.M.TMS.2011.F,1.6913592303574134,1.6913592303574134,1.6913592303574134,1.6913592303574134
SE.CLO.9.PRF.M.TMS.2011.M,2.0665161114994484,2.066516111499449,2.0665161114994484,2.066516111499449
SE.CLO.9.PRF.M.TMS.2011.R,-1.0828040157593724,-1.0828040157593724,1.0828040157593724,1.0828040157593724
SE.CLO.9.PRF.M.TMS.2011.U,2.078716510844458,2.078716510844458,2.078716510844458,2.078716510844458
SE.CLO.9.PRF.M.TMS.2015.1,-1.054560964897284,0.9272971972339614,1.054560964897284,0.9272971972339614
SE.CLO.9.PRF.M.TMS.2015.2,-1.067260216911882,0.7061489031903566,1.067260216911882,0.7061489031903566
SE.CLO.9.PRF.M.TMS.2015.3,-0.9831114047197421,-1.2719082429446544,0.9831114047197421,1.2719082429446544
SE.CLO.9.PRF.M.TMS.2015.4,-0.6556443955289989,-0.6556443955289988,0.6556443955289989,0.6556443955289988
SE.CLO.9.PRF.M.TMS.2015.5,-0.4760151991380149,-0.4760151991380149,0.4760151991380149,0.4760151991380149
SE.CLO.9.PRF.M.TMS.2015.A,-0.8468064452957121,-0.8468064452957141,0.8468064452957121,0.8468064452957141
SE.CLO.9.PRF.M.TMS.2015.F,-0.922092031021084,-0.922092031021084,0.922092031021084,0.922092031021084
SE.CLO.9.PRF.M.TMS.2015.M,-0.7889462174708453,-0.788946217470845,0.7889462174708453,0.788946217470845
SE.CLO.9.PRF.M.TMS.2015.R,-1.1983069057615199,-0.6868379002384211,1.1983069057615199,0.6868379002384211
SE.CLO.9.PRF.M.TMS.2015.U,-0.596304229205702,-0.596304229205702,0.596304229205702,0.596304229205702
SE.CLO.9.PRF.M.TMS.2019.1,0.7025285095203938,0.7025285095203938,0.7025285095203938,0.7025285095203938
SE.CLO.9.PRF.M.TMS.2019.2,0.1757249791610764,0.1757249791610764,0.1757249791610764,0.1757249791610764
SE.CLO.9.PRF.M.TMS.2019.3,-0.17391319759346183,-0.17391319759346127,0.17391319759346183,0.17391319759346127
SE.CLO.9.PRF.M.TMS.2019.4,-0.8110438282457468,-0.8110438282457468,0.8110438282457468,0.8110438282457468
SE.CLO.9.PRF.M.TMS.2019.5,-0.8137871810370344,-0.8137871810370344,0.8137871810370344,0.8137871810370344
SE.CLO.9.PRF.M.TMS.2019.A,0.1543304168729117,0.1543304168729117,0.1543304168729117,0.1543304168729117
SE.CLO.9.PRF.M.TMS.2019.F,0.25685302427698437,0.25685302427698437,0.25685302427698437,0.25685302427698437
SE.CLO.9.PRF.M.TMS.2019.M,0.04800181948494369,0.0480018194849437,0.04800181948494369,0.0480018194849437
SE.CLO.9.PRF.M.TMS.2019.R,-0.7787924005593975,-0.7787924005593975,0.7787924005593975,0.7787924005593975
SE.CLO.9.PRF.M.TMS.2019.U,-0.022973165097209636,-0.022973165097209636,0.022973165097209636,0.022973165097209636
SE.CLO.9.PRF.S.TMS.2007.1,0.0,0.0,0.0,0.0
SE.CLO.9.PRF.S.TMS.2007.2,0.0,0.0,0.0,0.0
SE.CLO.9.PRF.S.TMS.2007.3,0.0,0.0,0.0,0.0
SE.CLO.9.PRF.S.TMS.2007.4,0.0,0.0,0.0,0.0
SE.CLO.9.PRF.S.TMS.2007.5,0.0,0.0,0.0,0.0
SE.CLO.9.PRF.S.TMS.2007.A,0.0,0.0,0.0,0.0
SE.CLO.9.PRF.S.TMS.2007.F,0.0,0.0,0.0,0.0
SE.CLO.9.PRF.S.TMS.2007.M,0.0,0.0,0.0,0.0
SE.CLO.9.PRF.S.TMS.2007.R,0.0,0.0,0.0,0.0
SE.CLO.9.PRF.S.TMS.2007.U,0.0,0.0,0.0,0.0
SE.CLO.9.PRF.S.TMS.2011.1,0.24556075746956174,0.24556075746956174,0.24556075746956174,0.24556075746956174
SE.CLO.9.PRF.S.TMS.2011.2,1.1043300741637752,1.1043300741637752,1.1043300741637752,1.1043300741637752
SE.CLO.9.PRF.S.TMS.2011.3,1.0798340419323078,1.0798340419323078,1.0798340419323078,1.0798340419323078
SE.CLO.9.PRF.S.TMS.2011.4,1.151603434885936,1.151603434885936,1.151603434885936,1.151603434885936
SE.CLO.9.PRF.S.TMS.2011.5,1.0698119373188988,0.01181571863645627,1.0698119373188988,0.01181571863645627
SE.CLO.9.PRF.S.TMS.2011.A,1.0108198662756462,1.0108198662756462,1.0108198662756462,1.0108198662756462
SE.CLO.9.PRF.S.TMS.2011.F,0.9089493217828747,0.9089493217828747,0.9089493217828747,0.9089493217828747
SE.CLO.9.PRF.S.TMS.2011.M,1.1237011134131967,1.1237011134131967,1.1237011134131967,1.1237011134131967
SE.CLO.9.PRF.S.TMS.2011.R,0.029360036674173046,0.029360036674173046,0.029360036674173046,0.029360036674173046
SE.CLO.9.PRF.S.TMS.2011.U,1.2247214151799668,1.2247214151799668,1.2247214151799668,1.2247214151799668
SE.CLO.9.PRF.S.TMS.2015.1,-0.4965716705862267,-0.4965716705862267,0.4965716705862267,0.4965716705862267
SE.CLO.9.PRF.S.TMS.2015.2,-0.5948278777707617,-0.5948278777707617,0.5948278777707617,0.5948278777707617
SE.CLO.9.PRF.S.TMS.2015.3,-0.45978955528438437,-0.45978955528438437,0.45978955528438437,0.45978955528438437
SE.CLO.9.PRF.S.TMS.2015.4,0.13020128111502208,0.13020128111502205,0.13020128111502208,0.13020128111502205
SE.CLO.9.PRF.S.TMS.2015.5,0.8094362873007271,0.809436287300726,0.8094362873007271,0.809436287300726
SE.CLO.9.PRF.S.TMS.2015.A,-0.1468010973814894,-0.1468010973814894,0.1468010973814894,0.1468010973814894
SE.CLO.9.PRF.S.TMS.2015.F,-0.4205427171651037,-0.4205427171651037,0.4205427171651037,0.4205427171651037
SE.CLO.9.PRF.S.TMS.2015.M,0.09530368593789526,0.09530368593789526,0.09530368593789526,0.09530368593789526
SE.CLO.9.PRF.S.TMS.2015.R,-0.2286043864427928,-0.2286043864427928,0.2286043864427928,0.2286043864427928
SE.CLO.9.PRF.S.TMS.2015.U,0.019691051851592416,0.01969105185159124,0.019691051851592416,0.01969105185159124
SE.CLO.9.PRF.S.TMS.2019.1,0.4194066012406671,0.4194066012406671,0.4194066012406671,0.4194066012406671
SE.CLO.9.PRF.S.TMS.2019.2,-0.24204775361659273,-0.24204775361659273,0.24204775361659273,0.24204775361659273
SE.CLO.9.PRF.S.TMS.2019.3,-0.6147687568019343,-0.6147687568019343,0.6147687568019343,0.6147687568019343
SE.CLO.9.PRF.S.TMS.2019.4,-1.0476487294914374,-1.0476487294914374,1.0476487294914374,1.0476487294914374
SE.CLO.9.PRF.S.TMS.2019.5,-1.166990190241559,-1.166990190241559,1.166990190241559,1.166990190241559
SE.CLO.9.PRF.S.TMS.2019.A,-0.4086436763375531,2.1213203435596424,0.4086436763375531,2.1213203435596424
SE.CLO.9.PRF.S.TMS.2019.F,-0.35195734768427794,2.121320343559651,0.35195734768427794,2.121320343559651
SE.CLO.9.PRF.S.TMS.2019.M,-0.3580515119101856,2.121320343559643,0.3580515119101856,2.121320343559643
SE.CLO.9.PRF.S.TMS.2019.R,-1.7232946899521688,2.121320343559643,1.7232946899521688,2.121320343559643
SE.CLO.9.PRF.S.TMS.2019.U,-0.48860078508741017,2.121320343559701,0.48860078508741017,2.121320343559701
SE.LPV.POP.0516,0.30093637493172354,0.3009363749317669,0.30093637493172354,0.3009363749317669
SE.LPV.POP.0516.FE,0.33246294845469837,0.3324629484546987,0.33246294845469837,0.3324629484546987
SE.LPV.POP.0516.MA,0.3387989314769904,0.3387989314770318,0.3387989314769904,0.3387989314770318
SE.LPV.POP.10,0.3580797183702049,0.35807971837021496,0.3580797183702049,0.35807971837021496
SE.LPV.POP.10.FE,0.37541230409772625,0.37541230409773324,0.37541230409772625,0.37541230409773324
SE.LPV.POP.10.MA,0.40857364239655075,0.40857364239657884,0.40857364239655075,0.40857364239657884
SE.LPV.POP.1014,0.25642951629840116,0.2564295162984476,0.25642951629840116,0.2564295162984476
SE.LPV.POP.1014.FE,0.2846992886656117,0.284699288665598,0.2846992886656117,0.284699288665598
SE.LPV.POP.1014.MA,0.2920998573551482,0.2920998573551825,0.2920998573551482,0.2920998573551825
SE.LPV.POP.9PLUS,0.22481024511405204,0.22481024511405845,0.22481024511405204,0.22481024511405845
SE.LPV.POP.9PLUS.FE,0.2201441028844356,0.22014410288442576,0.2201441028844356,0.22014410288442576
SE.LPV.POP.9PLUS.MA,0.2761462509794546,0.2761462509794579,0.2761462509794546,0.2761462509794579
SE.LPV.POP.PRIM,0.390151384889776,0.3901513848897925,0.390151384889776,0.3901513848897925
SE.LPV.POP.PRIM.FE,0.16219120575319043,0.16219120575319032,0.16219120575319043,0.16219120575319032
SE.LPV.POP.PRIM.MA,0.23677957708010433,0.23677957708007355,0.23677957708010433,0.23677957708007355
SE.LPV.PRIM,0.5282659764551999,0.5282659764552012,0.5282659764551999,0.5282659764552012
SE.LPV.PRIM.BMP,-9.085338663992775E-4,-9.085338664013307E-4,9.085338663992775E-4,9.085338664013307E-4
SE.LPV.PRIM.BMP.FE,0.48366641269314786,0.48366641269314703,0.48366641269314786,0.48366641269314703
SE.LPV.PRIM.BMP.MA,0.3371879930042941,0.3371879930042932,0.3371879930042941,0.3371879930042932
SE.LPV.PRIM.FE,0.6507080190453285,0.6507080190453376,0.6507080190453285,0.6507080190453376
SE.LPV.PRIM.LD,1.080905882129847,1.0809058821298536,1.080905882129847,1.0809058821298536
SE.LPV.PRIM.LD.FE,1.0633079083781412,1.0633079083781494,1.0633079083781412,1.0633079083781494
SE.LPV.PRIM.LD.MA,0.9808022826753869,0.9808022826753803,0.9808022826753869,0.9808022826753803
SE.LPV.PRIM.LDGAP,0.5343336191637559,0.7775043068976265,0.5343336191637559,0.7775043068976265
SE.LPV.PRIM.LDGAP.FE,0.5397411347295072,0.8268416619956596,0.5397411347295072,0.8268416619956596
SE.LPV.PRIM.LDGAP.MA,0.5560246048336297,0.8194608864183779,0.5560246048336297,0.8194608864183779
SE.LPV.PRIM.LDSEV,0.569172099743206,0.9797423699298631,0.569172099743206,0.9797423699298631
SE.LPV.PRIM.LDSEV.FE,0.5868477993572991,0.9733659210499828,0.5868477993572991,0.9733659210499828
SE.LPV.PRIM.LDSEV.MA,0.6087320875189671,0.9768415215769333,0.6087320875189671,0.9768415215769333
SE.LPV.PRIM.LPGAP,0.6167599367396466,0.6195842240519079,0.6167599367396466,0.6195842240519079
SE.LPV.PRIM.LPGAP.FE,0.6313291502273674,0.605238977282185,0.6313291502273674,0.605238977282185
SE.LPV.PRIM.LPGAP.MA,0.45697270053591516,0.4473160678072498,0.45697270053591516,0.4473160678072498
SE.LPV.PRIM.LPSEV,0.8200090694410245,0.7913302222132962,0.8200090694410245,0.7913302222132962
SE.LPV.PRIM.LPSEV.FE,0.7920088372951035,0.849006525865645,0.7920088372951035,0.849006525865645
SE.LPV.PRIM.LPSEV.MA,0.821595634466996,0.7927255857710193,0.821595634466996,0.7927255857710193
SE.LPV.PRIM.MA,0.6994400087688641,0.6994400087688579,0.6994400087688641,0.6994400087688579
SE.LPV.PRIM.OOS,0.31513079703223057,0.31513079703223346,0.31513079703223057,0.31513079703223346
SE.LPV.PRIM.OOS.FE,0.34821872537161297,0.34821872537161513,0.34821872537161297,0.34821872537161513
SE.LPV.PRIM.OOS.MA,0.044741339909158816,0.04474133990915724,0.044741339909158816,0.04474133990915724
SE.LPV.PRIM.SD,0.6105176035383912,0.6105176035383878,0.6105176035383912,0.6105176035383878
SE.LPV.PRIM.SD.FE,0.5744931016154848,0.6296533702411639,0.5744931016154848,0.6296533702411639
SE.LPV.PRIM.SD.MA,0.3241820804049756,0.32418208040497704,0.3241820804049756,0.32418208040497704
