INDICATOR,mean_val,median_val,sd_val,skew_pearson,abs_skew,skew_category,preferred_method
HD.HCI.HLOS,431.1574657093395,420.1485595703125,66.67708037351416,0.49532340396535995,0.49532340396535995,nearly_symmetric,zscore
HD.HCI.HLOS.FE,437.66447010822264,427.5616455078125,68.1820000436721,0.4445230967383939,0.4445230967383939,nearly_symmetric,zscore
HD.HCI.HLOS.MA,428.7035553468102,418.0,68.1589910000878,0.4711141636528818,0.4711141636528818,nearly_symmetric,zscore
HD.HCI.LAYS,7.981787325736885,8.093483924865723,2.5603259205728213,-0.1308777896962207,0.1308777896962207,nearly_symmetric,zscore
HD.HCI.LAYS.FE,8.194140931046054,8.434182167053223,2.6365032780819133,-0.2731359046689317,0.2731359046689317,nearly_symmetric,zscore
HD.HCI.LAYS.MA,7.971831705910819,7.961175918579102,2.5048434563214497,0.012762219496981066,0.012762219496981066,nearly_symmetric,zscore
SE.CLO.15Y.LDGAP.M.PS.2000.1,0.004624490200246612,0.0041861766949296,0.0016111491701809287,0.8161506955953506,0.8161506955953506,moderately_skewed,iqr
SE.CLO.15Y.LDGAP.M.PS.2000.2,0.006203818515442856,0.0048036212101579,0.0034749014947692805,1.2088376957384142,1.2088376957384142,highly_skewed,mad
SE.CLO.15Y.LDGAP.M.PS.2000.3,0.007796519066820423,0.0061922520399094,0.0046895017764284844,1.0262926234348269,1.0262926234348269,highly_skewed,mad
SE.CLO.15Y.LDGAP.M.PS.2000.4,0.01068135088582229,0.009222125634551,0.00904516317614193,0.4839797434899453,0.4839797434899453,nearly_symmetric,zscore
SE.CLO.15Y.LDGAP.M.PS.2000.5,0.016944272835489094,0.0124419247731566,0.012617509901935695,1.070499987079489,1.070499987079489,highly_skewed,mad
SE.CLO.15Y.LDGAP.M.PS.2000.A,0.007403001941870461,0.0062400768510997,0.00386110718162466,0.9035686159958635,0.9035686159958635,moderately_skewed,iqr
SE.CLO.15Y.LDGAP.M.PS.2000.F,0.007280808510691969,0.0058079506270587,0.0039391811136987665,1.1216985265120005,1.1216985265120005,highly_skewed,mad
SE.CLO.15Y.LDGAP.M.PS.2000.M,0.007725878272118959,0.0066756824962795,0.004301934370563515,0.7323652701623335,0.7323652701623335,moderately_skewed,iqr
SE.CLO.15Y.LDGAP.M.PS.2000.R,0.0057254790995471426,0.0044295843690634,0.00303600184009709,1.2805276136877775,1.2805276136877775,highly_skewed,mad
SE.CLO.15Y.LDGAP.M.PS.2000.U,0.007556294742971659,0.0061952704563737,0.0039835190574036075,1.0249914211418776,1.0249914211418776,highly_skewed,mad
SE.CLO.15Y.LDGAP.M.PS.2006.1,0.0038885045921363353,0.0033898714464158,0.0012504596425781422,1.1962796608752813,1.1962796608752813,highly_skewed,mad
SE.CLO.15Y.LDGAP.M.PS.2006.2,0.005234151999632425,0.0045690387487411,0.0029760141082271906,0.6704738889368365,0.6704738889368365,moderately_skewed,iqr
SE.CLO.15Y.LDGAP.M.PS.2006.3,0.005950502677088872,0.0051356083713472,0.002920422085214255,0.8370991746714113,0.8370991746714113,moderately_skewed,iqr
SE.CLO.15Y.LDGAP.M.PS.2006.4,0.007941154064610597,0.007728761062026,0.004737140758462077,0.13450708776503695,0.13450708776503695,nearly_symmetric,zscore
SE.CLO.15Y.LDGAP.M.PS.2006.5,0.011918119944831622,0.0107065318152308,0.008145436161560347,0.4462332423591408,0.4462332423591408,nearly_symmetric,zscore
SE.CLO.15Y.LDGAP.M.PS.2006.A,0.00592765289392056,0.00553491525352,0.002688911881110946,0.4381746123695556,0.4381746123695556,nearly_symmetric,zscore
SE.CLO.15Y.LDGAP.M.PS.2006.F,0.005605530010403268,0.0052748401649296,0.0024827837520396668,0.3995795185972177,0.3995795185972177,nearly_symmetric,zscore
SE.CLO.15Y.LDGAP.M.PS.2006.M,0.006292193437859949,0.0057583563029766,0.00296085946918852,0.5408940955542798,0.5408940955542798,moderately_skewed,iqr
SE.CLO.15Y.LDGAP.M.PS.2006.R,0.00499148682152451,0.0039490573108196,0.003378415907247805,0.9256671226907482,0.9256671226907482,moderately_skewed,iqr
SE.CLO.15Y.LDGAP.M.PS.2006.U,0.005943331151717789,0.0058383550494909,0.002738570654958056,0.11499732756958586,0.11499732756958586,nearly_symmetric,zscore
SE.CLO.15Y.LDGAP.M.PS.2009.1,0.003661430150648394,0.0031951395794749,0.0014689359747526633,0.9523027126869992,0.9523027126869992,moderately_skewed,iqr
SE.CLO.15Y.LDGAP.M.PS.2009.2,0.0045859682360205115,0.0038940575905144,0.0025090474730911296,0.8272987891939111,0.8272987891939111,moderately_skewed,iqr
SE.CLO.15Y.LDGAP.M.PS.2009.3,0.005457478784618602,0.0047543058171868,0.0030744454517866123,0.6861461474522267,0.6861461474522267,moderately_skewed,iqr
SE.CLO.15Y.LDGAP.M.PS.2009.4,0.007286311606404142,0.0064228107221425,0.004821028867832015,0.5373339848823308,0.5373339848823308,moderately_skewed,iqr
SE.CLO.15Y.LDGAP.M.PS.2009.5,0.010784989776278753,0.0089912740513682,0.007685248326502416,0.7001917109398907,0.7001917109398907,moderately_skewed,iqr
SE.CLO.15Y.LDGAP.M.PS.2009.A,0.005437018326146234,0.0047948290593922,0.002847302137872604,0.676629211433656,0.676629211433656,moderately_skewed,iqr
SE.CLO.15Y.LDGAP.M.PS.2009.F,0.005249103220800562,0.0049008689820766,0.0027922053395330153,0.3741496735145588,0.3741496735145588,nearly_symmetric,zscore
SE.CLO.15Y.LDGAP.M.PS.2009.M,0.005623522315822217,0.0050254166126251,0.002895164228293868,0.6197634980619902,0.6197634980619902,moderately_skewed,iqr
SE.CLO.15Y.LDGAP.M.PS.2009.R,0.004318514857293355,0.0033992540556937,0.0023971266114087434,1.1504533768361411,1.1504533768361411,highly_skewed,mad
SE.CLO.15Y.LDGAP.M.PS.2009.U,0.0054903474211802404,0.0051608919166028,0.0028325932655722825,0.3489263798460094,0.3489263798460094,nearly_symmetric,zscore
SE.CLO.15Y.LDGAP.M.PS.2012.1,0.0036057904062251982,0.0031365039758384,0.0014866861582627398,0.9469781388195224,0.9469781388195224,moderately_skewed,iqr
SE.CLO.15Y.LDGAP.M.PS.2012.2,0.004522125324478651,0.004052656237036,0.0023541783090304256,0.5982585333173033,0.5982585333173033,moderately_skewed,iqr
SE.CLO.15Y.LDGAP.M.PS.2012.3,0.005540163504326197,0.0050731641240418,0.0029623759449280604,0.47293056887390206,0.47293056887390206,nearly_symmetric,zscore
SE.CLO.15Y.LDGAP.M.PS.2012.4,0.007773709307867488,0.0072498708032072,0.005477513818277794,0.2869030669967292,0.2869030669967292,nearly_symmetric,zscore
SE.CLO.15Y.LDGAP.M.PS.2012.5,0.010415482598158422,0.0092908767983317,0.006872199384066796,0.49093706554882116,0.49093706554882116,nearly_symmetric,zscore
SE.CLO.15Y.LDGAP.M.PS.2012.A,0.0053995858141852,0.0051369066350162,0.0027382642850744834,0.28778724603113487,0.28778724603113487,nearly_symmetric,zscore
SE.CLO.15Y.LDGAP.M.PS.2012.F,0.0052406909094462415,0.0047920309007168,0.002790066395042339,0.4824186365528767,0.4824186365528767,nearly_symmetric,zscore
SE.CLO.15Y.LDGAP.M.PS.2012.M,0.005583592743102103,0.0050353682599962,0.002748846815805333,0.5983139692838314,0.5983139692838314,moderately_skewed,iqr
SE.CLO.15Y.LDGAP.M.PS.2012.R,0.004106219313273737,0.0033541745506227,0.001913059213988937,1.1793332226496147,1.1793332226496147,highly_skewed,mad
SE.CLO.15Y.LDGAP.M.PS.2012.U,0.005514536586199551,0.0052971988916397,0.002796733878669833,0.23313375958017873,0.23313375958017873,nearly_symmetric,zscore
SE.CLO.15Y.LDGAP.M.PS.2015.1,0.0036238483045823305,0.0032466200646013,0.0013334222520822276,0.8487069404878242,0.8487069404878242,moderately_skewed,iqr
SE.CLO.15Y.LDGAP.M.PS.2015.2,0.004426331030061613,0.0042103338055313,0.002045129302590686,0.31684631028957005,0.31684631028957005,nearly_symmetric,zscore
SE.CLO.15Y.LDGAP.M.PS.2015.3,0.0054460045451728235,0.0052124192006886,0.0031310360524632033,0.22380963416291003,0.22380963416291003,nearly_symmetric,zscore
SE.CLO.15Y.LDGAP.M.PS.2015.4,0.007015359759903872,0.007025551982224,0.004244800261367442,-0.007203322907479436,0.007203322907479436,nearly_symmetric,zscore
SE.CLO.15Y.LDGAP.M.PS.2015.5,0.01132463122574756,0.0094193816184998,0.008509871641218782,0.6716609912255589,0.6716609912255589,moderately_skewed,iqr
SE.CLO.15Y.LDGAP.M.PS.2015.A,0.005258646045783253,0.0050151646137238,0.0025300411423959577,0.2887084656206914,0.2887084656206914,nearly_symmetric,zscore
SE.CLO.15Y.LDGAP.M.PS.2015.F,0.005249102487031255,0.0050294906832278,0.0028254175240437413,0.23318161149770136,0.23318161149770136,nearly_symmetric,zscore
SE.CLO.15Y.LDGAP.M.PS.2015.M,0.005295424157697141,0.0049518896266818,0.0023441029816491463,0.43965798478740953,0.43965798478740953,nearly_symmetric,zscore
SE.CLO.15Y.LDGAP.M.PS.2015.R,0.004176164402686543,0.0031408586073667,0.002059276725408001,1.5082564415154838,1.5082564415154838,highly_skewed,mad
SE.CLO.15Y.LDGAP.M.PS.2015.U,0.005378809105604884,0.005292312707752,0.0025974487856287236,0.09990156302382798,0.09990156302382798,nearly_symmetric,zscore
SE.CLO.15Y.LDGAP.M.PS.2018.1,0.003586687487424221,0.0031420888844877,0.0015752216004729141,0.8467353472102783,0.8467353472102783,moderately_skewed,iqr
SE.CLO.15Y.LDGAP.M.PS.2018.2,0.0043830662852505555,0.0035422495566308,0.0023707592166448506,1.0639841313910792,1.0639841313910792,highly_skewed,mad
SE.CLO.15Y.LDGAP.M.PS.2018.3,0.005319387925713245,0.0047591938637197,0.0030934371007456593,0.5432734305719478,0.5432734305719478,moderately_skewed,iqr
SE.CLO.15Y.LDGAP.M.PS.2018.4,0.006964270311810473,0.0061615016311407,0.005170997500197625,0.46573336032695395,0.46573336032695395,nearly_symmetric,zscore
SE.CLO.15Y.LDGAP.M.PS.2018.5,0.010791716965016076,0.0085596330463886,0.008120668010401762,0.8245937092004252,0.8245937092004252,moderately_skewed,iqr
SE.CLO.15Y.LDGAP.M.PS.2018.A,0.005210452747682262,0.0047508925199509,0.0027640415566164626,0.4987915901241978,0.4987915901241978,nearly_symmetric,zscore
SE.CLO.15Y.LDGAP.M.PS.2018.F,0.005180208075388861,0.0045289560221136,0.0028895764881725836,0.6761392777878577,0.6761392777878577,moderately_skewed,iqr
SE.CLO.15Y.LDGAP.M.PS.2018.M,0.005242618898911457,0.0049644685350358,0.002676320822162338,0.3117903820487312,0.3117903820487312,nearly_symmetric,zscore
SE.CLO.15Y.LDGAP.M.PS.2018.R,0.004265933802611578,0.0030771268066019,0.002980530582363206,1.1965725193805214,1.1965725193805214,highly_skewed,mad
SE.CLO.15Y.LDGAP.M.PS.2018.U,0.005284048613652382,0.0046014189720154,0.002806304992861375,0.7297456727334792,0.7297456727334792,moderately_skewed,iqr
SE.CLO.15Y.LDGAP.M.PSD.2017.1,0.0030432661795722717,0.0028329622000456,5.998171951521773E-4,1.051840366830346,1.051840366830346,highly_skewed,mad
SE.CLO.15Y.LDGAP.M.PSD.2017.2,0.0029173429190580283,0.0027337381616235,5.563520924482608E-4,0.9900461951705681,0.9900461951705681,moderately_skewed,iqr
SE.CLO.15Y.LDGAP.M.PSD.2017.3,0.0028806882577815285,0.0026261792518198,5.457867929399196E-4,1.3989474054005457,1.3989474054005457,highly_skewed,mad
SE.CLO.15Y.LDGAP.M.PSD.2017.4,0.002835390024951514,0.0027020219713449,5.09599940733867E-4,0.7851338448816498,0.7851338448816498,moderately_skewed,iqr
SE.CLO.15Y.LDGAP.M.PSD.2017.5,0.002812522031100729,0.0028074667789042,4.6245280005904736E-4,0.032794171832562925,0.032794171832562925,nearly_symmetric,zscore
SE.CLO.15Y.LDGAP.M.PSD.2017.A,0.0030187469507966863,0.0027878887485713,5.09847302614876E-4,1.3583961376751845,1.3583961376751845,highly_skewed,mad
SE.CLO.15Y.LDGAP.M.PSD.2017.F,0.003030423939760243,0.0028317915275693,5.003416792590028E-4,1.1909806064034931,1.1909806064034931,highly_skewed,mad
SE.CLO.15Y.LDGAP.M.PSD.2017.M,0.0030021197495183716,0.0027444935403764,5.301147274290698E-4,1.4579459642145611,1.4579459642145611,highly_skewed,mad
SE.CLO.15Y.LDGAP.M.PSD.2017.R,0.003234693082049486,0.0030365851707757,5.510651745413781E-4,1.0784998967063768,1.0784998967063768,highly_skewed,mad
SE.CLO.15Y.LDGAP.M.PSD.2017.U,0.002774690178089914,0.002652607858181,3.9379975184269467E-4,0.930033495483362,0.930033495483362,moderately_skewed,iqr
SE.CLO.15Y.LDGAP.R.PS.2000.1,0.005041368424937864,0.0044541391544044,0.0020927369490401655,0.841810439868417,0.841810439868417,moderately_skewed,iqr
SE.CLO.15Y.LDGAP.R.PS.2000.2,0.006436866929572896,0.0061481622979045,0.0029471843224579105,0.29387842776079304,0.29387842776079304,nearly_symmetric,zscore
SE.CLO.15Y.LDGAP.R.PS.2000.3,0.008261004650238438,0.0078275920823216,0.004294432060750621,0.3027729127756293,0.3027729127756293,nearly_symmetric,zscore
SE.CLO.15Y.LDGAP.R.PS.2000.4,0.011168046757896852,0.0102932238951325,0.006748517509695783,0.38889557366079425,0.38889557366079425,nearly_symmetric,zscore
SE.CLO.15Y.LDGAP.R.PS.2000.5,0.019151697554284846,0.0186628513038158,0.011469314009395628,0.12786630047845526,0.12786630047845526,nearly_symmetric,zscore
SE.CLO.15Y.LDGAP.R.PS.2000.A,0.00795130447354601,0.0075511778704822,0.00371389905162851,0.3232128263327664,0.3232128263327664,nearly_symmetric,zscore
SE.CLO.15Y.LDGAP.R.PS.2000.F,0.010563457574218853,0.009420296177268,0.007783668571750479,0.44059997663560546,0.44059997663560546,nearly_symmetric,zscore
SE.CLO.15Y.LDGAP.R.PS.2000.M,0.006605080913665678,0.0063219629228115,0.002629325707339496,0.3230310988827468,0.3230310988827468,nearly_symmetric,zscore
SE.CLO.15Y.LDGAP.R.PS.2000.R,0.0059726723985796815,0.0051513104699552,0.0032116964821269755,0.7672224942755429,0.7672224942755429,moderately_skewed,iqr
SE.CLO.15Y.LDGAP.R.PS.2000.U,0.008138619671808558,0.0076719396747649,0.0037322092981763077,0.37512365445718276,0.37512365445718276,nearly_symmetric,zscore
SE.CLO.15Y.LDGAP.R.PS.2006.1,0.004894838198511438,0.0046410434879363,0.0019481479738092315,0.3908245892824413,0.3908245892824413,nearly_symmetric,zscore
SE.CLO.15Y.LDGAP.R.PS.2006.2,0.006286616255105893,0.005675149615854,0.003175168838815414,0.5777330311795497,0.5777330311795497,moderately_skewed,iqr
SE.CLO.15Y.LDGAP.R.PS.2006.3,0.007638055170801542,0.0074553578160703,0.004178363156621406,0.13117386968271763,0.13117386968271763,nearly_symmetric,zscore
SE.CLO.15Y.LDGAP.R.PS.2006.4,0.010105063706975089,0.0086217671632767,0.006749712625672377,0.6592709760960952,0.6592709760960952,moderately_skewed,iqr
SE.CLO.15Y.LDGAP.R.PS.2006.5,0.014405350471762092,0.0122674945741892,0.010744328916428701,0.5969258520103531,0.5969258520103531,moderately_skewed,iqr
SE.CLO.15Y.LDGAP.R.PS.2006.A,0.007430778977207168,0.0071620736271143,0.003786639442445628,0.21288429028721265,0.21288429028721265,nearly_symmetric,zscore
SE.CLO.15Y.LDGAP.R.PS.2006.F,0.009575039491226732,0.0087240757420659,0.006739013083930905,0.3788227171675678,0.3788227171675678,nearly_symmetric,zscore
SE.CLO.15Y.LDGAP.R.PS.2006.M,0.006136626068671993,0.005681580863893,0.0025921681535406994,0.526638525541759,0.526638525541759,moderately_skewed,iqr
SE.CLO.15Y.LDGAP.R.PS.2006.R,0.005825530746769079,0.00453249970451,0.003064815054064647,1.2656858760963956,1.2656858760963956,highly_skewed,mad
SE.CLO.15Y.LDGAP.R.PS.2006.U,0.007472411421883224,0.0070858425460756,0.003936526264280587,0.29460152163745607,0.29460152163745607,nearly_symmetric,zscore
SE.CLO.15Y.LDGAP.R.PS.2009.1,0.004167356049183051,0.0036971608642489,0.0014618887556396187,0.9649062210518762,0.9649062210518762,moderately_skewed,iqr
SE.CLO.15Y.LDGAP.R.PS.2009.2,0.005419411288196406,0.0048558353446424,0.0027103988909399743,0.6237929908817474,0.6237929908817474,moderately_skewed,iqr
SE.CLO.15Y.LDGAP.R.PS.2009.3,0.006687531274729879,0.0058282669633627,0.003983774213146851,0.6470730508758663,0.6470730508758663,moderately_skewed,iqr
SE.CLO.15Y.LDGAP.R.PS.2009.4,0.008724490933093257,0.0077479090541601,0.004998359021512912,0.5861414964771159,0.5861414964771159,moderately_skewed,iqr
SE.CLO.15Y.LDGAP.R.PS.2009.5,0.01272119000297634,0.0110826743766665,0.008460184301255695,0.5810212524802719,0.5810212524802719,moderately_skewed,iqr
SE.CLO.15Y.LDGAP.R.PS.2009.A,0.006391026437336552,0.005993184633553,0.002964360323672247,0.40262494468692517,0.40262494468692517,nearly_symmetric,zscore
SE.CLO.15Y.LDGAP.R.PS.2009.F,0.008488262392769477,0.0079151159152389,0.005837184620891832,0.2945665666351707,0.2945665666351707,nearly_symmetric,zscore
SE.CLO.15Y.LDGAP.R.PS.2009.M,0.005213151625155104,0.0045679770410061,0.0019764287550508427,0.9793035784875637,0.9793035784875637,moderately_skewed,iqr
SE.CLO.15Y.LDGAP.R.PS.2009.R,0.0047071132388326435,0.0037679886445403,0.0021361893082901054,1.3188783278445362,1.3188783278445362,highly_skewed,mad
SE.CLO.15Y.LDGAP.R.PS.2009.U,0.006543129186063785,0.0060543483123183,0.003021434118989326,0.4853134516555168,0.4853134516555168,nearly_symmetric,zscore
SE.CLO.15Y.LDGAP.R.PS.2012.1,0.0047588549148772025,0.004553372040391,0.001953898770606438,0.31549670470762264,0.31549670470762264,nearly_symmetric,zscore
SE.CLO.15Y.LDGAP.R.PS.2012.2,0.006249485854212133,0.0059563876129687,0.002957526571749817,0.29730746365198907,0.29730746365198907,nearly_symmetric,zscore
SE.CLO.15Y.LDGAP.R.PS.2012.3,0.008022117894142868,0.0076069165952504,0.004076684385749279,0.30554337270543097,0.30554337270543097,nearly_symmetric,zscore
SE.CLO.15Y.LDGAP.R.PS.2012.4,0.010709228192562939,0.0100394021719694,0.0060396077621290905,0.3327166499753344,0.3327166499753344,nearly_symmetric,zscore
SE.CLO.15Y.LDGAP.R.PS.2012.5,0.014383676824480537,0.0142670646309853,0.008566391742409172,0.0408382655154323,0.0408382655154323,nearly_symmetric,zscore
SE.CLO.15Y.LDGAP.R.PS.2012.A,0.007418097218408467,0.0073199309408665,0.0033986596815458923,0.08665146270012752,0.08665146270012752,nearly_symmetric,zscore
SE.CLO.15Y.LDGAP.R.PS.2012.F,0.009804050712245369,0.0096518872305751,0.005594133874741856,0.08160163042788632,0.08160163042788632,nearly_symmetric,zscore
SE.CLO.15Y.LDGAP.R.PS.2012.M,0.005988170516737287,0.005720566958189,0.0025047712404934553,0.32051257323071985,0.32051257323071985,nearly_symmetric,zscore
SE.CLO.15Y.LDGAP.R.PS.2012.R,0.005327983801676464,0.0046999584883451,0.0024971330337067413,0.7544956214036262,0.7544956214036262,moderately_skewed,iqr
SE.CLO.15Y.LDGAP.R.PS.2012.U,0.0076685098277765405,0.007452673278749,0.0035245955503793525,0.18371175864786207,0.18371175864786207,nearly_symmetric,zscore
SE.CLO.15Y.LDGAP.R.PS.2015.1,0.0043205292429775,0.0041259611025453,0.001392743041954137,0.4191041733567824,0.4191041733567824,nearly_symmetric,zscore
SE.CLO.15Y.LDGAP.R.PS.2015.2,0.005419214936689688,0.0052802483551204,0.0021182024446989517,0.1968177053856231,0.1968177053856231,nearly_symmetric,zscore
SE.CLO.15Y.LDGAP.R.PS.2015.3,0.006654780633890861,0.0064327442087233,0.00292900431854752,0.2274183316441826,0.2274183316441826,nearly_symmetric,zscore
SE.CLO.15Y.LDGAP.R.PS.2015.4,0.008765726135327272,0.0085988342761993,0.004503489917084386,0.11117501906345133,0.11117501906345133,nearly_symmetric,zscore
SE.CLO.15Y.LDGAP.R.PS.2015.5,0.01410073093138635,0.0128817828372121,0.008936225215177568,0.40921577002243104,0.40921577002243104,nearly_symmetric,zscore
SE.CLO.15Y.LDGAP.R.PS.2015.A,0.006404636713506822,0.0063121793791652,0.002575988158482611,0.107675961984333,0.107675961984333,nearly_symmetric,zscore
SE.CLO.15Y.LDGAP.R.PS.2015.F,0.007718032444686146,0.0074768825434148,0.004064608112231725,0.17798756579679686,0.17798756579679686,nearly_symmetric,zscore
SE.CLO.15Y.LDGAP.R.PS.2015.M,0.005531780643981292,0.0052354843355715,0.0018981616736616679,0.4682893652123196,0.4682893652123196,nearly_symmetric,zscore
SE.CLO.15Y.LDGAP.R.PS.2015.R,0.0051951298730508,0.0039627612568438,0.002971714342595477,1.244098665752634,1.244098665752634,highly_skewed,mad
SE.CLO.15Y.LDGAP.R.PS.2015.U,0.0065876225367761596,0.0065193427726626,0.002668916639086891,0.07674997762791146,0.07674997762791146,nearly_symmetric,zscore
SE.CLO.15Y.LDGAP.R.PS.2018.1,0.003897246030758905,0.003548291279003,0.001462087468160566,0.7160065851496302,0.7160065851496302,moderately_skewed,iqr
SE.CLO.15Y.LDGAP.R.PS.2018.2,0.004792804950975801,0.0044059646315873,0.002024487955968499,0.5732417200824094,0.5732417200824094,moderately_skewed,iqr
SE.CLO.15Y.LDGAP.R.PS.2018.3,0.005860861135672216,0.0054835993796587,0.002793148334349859,0.4052005595699898,0.4052005595699898,nearly_symmetric,zscore
SE.CLO.15Y.LDGAP.R.PS.2018.4,0.007704499477444041,0.007277128752321,0.0042752711761125,0.29989025784674256,0.29989025784674256,nearly_symmetric,zscore
SE.CLO.15Y.LDGAP.R.PS.2018.5,0.011311959615615126,0.010503982193768,0.006691629445087793,0.3622334866914582,0.3622334866914582,nearly_symmetric,zscore
SE.CLO.15Y.LDGAP.R.PS.2018.A,0.005717951463127175,0.0055507053621113,0.002457768322218507,0.20414385624220763,0.20414385624220763,nearly_symmetric,zscore
SE.CLO.15Y.LDGAP.R.PS.2018.F,0.006539144744611763,0.0062029762193561,0.0033957463734768886,0.29699084232088435,0.29699084232088435,nearly_symmetric,zscore
SE.CLO.15Y.LDGAP.R.PS.2018.M,0.005048994584111114,0.0046426891349256,0.0018878806146962687,0.6456532992964947,0.6456532992964947,moderately_skewed,iqr
SE.CLO.15Y.LDGAP.R.PS.2018.R,0.004499568324188577,0.0035157206002623,0.0026368875364873663,1.1193284244919377,1.1193284244919377,highly_skewed,mad
SE.CLO.15Y.LDGAP.R.PS.2018.U,0.005799397081792564,0.0056596375070512,0.0024831932072902174,0.16884659759585455,0.16884659759585455,nearly_symmetric,zscore
SE.CLO.15Y.LDGAP.R.PSD.2017.1,0.002727649340938243,0.0024608748499304,6.136823946589101E-4,1.3041330173213708,1.3041330173213708,highly_skewed,mad
SE.CLO.15Y.LDGAP.R.PSD.2017.2,0.0026424499561212,0.0024159580934793,4.3721345992841E-4,1.5541049171655372,1.5541049171655372,highly_skewed,mad
SE.CLO.15Y.LDGAP.R.PSD.2017.3,0.002737005141430686,0.002660344587639,4.2737104905734555E-4,0.5381311202111819,0.5381311202111819,moderately_skewed,iqr
SE.CLO.15Y.LDGAP.R.PSD.2017.4,0.0029070971067994863,0.0029434377793223,4.387184151560366E-4,-0.24850112008556932,0.24850112008556932,nearly_symmetric,zscore
SE.CLO.15Y.LDGAP.R.PSD.2017.5,0.0035367370583117147,0.0032853977754712,8.595884500383039E-4,0.877184713787097,0.877184713787097,moderately_skewed,iqr
SE.CLO.15Y.LDGAP.R.PSD.2017.A,0.002941385576767586,0.0029780480545014,3.860152202115875E-4,-0.2849303018185518,0.2849303018185518,nearly_symmetric,zscore
SE.CLO.15Y.LDGAP.R.PSD.2017.F,0.002899222375292857,0.0028590119909495,4.0703170074131635E-4,0.2963679556417086,0.2963679556417086,nearly_symmetric,zscore
SE.CLO.15Y.LDGAP.R.PSD.2017.M,0.0029798497312835434,0.0030013713985682,3.7701810205363314E-4,-0.17125172903444408,0.17125172903444408,nearly_symmetric,zscore
SE.CLO.15Y.LDGAP.R.PSD.2017.R,0.0029445444898946,0.0027920391876251,5.126534216411902E-4,0.8924468022544845,0.8924468022544845,moderately_skewed,iqr
SE.CLO.15Y.LDGAP.R.PSD.2017.U,0.0027644423701401284,0.0028985906392336,3.559236134290192E-4,-1.1307055561815746,1.1307055561815746,highly_skewed,mad
SE.CLO.15Y.LDGAP.S.PS.2000.1,0.004428333273475488,0.003950715996325,0.0016024394854281903,0.8941690743900943,0.8941690743900943,moderately_skewed,iqr
SE.CLO.15Y.LDGAP.S.PS.2000.2,0.005633076437090226,0.0047113774344325,0.002827444231775688,0.9779492648867015,0.9779492648867015,moderately_skewed,iqr
SE.CLO.15Y.LDGAP.S.PS.2000.3,0.007270312533009713,0.0064082187600434,0.004378789628422273,0.5906384043005064,0.5906384043005064,moderately_skewed,iqr
SE.CLO.15Y.LDGAP.S.PS.2000.4,0.009437464677342557,0.0088628912344575,0.005327869552371189,0.32352900380003147,0.32352900380003147,nearly_symmetric,zscore
SE.CLO.15Y.LDGAP.S.PS.2000.5,0.01634268636996971,0.013041902333498,0.010949640125362783,0.9043541153903492,0.9043541153903492,moderately_skewed,iqr
SE.CLO.15Y.LDGAP.S.PS.2000.A,0.007049575686281498,0.0063291424885392,0.0036285574618983205,0.5956360388175271,0.5956360388175271,moderately_skewed,iqr
SE.CLO.15Y.LDGAP.S.PS.2000.F,0.007228945793454041,0.0065123941749334,0.003881333355714594,0.5538444288473515,0.5538444288473515,moderately_skewed,iqr
SE.CLO.15Y.LDGAP.S.PS.2000.M,0.007000202313065524,0.0063896193169057,0.003678699470228219,0.4979338495312949,0.4979338495312949,nearly_symmetric,zscore
SE.CLO.15Y.LDGAP.S.PS.2000.R,0.005395188487160049,0.0045762793160975,0.002770519410222967,0.8867389645864037,0.8867389645864037,moderately_skewed,iqr
SE.CLO.15Y.LDGAP.S.PS.2000.U,0.007172419538255782,0.0063292817212641,0.003661521978308798,0.6908093044257365,0.6908093044257365,moderately_skewed,iqr
SE.CLO.15Y.LDGAP.S.PS.2006.1,0.004091924305872203,0.003675609594211,0.001905343683523809,0.6554954603642779,0.6554954603642779,moderately_skewed,iqr
SE.CLO.15Y.LDGAP.S.PS.2006.2,0.0055075000148333084,0.0050327647477388,0.0029181007047061266,0.4880591677273704,0.4880591677273704,nearly_symmetric,zscore
SE.CLO.15Y.LDGAP.S.PS.2006.3,0.006786671830923292,0.0064752702601254,0.003657236934650469,0.2554400300244588,0.2554400300244588,nearly_symmetric,zscore
SE.CLO.15Y.LDGAP.S.PS.2006.4,0.009337148408771362,0.0085996184498072,0.006292684916648055,0.35161300878720525,0.35161300878720525,nearly_symmetric,zscore
SE.CLO.15Y.LDGAP.S.PS.2006.5,0.013981751149653315,0.0137921320274472,0.009360193577770617,0.06077410278878383,0.06077410278878383,nearly_symmetric,zscore
SE.CLO.15Y.LDGAP.S.PS.2006.A,0.006547583429242615,0.0063700173050165,0.003467965255682989,0.15360545259368005,0.15360545259368005,nearly_symmetric,zscore
SE.CLO.15Y.LDGAP.S.PS.2006.F,0.006660012409806114,0.006232522893697,0.004116305645357903,0.3115581443213834,0.3115581443213834,nearly_symmetric,zscore
SE.CLO.15Y.LDGAP.S.PS.2006.M,0.006467367948581724,0.0064688408747315,0.0031134020272101655,-0.001419276537597107,0.001419276537597107,nearly_symmetric,zscore
SE.CLO.15Y.LDGAP.S.PS.2006.R,0.00546749361763852,0.0043124933727086,0.003542903193185799,0.9780116886778414,0.9780116886778414,moderately_skewed,iqr
SE.CLO.15Y.LDGAP.S.PS.2006.U,0.006562384408122545,0.006279366556555,0.003506853638781898,0.2421126291993055,0.2421126291993055,nearly_symmetric,zscore
SE.CLO.15Y.LDGAP.S.PS.2009.1,0.004262573811212095,0.0039342762902379,0.0018683223970564697,0.5271534315888294,0.5271534315888294,moderately_skewed,iqr
SE.CLO.15Y.LDGAP.S.PS.2009.2,0.005631452375698998,0.0049384515732527,0.003395602333217827,0.6122632167497478,0.6122632167497478,moderately_skewed,iqr
SE.CLO.15Y.LDGAP.S.PS.2009.3,0.006999333416098273,0.0061426763422787,0.004516398328476131,0.5690311249242376,0.5690311249242376,moderately_skewed,iqr
SE.CLO.15Y.LDGAP.S.PS.2009.4,0.009617833936910923,0.0081974826753139,0.006646923656420817,0.6410565255514805,0.6410565255514805,moderately_skewed,iqr
SE.CLO.15Y.LDGAP.S.PS.2009.5,0.013989655425826064,0.0115948673337698,0.011117584781388636,0.6462162796541707,0.6462162796541707,moderately_skewed,iqr
SE.CLO.15Y.LDGAP.S.PS.2009.A,0.006638875612449173,0.006499616894871,0.003608709610472485,0.1157688475465388,0.1157688475465388,nearly_symmetric,zscore
SE.CLO.15Y.LDGAP.S.PS.2009.F,0.006910427618582827,0.006389916408807,0.004331839286918062,0.36047820011310966,0.36047820011310966,nearly_symmetric,zscore
SE.CLO.15Y.LDGAP.S.PS.2009.M,0.006466382102149986,0.0059495009481907,0.0033024242244506963,0.46954702257726477,0.46954702257726477,nearly_symmetric,zscore
SE.CLO.15Y.LDGAP.S.PS.2009.R,0.0051308849323240474,0.0035419687628746,0.003117003750418775,1.5292726252600504,1.5292726252600504,highly_skewed,mad
SE.CLO.15Y.LDGAP.S.PS.2009.U,0.0067649835220757225,0.006227495148778,0.0036682229243345573,0.4395766432831181,0.4395766432831181,nearly_symmetric,zscore
SE.CLO.15Y.LDGAP.S.PS.2012.1,0.004587806652360147,0.00385229755193,0.0024443227844803965,0.9027151877404331,0.9027151877404331,moderately_skewed,iqr
SE.CLO.15Y.LDGAP.S.PS.2012.2,0.006129534632639311,0.0056008249521255,0.003780312135659374,0.4195762108053478,0.4195762108053478,nearly_symmetric,zscore
SE.CLO.15Y.LDGAP.S.PS.2012.3,0.007765703479621989,0.0073078470304608,0.004590008167662498,0.299252048647894,0.299252048647894,nearly_symmetric,zscore
SE.CLO.15Y.LDGAP.S.PS.2012.4,0.010884014672034837,0.0097772423177958,0.007161311517368925,0.46364650590385126,0.46364650590385126,nearly_symmetric,zscore
SE.CLO.15Y.LDGAP.S.PS.2012.5,0.014075986014251581,0.014008266851306,0.008779302435736073,0.023140504649867576,0.023140504649867576,nearly_symmetric,zscore
SE.CLO.15Y.LDGAP.S.PS.2012.A,0.007214034941317814,0.0065919486805797,0.004019320710810319,0.46432193808144606,0.46432193808144606,nearly_symmetric,zscore
SE.CLO.15Y.LDGAP.S.PS.2012.F,0.007527223078443882,0.0067005730234087,0.004631654163509912,0.5354350902629172,0.5354350902629172,moderately_skewed,iqr
SE.CLO.15Y.LDGAP.S.PS.2012.M,0.0069753960067887,0.0063605206087232,0.003675961967894486,0.501807747280112,0.501807747280112,moderately_skewed,iqr
SE.CLO.15Y.LDGAP.S.PS.2012.R,0.005438412248622626,0.0046613411977887,0.0031763661580889277,0.7339245655180894,0.7339245655180894,moderately_skewed,iqr
SE.CLO.15Y.LDGAP.S.PS.2012.U,0.0074049656301917125,0.0069096628576517,0.004191374715887925,0.3545157420517707,0.3545157420517707,nearly_symmetric,zscore
SE.CLO.15Y.LDGAP.S.PS.2015.1,0.0037322397487094703,0.0034883248154074,0.0015004517573270581,0.4876829903613555,0.4876829903613555,nearly_symmetric,zscore
SE.CLO.15Y.LDGAP.S.PS.2015.2,0.00463571863678786,0.0045172260142863,0.002044949790175785,0.17383207607954215,0.17383207607954215,nearly_symmetric,zscore
SE.CLO.15Y.LDGAP.S.PS.2015.3,0.00576767500919792,0.0054879002273083,0.002936186380760019,0.2858552683060958,0.2858552683060958,nearly_symmetric,zscore
SE.CLO.15Y.LDGAP.S.PS.2015.4,0.007804369177812567,0.0075692171230912,0.004656439098136598,0.1515012113970112,0.1515012113970112,nearly_symmetric,zscore
SE.CLO.15Y.LDGAP.S.PS.2015.5,0.012826928614567102,0.0107713723555207,0.010015243576660426,0.615728287578551,0.615728287578551,moderately_skewed,iqr
SE.CLO.15Y.LDGAP.S.PS.2015.A,0.005566977765270029,0.0051250057294965,0.0026069401743809384,0.5086101017394645,0.5086101017394645,moderately_skewed,iqr
SE.CLO.15Y.LDGAP.S.PS.2015.F,0.005730304228508787,0.0052377604879439,0.0029879295055019336,0.49453349517576317,0.49453349517576317,nearly_symmetric,zscore
SE.CLO.15Y.LDGAP.S.PS.2015.M,0.005451870461304978,0.0051346840336919,0.0024214729795429164,0.3929671282224482,0.3929671282224482,nearly_symmetric,zscore
SE.CLO.15Y.LDGAP.S.PS.2015.R,0.0045298747004820904,0.0035133429337293,0.0026504231737267347,1.1506069409928847,1.1506069409928847,highly_skewed,mad
SE.CLO.15Y.LDGAP.S.PS.2015.U,0.0057543976518970264,0.0055252881720662,0.0027874933244986535,0.2465758154294766,0.2465758154294766,nearly_symmetric,zscore
SE.CLO.15Y.LDGAP.S.PS.2018.1,0.0036210274965678526,0.0032589030452073,0.0016227128805181448,0.669479713339534,0.669479713339534,moderately_skewed,iqr
SE.CLO.15Y.LDGAP.S.PS.2018.2,0.004468140170305363,0.0038177636452019,0.0022091402545113387,0.8832076511782991,0.8832076511782991,moderately_skewed,iqr
SE.CLO.15Y.LDGAP.S.PS.2018.3,0.005446187538296182,0.0050194920040667,0.002975821405016603,0.43016244205061915,0.43016244205061915,nearly_symmetric,zscore
SE.CLO.15Y.LDGAP.S.PS.2018.4,0.007149171707144861,0.0061189816333354,0.004399174024907561,0.7025342039050901,0.7025342039050901,moderately_skewed,iqr
SE.CLO.15Y.LDGAP.S.PS.2018.5,0.011221351564509449,0.0089066652581096,0.00774611626641906,0.8964568411273928,0.8964568411273928,moderately_skewed,iqr
SE.CLO.15Y.LDGAP.S.PS.2018.A,0.005328813127267204,0.0049459459260106,0.0026149752971160426,0.43923994426890395,0.43923994426890395,nearly_symmetric,zscore
SE.CLO.15Y.LDGAP.S.PS.2018.F,0.005532252435522103,0.0050284848548472,0.0030498921519495886,0.4955266175751945,0.4955266175751945,nearly_symmetric,zscore
SE.CLO.15Y.LDGAP.S.PS.2018.M,0.005152611920886949,0.004853549413383,0.0023460062280741675,0.38243185877999386,0.38243185877999386,nearly_symmetric,zscore
SE.CLO.15Y.LDGAP.S.PS.2018.R,0.004253337998627966,0.0031426025088876,0.0025570001685596747,1.3031702188342396,1.3031702188342396,highly_skewed,mad
SE.CLO.15Y.LDGAP.S.PS.2018.U,0.005431382684037087,0.0050723301246762,0.0026729244423146317,0.40298845004009576,0.40298845004009576,nearly_symmetric,zscore
SE.CLO.15Y.LDGAP.S.PSD.2017.1,0.0023182009213737,0.0022312190849334,3.6578112470894594E-4,0.7133924953851429,0.7133924953851429,moderately_skewed,iqr
SE.CLO.15Y.LDGAP.S.PSD.2017.2,0.0022571209285940285,0.0021577861625701,3.031443377759449E-4,0.9830442496737057,0.9830442496737057,moderately_skewed,iqr
SE.CLO.15Y.LDGAP.S.PSD.2017.3,0.002285556219119043,0.0022455535363406,3.0262652380088213E-4,0.39655495766884735,0.39655495766884735,nearly_symmetric,zscore
SE.CLO.15Y.LDGAP.S.PSD.2017.4,0.0023768036293664286,0.0024244200903922,3.032428270494311E-4,-0.4710725871647021,0.4710725871647021,nearly_symmetric,zscore
SE.CLO.15Y.LDGAP.S.PSD.2017.5,0.0027149806264788003,0.0026794013101608,6.135726813532058E-4,0.17396137767834732,0.17396137767834732,nearly_symmetric,zscore
SE.CLO.15Y.LDGAP.S.PSD.2017.A,0.0024524996988475427,0.002529482357204,2.7554329013351595E-4,-0.8381549590899657,0.8381549590899657,moderately_skewed,iqr
SE.CLO.15Y.LDGAP.S.PSD.2017.F,0.0024236251067902143,0.0024470882490277,2.83857326719623E-4,-0.2479746692675069,0.2479746692675069,nearly_symmetric,zscore
SE.CLO.15Y.LDGAP.S.PSD.2017.M,0.002481795248708557,0.0026076599024236,2.694154428709349E-4,-1.4015305029341516,1.4015305029341516,highly_skewed,mad
SE.CLO.15Y.LDGAP.S.PSD.2017.R,0.002531375669475114,0.002544492483139,3.354694554691078E-4,-0.11729962400490852,0.11729962400490852,nearly_symmetric,zscore
SE.CLO.15Y.LDGAP.S.PSD.2017.U,0.0023031999589875284,0.002409532899037,2.769115309043574E-4,-1.1519882148157785,1.1519882148157785,highly_skewed,mad
SE.CLO.15Y.LDSEV.M.PS.2000.1,0.0038601356720347397,0.0024623963981867,0.003314060010236352,1.2652811984672139,1.2652811984672139,highly_skewed,mad
SE.CLO.15Y.LDSEV.M.PS.2000.2,0.00925887715378095,0.0036359981168061,0.014385907199008759,1.1725806984273373,1.1725806984273373,highly_skewed,mad
SE.CLO.15Y.LDSEV.M.PS.2000.3,0.014903518544487295,0.0068040769547224,0.021399872611366094,1.135442495876781,1.135442495876781,highly_skewed,mad
SE.CLO.15Y.LDSEV.M.PS.2000.4,0.03269680414530561,0.0143258692696691,0.07201285522238275,0.7653189761288565,0.7653189761288565,moderately_skewed,iqr
SE.CLO.15Y.LDSEV.M.PS.2000.5,0.07883197549878188,0.0260727852582932,0.11173635681175244,1.4165270395214675,1.4165270395214675,highly_skewed,mad
SE.CLO.15Y.LDSEV.M.PS.2000.A,0.012057572446200385,0.0062987087294459,0.013477942295824389,1.2818418992353104,1.2818418992353104,highly_skewed,mad
SE.CLO.15Y.LDSEV.M.PS.2000.F,0.01200451028565768,0.0056405528448522,0.014862771669559762,1.2845432027673707,1.2845432027673707,highly_skewed,mad
SE.CLO.15Y.LDSEV.M.PS.2000.M,0.013435667808449207,0.0069978344254196,0.017855559205591145,1.0816519340957493,1.0816519340957493,highly_skewed,mad
SE.CLO.15Y.LDSEV.M.PS.2000.R,0.0070136964849724995,0.0028700565453619,0.008637321157789176,1.4392100967117032,1.4392100967117032,highly_skewed,mad
SE.CLO.15Y.LDSEV.M.PS.2000.U,0.012559832743136202,0.006386133376509,0.013775999253555745,1.3444467990299214,1.3444467990299214,highly_skewed,mad
SE.CLO.15Y.LDSEV.M.PS.2006.1,0.0026999388875473,0.0018100016750395,0.0021224005332416665,1.2579207344268988,1.2579207344268988,highly_skewed,mad
SE.CLO.15Y.LDSEV.M.PS.2006.2,0.0061544198937813896,0.0034765284508467,0.009468241150731225,0.8484864507473634,0.8484864507473634,moderately_skewed,iqr
SE.CLO.15Y.LDSEV.M.PS.2006.3,0.0075464626819926476,0.0043997853063047,0.007772394417312624,1.2145590689577768,1.2145590689577768,highly_skewed,mad
SE.CLO.15Y.LDSEV.M.PS.2006.4,0.015060730114263213,0.0108326664194465,0.020019725528993185,0.6335846645889577,0.6335846645889577,moderately_skewed,iqr
SE.CLO.15Y.LDSEV.M.PS.2006.5,0.036142410614827127,0.0197508279234171,0.049147620645849946,1.0005519581217495,1.0005519581217495,highly_skewed,mad
SE.CLO.15Y.LDSEV.M.PS.2006.A,0.007234973223863306,0.0052720862440765,0.007291821633755246,0.8075706229703525,0.8075706229703525,moderately_skewed,iqr
SE.CLO.15Y.LDSEV.M.PS.2006.F,0.006397181326714679,0.0048250532709062,0.0063335448083397415,0.7446673719297133,0.7446673719297133,moderately_skewed,iqr
SE.CLO.15Y.LDSEV.M.PS.2006.M,0.008243450712013463,0.0054755741730332,0.008496638293345763,0.9772841128760147,0.9772841128760147,moderately_skewed,iqr
SE.CLO.15Y.LDSEV.M.PS.2006.R,0.005704470189954798,0.0025806191843003,0.01127238451599573,0.8313727236384707,0.8313727236384707,moderately_skewed,iqr
SE.CLO.15Y.LDSEV.M.PS.2006.U,0.007324933356829682,0.0056415391154587,0.007485742679551874,0.6746401713630996,0.6746401713630996,moderately_skewed,iqr
SE.CLO.15Y.LDSEV.M.PS.2009.1,0.0025373913273485245,0.0015097799478099,0.002629068012653066,1.172595811055074,1.172595811055074,highly_skewed,mad
SE.CLO.15Y.LDSEV.M.PS.2009.2,0.004717855454436028,0.0024257635232061,0.006592267579355487,1.0430820216132768,1.0430820216132768,highly_skewed,mad
SE.CLO.15Y.LDSEV.M.PS.2009.3,0.006719303134309158,0.0037234392948449,0.0081585263522472,1.1016194751785306,1.1016194751785306,highly_skewed,mad
SE.CLO.15Y.LDSEV.M.PS.2009.4,0.013487462833375282,0.0071133798919618,0.017714608623576638,1.0794621112199092,1.0794621112199092,highly_skewed,mad
SE.CLO.15Y.LDSEV.M.PS.2009.5,0.031220855144108984,0.0140282167121768,0.04770819756002682,1.0811122183121848,1.0811122183121848,highly_skewed,mad
SE.CLO.15Y.LDSEV.M.PS.2009.A,0.006494860584928614,0.0038734558038414,0.007622722027169422,1.031680588014554,1.031680588014554,highly_skewed,mad
SE.CLO.15Y.LDSEV.M.PS.2009.F,0.0061064061567025355,0.003859352087602,0.007423957491439871,0.9080281258445303,0.9080281258445303,moderately_skewed,iqr
SE.CLO.15Y.LDSEV.M.PS.2009.M,0.006797806719196556,0.0041099973022938,0.007569019827752062,1.0653200063161998,1.0653200063161998,highly_skewed,mad
SE.CLO.15Y.LDSEV.M.PS.2009.R,0.003750752905265443,0.001817436190322,0.0046994465183230515,1.234177284966737,1.234177284966737,highly_skewed,mad
SE.CLO.15Y.LDSEV.M.PS.2009.U,0.006593263969133499,0.0042808149009943,0.007449180862239197,0.9312899408287768,0.9312899408287768,moderately_skewed,iqr
SE.CLO.15Y.LDSEV.M.PS.2012.1,0.002427124125402297,0.0015715888002887,0.002578176566528852,0.9955121028798898,0.9955121028798898,moderately_skewed,iqr
SE.CLO.15Y.LDSEV.M.PS.2012.2,0.0044012048795101745,0.0027481007855386,0.0056409479699078505,0.8791629187807838,0.8791629187807838,moderately_skewed,iqr
SE.CLO.15Y.LDSEV.M.PS.2012.3,0.006714786237800403,0.0043580997735262,0.007482571783271505,0.9448702394848874,0.9448702394848874,moderately_skewed,iqr
SE.CLO.15Y.LDSEV.M.PS.2012.4,0.015154412008638754,0.0087486179545522,0.025618211592921363,0.7501453445551862,0.7501453445551862,moderately_skewed,iqr
SE.CLO.15Y.LDSEV.M.PS.2012.5,0.027310708182726483,0.0151474149897695,0.04243164206817744,0.8599685941977095,0.8599685941977095,moderately_skewed,iqr
SE.CLO.15Y.LDSEV.M.PS.2012.A,0.006209304924273206,0.0043150749988854,0.0072572360981721555,0.7830377431973985,0.7830377431973985,moderately_skewed,iqr
SE.CLO.15Y.LDSEV.M.PS.2012.F,0.006062369988930803,0.0036817488726228,0.0077304448366410945,0.923861886326735,0.923861886326735,moderately_skewed,iqr
SE.CLO.15Y.LDSEV.M.PS.2012.M,0.006453910514885081,0.0041153258644044,0.006981509120866663,1.004905075676694,1.004905075676694,highly_skewed,mad
SE.CLO.15Y.LDSEV.M.PS.2012.R,0.0032787212008510568,0.0017517438391224,0.0034719511094591653,1.319411460808143,1.319411460808143,highly_skewed,mad
SE.CLO.15Y.LDSEV.M.PS.2012.U,0.006499829631666809,0.0046509080566466,0.007519676123240291,0.7376334610898745,0.7376334610898745,moderately_skewed,iqr
SE.CLO.15Y.LDSEV.M.PS.2015.1,0.0023870520445948033,0.0016808359650895,0.0026405467781098466,0.8023520946796021,0.8023520946796021,moderately_skewed,iqr
SE.CLO.15Y.LDSEV.M.PS.2015.2,0.00392857282243382,0.0030090557411313,0.004688067759956413,0.5884196613944007,0.5884196613944007,moderately_skewed,iqr
SE.CLO.15Y.LDSEV.M.PS.2015.3,0.006679510655633812,0.004439081531018,0.01024623479972839,0.6559763176640854,0.6559763176640854,moderately_skewed,iqr
SE.CLO.15Y.LDSEV.M.PS.2015.4,0.011705938058618737,0.0083877267315984,0.017160217582818202,0.5800995198935103,0.5800995198935103,moderately_skewed,iqr
SE.CLO.15Y.LDSEV.M.PS.2015.5,0.03557540142389301,0.0161438751965761,0.07073841478734322,0.8240865851630734,0.8240865851630734,moderately_skewed,iqr
SE.CLO.15Y.LDSEV.M.PS.2015.A,0.005710484871859525,0.0040703141130507,0.006837169085996569,0.719670994608622,0.719670994608622,moderately_skewed,iqr
SE.CLO.15Y.LDSEV.M.PS.2015.F,0.00597010363884637,0.0040127262473106,0.008427464947959172,0.6967851199463402,0.6967851199463402,moderately_skewed,iqr
SE.CLO.15Y.LDSEV.M.PS.2015.M,0.0055884670009342646,0.0039708595722914,0.005797035132406475,0.8371214207070159,0.8371214207070159,moderately_skewed,iqr
SE.CLO.15Y.LDSEV.M.PS.2015.R,0.003423532786508718,0.0014604879543185,0.0039429930186012895,1.4935695977112649,1.4935695977112649,highly_skewed,mad
SE.CLO.15Y.LDSEV.M.PS.2015.U,0.006004299223423003,0.0046656015329063,0.0071126207436668235,0.5646432189043811,0.5646432189043811,moderately_skewed,iqr
SE.CLO.15Y.LDSEV.M.PS.2018.1,0.0024723658964314788,0.0014907845761627,0.004108792369845608,0.7166932995733215,0.7166932995733215,moderately_skewed,iqr
SE.CLO.15Y.LDSEV.M.PS.2018.2,0.004146400861114866,0.0020626722835004,0.00706462678723625,0.884857179453201,0.884857179453201,moderately_skewed,iqr
SE.CLO.15Y.LDSEV.M.PS.2018.3,0.006307996628566868,0.0037486923392862,0.009619742253153001,0.7981412251794442,0.7981412251794442,moderately_skewed,iqr
SE.CLO.15Y.LDSEV.M.PS.2018.4,0.01289106290346968,0.006390277761966,0.03118139210937553,0.6254485160926194,0.6254485160926194,moderately_skewed,iqr
SE.CLO.15Y.LDSEV.M.PS.2018.5,0.03222465775183377,0.0126029094681144,0.05642910192920081,1.043171747177792,1.043171747177792,highly_skewed,mad
SE.CLO.15Y.LDSEV.M.PS.2018.A,0.005802811667751022,0.003679187502712,0.00869101654661385,0.7330411190621023,0.7330411190621023,moderately_skewed,iqr
SE.CLO.15Y.LDSEV.M.PS.2018.F,0.0059272526138827025,0.0033253785222769,0.00926853121244156,0.8421638872337803,0.8421638872337803,moderately_skewed,iqr
SE.CLO.15Y.LDSEV.M.PS.2018.M,0.005719797943743901,0.0040259771049023,0.00829080482512405,0.6129034060874509,0.6129034060874509,moderately_skewed,iqr
SE.CLO.15Y.LDSEV.M.PS.2018.R,0.004463004516283569,0.0013953442685306,0.011512113698869777,0.7994171169593666,0.7994171169593666,moderately_skewed,iqr
SE.CLO.15Y.LDSEV.M.PS.2018.U,0.005980256493785419,0.003508384572342,0.00875820326594307,0.8467051447831124,0.8467051447831124,moderately_skewed,iqr
SE.CLO.15Y.LDSEV.M.PSD.2017.1,0.0011584484933077287,9.756506769918E-4,4.115341691418996E-4,1.3325587279696736,1.3325587279696736,highly_skewed,mad
SE.CLO.15Y.LDSEV.M.PSD.2017.2,0.0010950815298461714,9.428425692022E-4,3.651181353553114E-4,1.250874272480233,1.250874272480233,highly_skewed,mad
SE.CLO.15Y.LDSEV.M.PSD.2017.3,0.0010980276690264,8.93212039955E-4,3.6889387899219643E-4,1.6656467407180744,1.6656467407180744,highly_skewed,mad
SE.CLO.15Y.LDSEV.M.PSD.2017.4,0.0011102002380149712,0.0010897805914283,3.383756635311953E-4,0.18103825529511222,0.18103825529511222,nearly_symmetric,zscore
SE.CLO.15Y.LDSEV.M.PSD.2017.5,0.0011700675739640572,0.0012909749057144,3.15828554830094E-4,-1.1484775195395547,1.1484775195395547,highly_skewed,mad
SE.CLO.15Y.LDSEV.M.PSD.2017.A,0.0012093411974741857,0.0010566140990704,3.4246351731151984E-4,1.3378981177565115,1.3378981177565115,highly_skewed,mad
SE.CLO.15Y.LDSEV.M.PSD.2017.F,0.0012056771083734856,0.001066118828021,3.4676563743281515E-4,1.2073711921313817,1.2073711921313817,highly_skewed,mad
SE.CLO.15Y.LDSEV.M.PSD.2017.M,0.0012103483646309714,0.0011231231037527,3.4583280851650127E-4,0.7566540137048006,0.7566540137048006,moderately_skewed,iqr
SE.CLO.15Y.LDSEV.M.PSD.2017.R,0.0013271508339260142,0.0011655904818326,3.861409397470824E-4,1.2551920979881146,1.2551920979881146,highly_skewed,mad
SE.CLO.15Y.LDSEV.M.PSD.2017.U,0.0010510144555675143,0.0010207894956693,2.451214187715519E-4,0.36991822317718565,0.36991822317718565,nearly_symmetric,zscore
SE.CLO.15Y.LDSEV.R.PS.2000.1,0.004910861461411982,0.0031856258865446,0.005487531593647261,0.9431757496565297,0.9431757496565297,moderately_skewed,iqr
SE.CLO.15Y.LDSEV.R.PS.2000.2,0.008510651666012302,0.0060793976299465,0.008513322001930931,0.8567468852397556,0.8567468852397556,moderately_skewed,iqr
SE.CLO.15Y.LDSEV.R.PS.2000.3,0.015255415068212437,0.0107787242159247,0.01675605908136473,0.8015054429952136,0.8015054429952136,moderately_skewed,iqr
SE.CLO.15Y.LDSEV.R.PS.2000.4,0.028047399336994593,0.018877062946558,0.03296085823630581,0.8346569429131819,0.8346569429131819,moderately_skewed,iqr
SE.CLO.15Y.LDSEV.R.PS.2000.5,0.08953043606938658,0.0637530386447906,0.1015669677981006,0.7613911683128357,0.7613911683128357,moderately_skewed,iqr
SE.CLO.15Y.LDSEV.R.PS.2000.A,0.013249610577774955,0.0095424735918641,0.01332663044352732,0.8345253516903952,0.8345253516903952,moderately_skewed,iqr
SE.CLO.15Y.LDSEV.R.PS.2000.F,0.032120142075189845,0.0148851405829191,0.07580681017110118,0.6820627904024782,0.6820627904024782,moderately_skewed,iqr
SE.CLO.15Y.LDSEV.R.PS.2000.M,0.008406043391089968,0.006583834066987,0.007005442083415184,0.7803401851327414,0.7803401851327414,moderately_skewed,iqr
SE.CLO.15Y.LDSEV.R.PS.2000.R,0.007510827857422063,0.0038841238711029,0.010006238809882016,1.0873328296155043,1.0873328296155043,highly_skewed,mad
SE.CLO.15Y.LDSEV.R.PS.2000.U,0.013740768010029561,0.0099605415016413,0.013566507412879155,0.8359321364022316,0.8359321364022316,moderately_skewed,iqr
SE.CLO.15Y.LDSEV.R.PS.2006.1,0.004572050527415492,0.0030968729406595,0.004759337952343522,0.9298631037724101,0.9298631037724101,moderately_skewed,iqr
SE.CLO.15Y.LDSEV.R.PS.2006.2,0.00886521720623767,0.0055219382047653,0.012355464600128322,0.8117733593209389,0.8117733593209389,moderately_skewed,iqr
SE.CLO.15Y.LDSEV.R.PS.2006.3,0.01329879728569226,0.0093145612627268,0.017223749609029892,0.6939666646471646,0.6939666646471646,moderately_skewed,iqr
SE.CLO.15Y.LDSEV.R.PS.2006.4,0.026417499650481405,0.0133797405287623,0.04187325860485409,0.934087259228093,0.934087259228093,moderately_skewed,iqr
SE.CLO.15Y.LDSEV.R.PS.2006.5,0.05523132050452246,0.0277178380638361,0.09442503819044233,0.8741372934960994,0.8741372934960994,moderately_skewed,iqr
SE.CLO.15Y.LDSEV.R.PS.2006.A,0.012141243647784003,0.0086047453805804,0.015728508241135104,0.6745391641060767,0.6745391641060767,moderately_skewed,iqr
SE.CLO.15Y.LDSEV.R.PS.2006.F,0.025343594089446763,0.0135945891961455,0.0524398145314039,0.6721422452551945,0.6721422452551945,moderately_skewed,iqr
SE.CLO.15Y.LDSEV.R.PS.2006.M,0.007485860743856228,0.0053799734450877,0.00806478833002834,0.7833636343290592,0.7833636343290592,moderately_skewed,iqr
SE.CLO.15Y.LDSEV.R.PS.2006.R,0.007347514265098194,0.0030936396215111,0.010418773525238997,1.2248681574512428,1.2248681574512428,highly_skewed,mad
SE.CLO.15Y.LDSEV.R.PS.2006.U,0.012445079474622067,0.0084520541131496,0.01742910902833672,0.6873028371640509,0.6873028371640509,moderately_skewed,iqr
SE.CLO.15Y.LDSEV.R.PS.2009.1,0.0031999392397836714,0.0021082581952214,0.0028830352122350598,1.1359705631718082,1.1359705631718082,highly_skewed,mad
SE.CLO.15Y.LDSEV.R.PS.2009.2,0.006308380701660137,0.0038976778741926,0.009260076683725636,0.7809987680893474,0.7809987680893474,moderately_skewed,iqr
SE.CLO.15Y.LDSEV.R.PS.2009.3,0.011378030953220214,0.0056591224856675,0.026879088597360237,0.638292676498826,0.638292676498826,moderately_skewed,iqr
SE.CLO.15Y.LDSEV.R.PS.2009.4,0.018107428471051644,0.0099658733233809,0.022764971425782442,1.0729056051153265,1.0729056051153265,highly_skewed,mad
SE.CLO.15Y.LDSEV.R.PS.2009.5,0.04114529258146396,0.0207358188927174,0.07895664635603343,0.7754688666758571,0.7754688666758571,moderately_skewed,iqr
SE.CLO.15Y.LDSEV.R.PS.2009.A,0.00853306123399702,0.0058267954736948,0.01023225155242692,0.7934516894261671,0.7934516894261671,moderately_skewed,iqr
SE.CLO.15Y.LDSEV.R.PS.2009.F,0.019276324487493737,0.0105794025585055,0.03963510249310787,0.6582742101272886,0.6582742101272886,moderately_skewed,iqr
SE.CLO.15Y.LDSEV.R.PS.2009.M,0.00517637839041434,0.0034072136040777,0.004973168729109311,1.0672258771241183,1.0672258771241183,highly_skewed,mad
SE.CLO.15Y.LDSEV.R.PS.2009.R,0.004242106151181242,0.002279328648001,0.0042350528419182075,1.3903799384174127,1.3903799384174127,highly_skewed,mad
SE.CLO.15Y.LDSEV.R.PS.2009.U,0.008940840160528965,0.0059629632160068,0.010395129362216513,0.8594054505986072,0.8594054505986072,moderately_skewed,iqr
SE.CLO.15Y.LDSEV.R.PS.2012.1,0.004424413644535953,0.003434480400756,0.004453176159630453,0.6668947342038917,0.6668947342038917,moderately_skewed,iqr
SE.CLO.15Y.LDSEV.R.PS.2012.2,0.008225934396757457,0.0057308482937515,0.008992233630034244,0.8324136824044426,0.8324136824044426,moderately_skewed,iqr
SE.CLO.15Y.LDSEV.R.PS.2012.3,0.01400743606194976,0.0097745014354587,0.013903881696659385,0.9133279580855651,0.9133279580855651,moderately_skewed,iqr
SE.CLO.15Y.LDSEV.R.PS.2012.4,0.026550444249506495,0.0179947558790445,0.027847410105540902,0.9217038501644685,0.9217038501644685,moderately_skewed,iqr
SE.CLO.15Y.LDSEV.R.PS.2012.5,0.04842915868035471,0.033331137150526,0.06675500968461862,0.6785118420846037,0.6785118420846037,moderately_skewed,iqr
SE.CLO.15Y.LDSEV.R.PS.2012.A,0.011471279802912421,0.0093108601868153,0.011117105820418728,0.5829987546207639,0.5829987546207639,moderately_skewed,iqr
SE.CLO.15Y.LDSEV.R.PS.2012.F,0.02244568502365221,0.0162502862513065,0.026970117974753866,0.6891403417083773,0.6891403417083773,moderately_skewed,iqr
SE.CLO.15Y.LDSEV.R.PS.2012.M,0.00708943627767205,0.0054169772192836,0.006615327942647158,0.7584472332535066,0.7584472332535066,moderately_skewed,iqr
SE.CLO.15Y.LDSEV.R.PS.2012.R,0.005623599996959629,0.0033871701452881,0.005484225095479004,1.2233796823083507,1.2233796823083507,highly_skewed,mad
SE.CLO.15Y.LDSEV.R.PS.2012.U,0.012305293803013142,0.009848004207015,0.011813326010577416,0.6240299117618361,0.6240299117618361,moderately_skewed,iqr
SE.CLO.15Y.LDSEV.R.PS.2015.1,0.00330598594423814,0.0026884959079325,0.002439495302424237,0.7593661308042022,0.7593661308042022,moderately_skewed,iqr
SE.CLO.15Y.LDSEV.R.PS.2015.2,0.0056093839740452255,0.0044930600561202,0.004512282263912261,0.7421902172563636,0.7421902172563636,moderately_skewed,iqr
SE.CLO.15Y.LDSEV.R.PS.2015.3,0.008867089905274602,0.0066823558881879,0.00764602974098923,0.8572033163988365,0.8572033163988365,moderately_skewed,iqr
SE.CLO.15Y.LDSEV.R.PS.2015.4,0.01672048092318269,0.013254520483315,0.01661192925663116,0.6259285817420898,0.6259285817420898,moderately_skewed,iqr
SE.CLO.15Y.LDSEV.R.PS.2015.5,0.047903597854579295,0.0287231896072626,0.06870071253702932,0.8375637255717787,0.8375637255717787,moderately_skewed,iqr
SE.CLO.15Y.LDSEV.R.PS.2015.A,0.007892635042398151,0.0063897450454533,0.006400871027304659,0.7043838208271335,0.7043838208271335,moderately_skewed,iqr
SE.CLO.15Y.LDSEV.R.PS.2015.F,0.013050788097175282,0.009243574924767,0.014915885515130883,0.7657366038133355,0.7657366038133355,moderately_skewed,iqr
SE.CLO.15Y.LDSEV.R.PS.2015.M,0.005532901383985792,0.0043694749474525,0.00390504906236813,0.8937862889444141,0.8937862889444141,moderately_skewed,iqr
SE.CLO.15Y.LDSEV.R.PS.2015.R,0.005812216783881246,0.0022909371182323,0.00856178747878819,1.2338356941373196,1.2338356941373196,highly_skewed,mad
SE.CLO.15Y.LDSEV.R.PS.2015.U,0.008403627499221609,0.0071415328420699,0.006792323701549986,0.5574357374327006,0.5574357374327006,moderately_skewed,iqr
SE.CLO.15Y.LDSEV.R.PS.2018.1,0.0027303041647864495,0.0018740493105724,0.0026962287987657807,0.9527249927075996,0.9527249927075996,moderately_skewed,iqr
SE.CLO.15Y.LDSEV.R.PS.2018.2,0.004348006847391079,0.0031078734900802,0.00399702221447979,0.9307929434204669,0.9307929434204669,moderately_skewed,iqr
SE.CLO.15Y.LDSEV.R.PS.2018.3,0.006874860761916802,0.0048636998981237,0.006740415455629093,0.8951202831778848,0.8951202831778848,moderately_skewed,iqr
SE.CLO.15Y.LDSEV.R.PS.2018.4,0.012904986404265248,0.0089341346174479,0.015143122906047891,0.786664377906778,0.786664377906778,moderately_skewed,iqr
SE.CLO.15Y.LDSEV.R.PS.2018.5,0.028763931652862732,0.0177992470562458,0.033730964191804075,0.975188660567354,0.975188660567354,moderately_skewed,iqr
SE.CLO.15Y.LDSEV.R.PS.2018.A,0.00624150376087565,0.004960706923157,0.005620444395757121,0.6836453210099495,0.6836453210099495,moderately_skewed,iqr
SE.CLO.15Y.LDSEV.R.PS.2018.F,0.009146697911727307,0.0062187840230763,0.010080733921531696,0.8713395011043394,0.8713395011043394,moderately_skewed,iqr
SE.CLO.15Y.LDSEV.R.PS.2018.M,0.004526351538665385,0.0033713120501488,0.003648834527702201,0.9496507553966451,0.9496507553966451,moderately_skewed,iqr
SE.CLO.15Y.LDSEV.R.PS.2018.R,0.004396239848791816,0.0018503208411857,0.006957765753424817,1.0977312679805036,1.0977312679805036,highly_skewed,mad
SE.CLO.15Y.LDSEV.R.PS.2018.U,0.006430607058704683,0.004960706923157,0.005703357837620639,0.7731761765947189,0.7731761765947189,moderately_skewed,iqr
SE.CLO.15Y.LDSEV.R.PSD.2017.1,9.79384798223943E-4,8.488884777762E-4,3.612634715388698E-4,1.0836660558998885,1.0836660558998885,highly_skewed,mad
SE.CLO.15Y.LDSEV.R.PSD.2017.2,9.379760511884999E-4,8.374888566323E-4,2.3405274702463126E-4,1.2880070304702496,1.2880070304702496,highly_skewed,mad
SE.CLO.15Y.LDSEV.R.PSD.2017.3,0.0010302410727100857,0.0010712640359998,2.564895820497006E-4,-0.47982022850852446,0.47982022850852446,nearly_symmetric,zscore
SE.CLO.15Y.LDSEV.R.PSD.2017.4,0.001235451025422657,0.0011823992244899,3.904275370150082E-4,0.40764389729035255,0.40764389729035255,nearly_symmetric,zscore
SE.CLO.15Y.LDSEV.R.PSD.2017.5,0.0020667368995158715,0.0017923905979842,0.0012679576991772696,0.6491059639679256,0.6491059639679256,moderately_skewed,iqr
SE.CLO.15Y.LDSEV.R.PSD.2017.A,0.0012002640952622427,0.0012016632826999,2.6312009421277657E-4,-0.01595302831404887,0.01595302831404887,nearly_symmetric,zscore
SE.CLO.15Y.LDSEV.R.PSD.2017.F,0.0011754278925114568,0.0012083888286725,2.85760465422092E-4,-0.34603390058548406,0.34603390058548406,nearly_symmetric,zscore
SE.CLO.15Y.LDSEV.R.PSD.2017.M,0.0012191852937186427,0.0011833859607577,2.4735768105658317E-4,0.43418097398099653,0.43418097398099653,nearly_symmetric,zscore
SE.CLO.15Y.LDSEV.R.PSD.2017.R,0.0011482237106455143,0.001199440099299,3.1732701829014745E-4,-0.48419818390619407,0.48419818390619407,nearly_symmetric,zscore
SE.CLO.15Y.LDSEV.R.PSD.2017.U,0.0011082039979685573,0.001130579970777,2.723083457534701E-4,-0.24651436311871805,0.24651436311871805,nearly_symmetric,zscore
SE.CLO.15Y.LDSEV.S.PS.2000.1,0.00365080013757617,0.002468598773703,0.0030278311052874753,1.171334849366633,1.171334849366633,highly_skewed,mad
SE.CLO.15Y.LDSEV.S.PS.2000.2,0.006823023556867934,0.0038014906458557,0.007822949315584183,1.1587188370221209,1.1587188370221209,highly_skewed,mad
SE.CLO.15Y.LDSEV.S.PS.2000.3,0.012325888427212928,0.0072577027603984,0.018390756256179194,0.8267499600694744,0.8267499600694744,moderately_skewed,iqr
SE.CLO.15Y.LDSEV.S.PS.2000.4,0.019868594722072704,0.0130260856822133,0.021568048386561164,0.9517563551261647,0.9517563551261647,moderately_skewed,iqr
SE.CLO.15Y.LDSEV.S.PS.2000.5,0.07231038301422192,0.031689465045929,0.10221809368633084,1.192183785767225,1.192183785767225,highly_skewed,mad
SE.CLO.15Y.LDSEV.S.PS.2000.A,0.010851579017092492,0.0069351466372609,0.012341687200661058,0.9520008851679088,0.9520008851679088,moderately_skewed,iqr
SE.CLO.15Y.LDSEV.S.PS.2000.F,0.011826977055238259,0.0071145039983094,0.014718821378022103,0.9604994046531697,0.9604994046531697,moderately_skewed,iqr
SE.CLO.15Y.LDSEV.S.PS.2000.M,0.010698045685150943,0.0068798316642642,0.01333800881236588,0.8587970081441577,0.8587970081441577,moderately_skewed,iqr
SE.CLO.15Y.LDSEV.S.PS.2000.R,0.006311657931341011,0.003346782643348,0.007982219363764571,1.1143048641780442,1.1143048641780442,highly_skewed,mad
SE.CLO.15Y.LDSEV.S.PS.2000.U,0.011083537194645037,0.0065956199541688,0.01244333407408566,1.0820051636697725,1.0820051636697725,highly_skewed,mad
SE.CLO.15Y.LDSEV.S.PS.2006.1,0.003385718016423716,0.0022088983096182,0.00490813306231016,0.7193079477667689,0.7193079477667689,moderately_skewed,iqr
SE.CLO.15Y.LDSEV.S.PS.2006.2,0.0065735266226900945,0.0042505832388997,0.008542596062761648,0.8157742798760289,0.8157742798760289,moderately_skewed,iqr
SE.CLO.15Y.LDSEV.S.PS.2006.3,0.010160592030193325,0.0070950798690319,0.011942888508131057,0.7700428985184792,0.7700428985184792,moderately_skewed,iqr
SE.CLO.15Y.LDSEV.S.PS.2006.4,0.02113333537792122,0.0135340234264731,0.03197341467492614,0.7130278728791118,0.7130278728791118,moderately_skewed,iqr
SE.CLO.15Y.LDSEV.S.PS.2006.5,0.0479581414214668,0.0307525247335434,0.06446846554956698,0.800652685367302,0.800652685367302,moderately_skewed,iqr
SE.CLO.15Y.LDSEV.S.PS.2006.A,0.009331345038455247,0.0068866275250912,0.012725776092091834,0.576322613805047,0.576322613805047,moderately_skewed,iqr
SE.CLO.15Y.LDSEV.S.PS.2006.F,0.010642087083397195,0.006590083707124,0.021037693426722487,0.5778204807081553,0.5778204807081553,moderately_skewed,iqr
SE.CLO.15Y.LDSEV.S.PS.2006.M,0.008621580610841712,0.0070113451220095,0.009137799335239791,0.5286509682771308,0.5286509682771308,moderately_skewed,iqr
SE.CLO.15Y.LDSEV.S.PS.2006.R,0.007068345995391538,0.0030243166256696,0.010522118787393965,1.1530080922200456,1.1530080922200456,highly_skewed,mad
SE.CLO.15Y.LDSEV.S.PS.2006.U,0.009380890360464234,0.0066644488833845,0.013015282970692403,0.6261350175474261,0.6261350175474261,moderately_skewed,iqr
SE.CLO.15Y.LDSEV.S.PS.2009.1,0.0036490894575684275,0.0026692936662585,0.004045760124787505,0.7265352574713431,0.7265352574713431,moderately_skewed,iqr
SE.CLO.15Y.LDSEV.S.PS.2009.2,0.007400713702393824,0.0041586733423173,0.011464861650767768,0.8483417747634349,0.8483417747634349,moderately_skewed,iqr
SE.CLO.15Y.LDSEV.S.PS.2009.3,0.01242111043319565,0.0060994504019618,0.020439763033056002,0.9278473563040153,0.9278473563040153,moderately_skewed,iqr
SE.CLO.15Y.LDSEV.S.PS.2009.4,0.024709351764877152,0.012565447948873,0.032662878333525915,1.1153858235028273,1.1153858235028273,highly_skewed,mad
SE.CLO.15Y.LDSEV.S.PS.2009.5,0.06584993547732955,0.0228195302188396,0.19321012170902818,0.6681389910300841,0.6681389910300841,moderately_skewed,iqr
SE.CLO.15Y.LDSEV.S.PS.2009.A,0.010001454685403015,0.0073336362838745,0.012429891169862456,0.6438877939648212,0.6438877939648212,moderately_skewed,iqr
SE.CLO.15Y.LDSEV.S.PS.2009.F,0.011990176357727068,0.0069523979909718,0.019530497280748182,0.7738325800420601,0.7738325800420601,moderately_skewed,iqr
SE.CLO.15Y.LDSEV.S.PS.2009.M,0.00905824594277267,0.006252518389374,0.00990251476562675,0.8500045553492561,0.8500045553492561,moderately_skewed,iqr
SE.CLO.15Y.LDSEV.S.PS.2009.R,0.0057809068154798995,0.001913811545819,0.008234404643890737,1.408879732135816,1.408879732135816,highly_skewed,mad
SE.CLO.15Y.LDSEV.S.PS.2009.U,0.010420113108600214,0.0070076119154692,0.01262155397377725,0.8111127679414635,0.8111127679414635,moderately_skewed,iqr
SE.CLO.15Y.LDSEV.S.PS.2012.1,0.0045378573526132625,0.002550502307713,0.005952099103990049,1.001674372441826,1.001674372441826,highly_skewed,mad
SE.CLO.15Y.LDSEV.S.PS.2012.2,0.009100173592384233,0.0053904615342617,0.014904547908987436,0.7466939783968043,0.7466939783968043,moderately_skewed,iqr
SE.CLO.15Y.LDSEV.S.PS.2012.3,0.014331612412504795,0.0092912232503295,0.017502182996735144,0.8639589409701971,0.8639589409701971,moderately_skewed,iqr
SE.CLO.15Y.LDSEV.S.PS.2012.4,0.029853867518631592,0.0162915382534266,0.0371632406150266,1.0948180815847253,1.0948180815847253,highly_skewed,mad
SE.CLO.15Y.LDSEV.S.PS.2012.5,0.04707057409362531,0.0337272323668003,0.05775863369747571,0.6930569962949887,0.6930569962949887,moderately_skewed,iqr
SE.CLO.15Y.LDSEV.S.PS.2012.A,0.011867697779727623,0.0072731035761535,0.014345157655739751,0.960866582404358,0.960866582404358,moderately_skewed,iqr
SE.CLO.15Y.LDSEV.S.PS.2012.F,0.013720903145675093,0.0078827822580934,0.018657563805985183,0.9387272017328772,0.9387272017328772,moderately_skewed,iqr
SE.CLO.15Y.LDSEV.S.PS.2012.M,0.010715374123162376,0.0068203117698431,0.012184929206139759,0.9589868650258453,0.9589868650258453,moderately_skewed,iqr
SE.CLO.15Y.LDSEV.S.PS.2012.R,0.0066739360502521845,0.0033966735936701,0.00852521708926612,1.1532594732543764,1.1532594732543764,highly_skewed,mad
SE.CLO.15Y.LDSEV.S.PS.2012.U,0.012647363483988414,0.007992553524673,0.015494720346497341,0.9012379420647606,0.9012379420647606,moderately_skewed,iqr
SE.CLO.15Y.LDSEV.S.PS.2015.1,0.002567254671325469,0.0018486386397853,0.0027018073306226647,0.7979281387631979,0.7979281387631979,moderately_skewed,iqr
SE.CLO.15Y.LDSEV.S.PS.2015.2,0.004195136773005988,0.0033032067585737,0.004022486827828588,0.6652079069060131,0.6652079069060131,moderately_skewed,iqr
SE.CLO.15Y.LDSEV.S.PS.2015.3,0.006820195438698511,0.0047838976606727,0.007117332198177064,0.8583122389091352,0.8583122389091352,moderately_skewed,iqr
SE.CLO.15Y.LDSEV.S.PS.2015.4,0.013821833288798541,0.0090195126831532,0.016619009420367644,0.8668965431404946,0.8668965431404946,moderately_skewed,iqr
SE.CLO.15Y.LDSEV.S.PS.2015.5,0.045797541356072405,0.0186119321733713,0.09950863342751767,0.8195954937669755,0.8195954937669755,moderately_skewed,iqr
SE.CLO.15Y.LDSEV.S.PS.2015.A,0.006156330826784006,0.0041987877339125,0.006063283953423393,0.9685558723171408,0.9685558723171408,moderately_skewed,iqr
SE.CLO.15Y.LDSEV.S.PS.2015.F,0.006932411264367113,0.0043917591683567,0.008002862331012241,0.9524037741465402,0.9524037741465402,moderately_skewed,iqr
SE.CLO.15Y.LDSEV.S.PS.2015.M,0.005714590549222049,0.0041294344700873,0.005330252360791993,0.8921656828829129,0.8921656828829129,moderately_skewed,iqr
SE.CLO.15Y.LDSEV.S.PS.2015.R,0.004358326533674116,0.0018978810403496,0.006399496185334972,1.1534246237834398,1.1534246237834398,highly_skewed,mad
SE.CLO.15Y.LDSEV.S.PS.2015.U,0.0067145836199275595,0.0048070172779262,0.007029570297744243,0.8140894512201503,0.8140894512201503,moderately_skewed,iqr
SE.CLO.15Y.LDSEV.S.PS.2018.1,0.0025559116227275446,0.0015676510520279,0.0040134706271682296,0.7387077139744223,0.7387077139744223,moderately_skewed,iqr
SE.CLO.15Y.LDSEV.S.PS.2018.2,0.004071596140715268,0.0023774346336722,0.005286197962470789,0.9614631455749778,0.9614631455749778,moderately_skewed,iqr
SE.CLO.15Y.LDSEV.S.PS.2018.3,0.006398750884408086,0.0039599104784429,0.008866045795484143,0.8252293510171326,0.8252293510171326,moderately_skewed,iqr
SE.CLO.15Y.LDSEV.S.PS.2018.4,0.011919131508801842,0.0062359184958041,0.017848068968811987,0.9552651924858678,0.9552651924858678,moderately_skewed,iqr
SE.CLO.15Y.LDSEV.S.PS.2018.5,0.03163580443533893,0.0132025070488453,0.048085588219062676,1.1500304812234414,1.1500304812234414,highly_skewed,mad
SE.CLO.15Y.LDSEV.S.PS.2018.A,0.005789247877121827,0.0040060789324343,0.006954829828230555,0.7691786810294398,0.7691786810294398,moderately_skewed,iqr
SE.CLO.15Y.LDSEV.S.PS.2018.F,0.0066717252217082116,0.0041228579357266,0.009643506500430376,0.7929275370534129,0.7929275370534129,moderately_skewed,iqr
SE.CLO.15Y.LDSEV.S.PS.2018.M,0.005192004593334644,0.0037187316920608,0.0055981410353079,0.7895154259146742,0.7895154259146742,moderately_skewed,iqr
SE.CLO.15Y.LDSEV.S.PS.2018.R,0.0038805759070194585,0.0014141559367999,0.005865591652728639,1.2614686375613247,1.2614686375613247,highly_skewed,mad
SE.CLO.15Y.LDSEV.S.PS.2018.U,0.006040514547849957,0.0040205637924373,0.00718831245145733,0.8430145889122305,0.8430145889122305,moderately_skewed,iqr
SE.CLO.15Y.LDSEV.S.PSD.2017.1,6.824387653198714E-4,6.320851389319E-4,1.6787513349325681E-4,0.8998407091064637,0.8998407091064637,moderately_skewed,iqr
SE.CLO.15Y.LDSEV.S.PSD.2017.2,6.665995211473429E-4,6.25679444056E-4,1.315026747750986E-4,0.9335188921744632,0.9335188921744632,moderately_skewed,iqr
SE.CLO.15Y.LDSEV.S.PSD.2017.3,6.967715952279429E-4,7.608580053784E-4,1.5104238216826402E-4,-1.272882668370464,1.272882668370464,highly_skewed,mad
SE.CLO.15Y.LDSEV.S.PSD.2017.4,7.968061004898286E-4,8.689407841302E-4,1.9753204721389972E-4,-1.095538946583076,1.095538946583076,highly_skewed,mad
SE.CLO.15Y.LDSEV.S.PSD.2017.5,0.0011688890767150573,9.195650927722E-4,6.766225740384788E-4,1.1054493014683773,1.1054493014683773,highly_skewed,mad
SE.CLO.15Y.LDSEV.S.PSD.2017.A,8.117595986862428E-4,8.813129970804E-4,1.5899792811135385E-4,-1.3123453724273486,1.3123453724273486,highly_skewed,mad
SE.CLO.15Y.LDSEV.S.PSD.2017.F,7.914283529057143E-4,8.94260359928E-4,1.565210681948433E-4,-1.970955249825089,1.970955249825089,highly_skewed,mad
SE.CLO.15Y.LDSEV.S.PSD.2017.M,8.323112353017286E-4,8.665336645208E-4,1.643824377161345E-4,-0.6245636035310917,0.6245636035310917,moderately_skewed,iqr
SE.CLO.15Y.LDSEV.S.PSD.2017.R,8.337138985682715E-4,9.536041179672E-4,1.916876435543094E-4,-1.8763372094711086,1.8763372094711086,highly_skewed,mad
SE.CLO.15Y.LDSEV.S.PSD.2017.U,7.39828828955057E-4,7.445979863405E-4,1.6758127131946167E-4,-0.08537631946385231,0.08537631946385231,nearly_symmetric,zscore
SE.CLO.15Y.PRF.M.PS.2000.1,0.5428203528844274,0.5591948281879882,0.24339541127634917,-0.20182560407808123,0.20182560407808123,nearly_symmetric,zscore
SE.CLO.15Y.PRF.M.PS.2000.2,0.6426394129999896,0.7097679376967909,0.25043857875457787,-0.8041315962256582,0.8041315962256582,moderately_skewed,iqr
SE.CLO.15Y.PRF.M.PS.2000.3,0.700711478045078,0.7804339475535214,0.23594012858724495,-1.0136783850945965,1.0136783850945965,highly_skewed,mad
SE.CLO.15Y.PRF.M.PS.2000.4,0.7598125376386273,0.8643393424910603,0.22070295512769622,-1.4208256268062416,1.4208256268062416,highly_skewed,mad
SE.CLO.15Y.PRF.M.PS.2000.5,0.84204493000858,0.9162006640982536,0.1643352722567513,-1.3537398223398218,1.3537398223398218,highly_skewed,mad
SE.CLO.15Y.PRF.M.PS.2000.A,0.6900024478773017,0.7563331358408497,0.22223412036968423,-0.8954163454271682,0.8954163454271682,moderately_skewed,iqr
SE.CLO.15Y.PRF.M.PS.2000.F,0.6877249070498611,0.7406607094270916,0.22475166360262525,-0.7065905746196066,0.7065905746196066,moderately_skewed,iqr
SE.CLO.15Y.PRF.M.PS.2000.M,0.696113816215334,0.770190646438696,0.2211709934912042,-1.0047903984250262,1.0047903984250262,highly_skewed,mad
SE.CLO.15Y.PRF.M.PS.2000.R,0.5762397445445772,0.6363541250492696,0.2747553853743342,-0.6563770943684065,0.6563770943684065,moderately_skewed,iqr
SE.CLO.15Y.PRF.M.PS.2000.U,0.705256160710813,0.758286198562685,0.20206822473144956,-0.787308908993723,0.787308908993723,moderately_skewed,iqr
SE.CLO.15Y.PRF.M.PS.2006.1,0.5187384957266624,0.5745577763822334,0.24780038318765754,-0.6757771711753092,0.6757771711753092,moderately_skewed,iqr
SE.CLO.15Y.PRF.M.PS.2006.2,0.6259210806814947,0.7167200382743563,0.25297712537858746,-1.0767648354408927,1.0767648354408927,highly_skewed,mad
SE.CLO.15Y.PRF.M.PS.2006.3,0.6822902906692153,0.8041416922765927,0.23951931886929037,-1.5261992500138208,1.5261992500138208,highly_skewed,mad
SE.CLO.15Y.PRF.M.PS.2006.4,0.7467170393742925,0.8631396271443152,0.2211369098575937,-1.579418666630494,1.579418666630494,highly_skewed,mad
SE.CLO.15Y.PRF.M.PS.2006.5,0.8149462733321676,0.8905154046740351,0.17104081440867072,-1.3254578727854198,1.3254578727854198,highly_skewed,mad
SE.CLO.15Y.PRF.M.PS.2006.A,0.6775202483017323,0.777444757729735,0.22263565888054804,-1.3464758062177598,1.3464758062177598,highly_skewed,mad
SE.CLO.15Y.PRF.M.PS.2006.F,0.6663493737077665,0.7712303033540467,0.22868753940761893,-1.375863283823317,1.375863283823317,highly_skewed,mad
SE.CLO.15Y.PRF.M.PS.2006.M,0.6886524028476853,0.778809502581167,0.21716270598051385,-1.2454776614577403,1.2454776614577403,highly_skewed,mad
SE.CLO.15Y.PRF.M.PS.2006.R,0.5490334922399289,0.6226661587644623,0.3119673571878983,-0.7080804913847221,0.7080804913847221,moderately_skewed,iqr
SE.CLO.15Y.PRF.M.PS.2006.U,0.6831431823968119,0.7789413141609365,0.21487062526816628,-1.3375229626371454,1.3375229626371454,highly_skewed,mad
SE.CLO.15Y.PRF.M.PS.2009.1,0.469363819109503,0.5334690361677872,0.24327527684807104,-0.7905269029657976,0.7905269029657976,moderately_skewed,iqr
SE.CLO.15Y.PRF.M.PS.2009.2,0.5757741279508417,0.6691277973073422,0.24989673516527258,-1.1207069507501939,1.1207069507501939,highly_skewed,mad
SE.CLO.15Y.PRF.M.PS.2009.3,0.6380681116630145,0.7379492259949656,0.23923807938209904,-1.2524901711707779,1.2524901711707779,highly_skewed,mad
SE.CLO.15Y.PRF.M.PS.2009.4,0.706264115631192,0.8132075940569237,0.22149173064548808,-1.448498480472416,1.448498480472416,highly_skewed,mad
SE.CLO.15Y.PRF.M.PS.2009.5,0.7792219206810639,0.8642374740008605,0.17369270467619183,-1.4683786543301447,1.4683786543301447,highly_skewed,mad
SE.CLO.15Y.PRF.M.PS.2009.A,0.6335551613266286,0.7366738851150137,0.22222097368882876,-1.3921105925777297,1.3921105925777297,highly_skewed,mad
SE.CLO.15Y.PRF.M.PS.2009.F,0.6240397035909149,0.7362213741961292,0.22664362790339387,-1.4849083335318576,1.4849083335318576,highly_skewed,mad
SE.CLO.15Y.PRF.M.PS.2009.M,0.6433810672537582,0.7183652409498555,0.21884357173025426,-1.0279146849493372,1.0279146849493372,highly_skewed,mad
SE.CLO.15Y.PRF.M.PS.2009.R,0.5076953917576675,0.5712968279731321,0.28194161088397934,-0.6767511473321004,0.6767511473321004,moderately_skewed,iqr
SE.CLO.15Y.PRF.M.PS.2009.U,0.6477921522784367,0.7359143494442306,0.21223375322749663,-1.245638770822675,1.245638770822675,highly_skewed,mad
SE.CLO.15Y.PRF.M.PS.2012.1,0.5134246042245624,0.5722799277325974,0.22635479498052363,-0.7800407786338143,0.7800407786338143,moderately_skewed,iqr
SE.CLO.15Y.PRF.M.PS.2012.2,0.6170756681094994,0.6933916524112089,0.22778248553977706,-1.0051165802436022,1.0051165802436022,highly_skewed,mad
SE.CLO.15Y.PRF.M.PS.2012.3,0.683836337657501,0.773774208417982,0.21459867858682302,-1.2572939127967693,1.2572939127967693,highly_skewed,mad
SE.CLO.15Y.PRF.M.PS.2012.4,0.7490021897396013,0.8425694044859804,0.20145963351628668,-1.3933393967801713,1.3933393967801713,highly_skewed,mad
SE.CLO.15Y.PRF.M.PS.2012.5,0.8050330132020284,0.8718244947853508,0.14976967572252245,-1.3378839460212242,1.3378839460212242,highly_skewed,mad
SE.CLO.15Y.PRF.M.PS.2012.A,0.6690121974059859,0.750939211731792,0.20199283419486927,-1.2167810009552367,1.2167810009552367,highly_skewed,mad
SE.CLO.15Y.PRF.M.PS.2012.F,0.6617642610751775,0.741204156034905,0.20870158151376772,-1.1419160465895217,1.1419160465895217,highly_skewed,mad
SE.CLO.15Y.PRF.M.PS.2012.M,0.676578570344179,0.7536441568065084,0.1966657576961109,-1.175582176050367,1.175582176050367,highly_skewed,mad
SE.CLO.15Y.PRF.M.PS.2012.R,0.5434892216653698,0.6224700924552191,0.2614283092953886,-0.9063387703044268,0.9063387703044268,moderately_skewed,iqr
SE.CLO.15Y.PRF.M.PS.2012.U,0.6795630276106547,0.7590916354086975,0.19647678175959093,-1.214320701191361,1.214320701191361,highly_skewed,mad
SE.CLO.15Y.PRF.M.PS.2015.1,0.49347533819215333,0.5531076963026467,0.23368928166586914,-0.7655339305945085,0.7655339305945085,moderately_skewed,iqr
SE.CLO.15Y.PRF.M.PS.2015.2,0.5887310004015209,0.6961913785788878,0.23642091900230688,-1.363589719101612,1.363589719101612,highly_skewed,mad
SE.CLO.15Y.PRF.M.PS.2015.3,0.6418911468777552,0.7485504819476125,0.23482127290354288,-1.3626448798827901,1.3626448798827901,highly_skewed,mad
SE.CLO.15Y.PRF.M.PS.2015.4,0.7062977479820799,0.8314071018478886,0.22681496964232045,-1.6547764117567096,1.6547764117567096,highly_skewed,mad
SE.CLO.15Y.PRF.M.PS.2015.5,0.7951403690032298,0.8823778742771449,0.1835270117523153,-1.4260163303642057,1.4260163303642057,highly_skewed,mad
SE.CLO.15Y.PRF.M.PS.2015.A,0.6391408256549902,0.7228644526132926,0.21902339445652344,-1.1467764961736315,1.1467764961736315,highly_skewed,mad
SE.CLO.15Y.PRF.M.PS.2015.F,0.6374089228673224,0.7246944204911026,0.22309289108610347,-1.1737554325309092,1.1737554325309092,highly_skewed,mad
SE.CLO.15Y.PRF.M.PS.2015.M,0.6412583848172487,0.7276522745340206,0.216150846104498,-1.1990777451086838,1.1990777451086838,highly_skewed,mad
SE.CLO.15Y.PRF.M.PS.2015.R,0.5141167122260912,0.5249999999999999,0.2717216883835014,-0.12015920965294757,0.12015920965294757,nearly_symmetric,zscore
SE.CLO.15Y.PRF.M.PS.2015.U,0.650554012899107,0.743065279041697,0.21361634444474317,-1.299216121075232,1.299216121075232,highly_skewed,mad
SE.CLO.15Y.PRF.M.PS.2018.1,0.46392531598009024,0.4829784773626372,0.23027887618675602,-0.24821853004565053,0.24821853004565053,nearly_symmetric,zscore
SE.CLO.15Y.PRF.M.PS.2018.2,0.5663462254934798,0.6183670795529546,0.23620861508921823,-0.660698011033501,0.660698011033501,moderately_skewed,iqr
SE.CLO.15Y.PRF.M.PS.2018.3,0.6264630453419946,0.7046062004551649,0.23247488290327906,-1.0084077144671364,1.0084077144671364,highly_skewed,mad
SE.CLO.15Y.PRF.M.PS.2018.4,0.6936506054925219,0.7973335160086688,0.22418626196049077,-1.3874567015317734,1.3874567015317734,highly_skewed,mad
SE.CLO.15Y.PRF.M.PS.2018.5,0.7908221819338779,0.8540683957044541,0.17344530112621734,-1.0939393577094065,1.0939393577094065,highly_skewed,mad
SE.CLO.15Y.PRF.M.PS.2018.A,0.6253002763256259,0.688392602445365,0.21557525869361058,-0.8780088193155321,0.8780088193155321,moderately_skewed,iqr
SE.CLO.15Y.PRF.M.PS.2018.F,0.6264289746313704,0.6868107366268208,0.21977615982729265,-0.8242262769933791,0.8242262769933791,moderately_skewed,iqr
SE.CLO.15Y.PRF.M.PS.2018.M,0.6242405637211402,0.6584237374181066,0.21279841979271558,-0.48190922277896264,0.48190922277896264,nearly_symmetric,zscore
SE.CLO.15Y.PRF.M.PS.2018.R,0.4896074966144331,0.4518342673479584,0.2665160556776852,0.42518897224139013,0.42518897224139013,nearly_symmetric,zscore
SE.CLO.15Y.PRF.M.PS.2018.U,0.6355934015157974,0.6832532733170475,0.20958945926304454,-0.6821889607735688,0.6821889607735688,moderately_skewed,iqr
SE.CLO.15Y.PRF.M.PSD.2017.1,0.04941841228845391,0.0305203837308413,0.04677472727017821,1.2120666219038294,1.2120666219038294,highly_skewed,mad
SE.CLO.15Y.PRF.M.PSD.2017.2,0.06405629327636156,0.0557701262663718,0.04717343475880889,0.5269597424284933,0.5269597424284933,moderately_skewed,iqr
SE.CLO.15Y.PRF.M.PSD.2017.3,0.09118661491325933,0.0625444539865336,0.07137245895313932,1.2039165252327024,1.2039165252327024,highly_skewed,mad
SE.CLO.15Y.PRF.M.PSD.2017.4,0.14671799773405675,0.122132013371985,0.11435804057766501,0.6449739145025255,0.6449739145025255,moderately_skewed,iqr
SE.CLO.15Y.PRF.M.PSD.2017.5,0.27299238660616043,0.2209104368685122,0.15699023453422628,0.9952583972914616,0.9952583972914616,moderately_skewed,iqr
SE.CLO.15Y.PRF.M.PSD.2017.A,0.11911202832794784,0.0988192260894555,0.08517543168465634,0.7147413932795341,0.7147413932795341,moderately_skewed,iqr
SE.CLO.15Y.PRF.M.PSD.2017.F,0.10126738049178372,0.0903948351245063,0.06836947845157473,0.4770789077312461,0.4770789077312461,nearly_symmetric,zscore
SE.CLO.15Y.PRF.M.PSD.2017.M,0.13744834252680296,0.1085278817085281,0.10227894489350801,0.8482819464471384,0.8482819464471384,moderately_skewed,iqr
SE.CLO.15Y.PRF.M.PSD.2017.R,0.07417625383683234,0.0480652120000715,0.08634405540579074,0.9072208288357629,0.9072208288357629,moderately_skewed,iqr
SE.CLO.15Y.PRF.M.PSD.2017.U,0.15311905030951717,0.1485594375984179,0.08350447262819137,0.16380964639108236,0.16380964639108236,nearly_symmetric,zscore
SE.CLO.15Y.PRF.R.PS.2000.1,0.5814291402119962,0.6091172245561283,0.2160031840407531,-0.3845510583618273,0.3845510583618273,nearly_symmetric,zscore
SE.CLO.15Y.PRF.R.PS.2000.2,0.6854865185596437,0.76889126123251,0.2127981536713936,-1.1758289425996789,1.1758289425996789,highly_skewed,mad
SE.CLO.15Y.PRF.R.PS.2000.3,0.7434814756153258,0.8063399764212843,0.19343889577551157,-0.9748582448315862,0.9748582448315862,moderately_skewed,iqr
SE.CLO.15Y.PRF.R.PS.2000.4,0.805945332413209,0.8731682875310758,0.17127976256554486,-1.1774237792770545,1.1774237792770545,highly_skewed,mad
SE.CLO.15Y.PRF.R.PS.2000.5,0.8789846280441413,0.9273607796473656,0.12297807341946633,-1.1801165099948647,1.1801165099948647,highly_skewed,mad
SE.CLO.15Y.PRF.R.PS.2000.A,0.729669921075459,0.7963053341413087,0.18508475828542564,-1.0800794244184415,1.0800794244184415,highly_skewed,mad
SE.CLO.15Y.PRF.R.PS.2000.F,0.7832840068732407,0.8430007764246976,0.17924332181159838,-0.9994810788134941,0.9994810788134941,moderately_skewed,iqr
SE.CLO.15Y.PRF.R.PS.2000.M,0.6773705352965445,0.7535759012908724,0.19638001079127404,-1.164151570528084,1.164151570528084,highly_skewed,mad
SE.CLO.15Y.PRF.R.PS.2000.R,0.59757062754687,0.6724958801316044,0.26757314130438237,-0.8400535145584959,0.8400535145584959,moderately_skewed,iqr
SE.CLO.15Y.PRF.R.PS.2000.U,0.7486428979593234,0.8030224024089154,0.16120780901871357,-1.0119764938300133,1.0119764938300133,highly_skewed,mad
SE.CLO.15Y.PRF.R.PS.2006.1,0.5389081357590404,0.584095447435139,0.21940806690868922,-0.6178530121443181,0.6178530121443181,moderately_skewed,iqr
SE.CLO.15Y.PRF.R.PS.2006.2,0.6423145431366132,0.7123933473421056,0.22282300711563244,-0.9435130390614308,0.9435130390614308,moderately_skewed,iqr
SE.CLO.15Y.PRF.R.PS.2006.3,0.6948576851444013,0.7794726970250954,0.21536470158194013,-1.178675213614342,1.178675213614342,highly_skewed,mad
SE.CLO.15Y.PRF.R.PS.2006.4,0.7544390198986959,0.8402157531017418,0.1998837632217721,-1.2873992137301742,1.2873992137301742,highly_skewed,mad
SE.CLO.15Y.PRF.R.PS.2006.5,0.8103529686788609,0.8716707085202803,0.16494615812616414,-1.11523191333475,1.11523191333475,highly_skewed,mad
SE.CLO.15Y.PRF.R.PS.2006.A,0.6879900325418311,0.7714608426416436,0.20051544442113622,-1.2488436041540232,1.2488436041540232,highly_skewed,mad
SE.CLO.15Y.PRF.R.PS.2006.F,0.75293471291085,0.8343032860755957,0.1960372787379707,-1.245200510156622,1.245200510156622,highly_skewed,mad
SE.CLO.15Y.PRF.R.PS.2006.M,0.6229511695795277,0.6950073107351522,0.2093139366422716,-1.0327473981644932,1.0327473981644932,highly_skewed,mad
SE.CLO.15Y.PRF.R.PS.2006.R,0.5365704724446023,0.6103211775627704,0.2963568298670399,-0.7465733637850313,0.7465733637850313,moderately_skewed,iqr
SE.CLO.15Y.PRF.R.PS.2006.U,0.6953230587149258,0.7714608426416436,0.18970367024986495,-1.2040534138285388,1.2040534138285388,highly_skewed,mad
SE.CLO.15Y.PRF.R.PS.2009.1,0.5305656682128398,0.5761925464028981,0.2120458598382908,-0.6455237309257629,0.6455237309257629,moderately_skewed,iqr
SE.CLO.15Y.PRF.R.PS.2009.2,0.6372346649831726,0.704247812230225,0.21100368871617783,-0.9527769062444046,0.9527769062444046,moderately_skewed,iqr
SE.CLO.15Y.PRF.R.PS.2009.3,0.6964095929783011,0.7846240019882882,0.1927119526825282,-1.37325798086812,1.37325798086812,highly_skewed,mad
SE.CLO.15Y.PRF.R.PS.2009.4,0.7589251840027713,0.8505853852669031,0.17596131330483167,-1.5627332998818024,1.5627332998818024,highly_skewed,mad
SE.CLO.15Y.PRF.R.PS.2009.5,0.8138400121290565,0.873840034116582,0.14094716391602466,-1.2770747630638317,1.2770747630638317,highly_skewed,mad
SE.CLO.15Y.PRF.R.PS.2009.A,0.6872153127258195,0.7563681280110819,0.18287760653364477,-1.1344114229623856,1.1344114229623856,highly_skewed,mad
SE.CLO.15Y.PRF.R.PS.2009.F,0.7611435375608693,0.8544525766223549,0.1745388082095896,-1.6038101786985663,1.6038101786985663,highly_skewed,mad
SE.CLO.15Y.PRF.R.PS.2009.M,0.6134031229240902,0.6716380074852316,0.1958356249833793,-0.8920984304988004,0.8920984304988004,moderately_skewed,iqr
SE.CLO.15Y.PRF.R.PS.2009.R,0.5566841914603896,0.6041584498115153,0.24700933307783843,-0.5765886384887993,0.5765886384887993,moderately_skewed,iqr
SE.CLO.15Y.PRF.R.PS.2009.U,0.7036993074984007,0.7699724964883451,0.16869302923659968,-1.178587923102499,1.178587923102499,highly_skewed,mad
SE.CLO.15Y.PRF.R.PS.2012.1,0.6001026286107246,0.6490990818788154,0.194578549099765,-0.7554242771586677,0.7554242771586677,moderately_skewed,iqr
SE.CLO.15Y.PRF.R.PS.2012.2,0.700529630611673,0.7613426737147866,0.17908364571201155,-1.018736962741564,1.018736962741564,highly_skewed,mad
SE.CLO.15Y.PRF.R.PS.2012.3,0.755342485025012,0.819025887469628,0.16124477712866217,-1.184845864380483,1.184845864380483,highly_skewed,mad
SE.CLO.15Y.PRF.R.PS.2012.4,0.8072540788548555,0.8752718645312412,0.14835230007130498,-1.3754647344940367,1.3754647344940367,highly_skewed,mad
SE.CLO.15Y.PRF.R.PS.2012.5,0.8430850409918562,0.8930734526645172,0.1092378864568805,-1.3728317150952825,1.3728317150952825,highly_skewed,mad
SE.CLO.15Y.PRF.R.PS.2012.A,0.7369585755357001,0.7900457137883999,0.15693267398864874,-1.0148391071805685,1.0148391071805685,highly_skewed,mad
SE.CLO.15Y.PRF.R.PS.2012.F,0.806804418181395,0.8721062511017139,0.144696378607413,-1.3539074069882777,1.3539074069882777,highly_skewed,mad
SE.CLO.15Y.PRF.R.PS.2012.M,0.6665496826899345,0.7241361235769477,0.1755896854817588,-0.9838808138817847,0.9838808138817847,moderately_skewed,iqr
SE.CLO.15Y.PRF.R.PS.2012.R,0.5985076138542226,0.6597509514438529,0.23605982640585824,-0.7783196978760945,0.7783196978760945,moderately_skewed,iqr
SE.CLO.15Y.PRF.R.PS.2012.U,0.7501076366017235,0.8083822870014895,0.14912998637483538,-1.1722924104605044,1.1722924104605044,highly_skewed,mad
SE.CLO.15Y.PRF.R.PS.2015.1,0.545855113580601,0.5960323740658561,0.2154423507171696,-0.6987102626511056,0.6987102626511056,moderately_skewed,iqr
SE.CLO.15Y.PRF.R.PS.2015.2,0.643153490587682,0.7182628315368986,0.2056749088608004,-1.0955542613131803,1.0955542613131803,highly_skewed,mad
SE.CLO.15Y.PRF.R.PS.2015.3,0.694511034795501,0.7847866348463022,0.19957197048478334,-1.3570382629110387,1.3570382629110387,highly_skewed,mad
SE.CLO.15Y.PRF.R.PS.2015.4,0.7529444203246867,0.8420745707185395,0.19160016949077704,-1.3955647946043692,1.3955647946043692,highly_skewed,mad
SE.CLO.15Y.PRF.R.PS.2015.5,0.8299189637992793,0.9068118184292164,0.1544138236447405,-1.4938983987633967,1.4938983987633967,highly_skewed,mad
SE.CLO.15Y.PRF.R.PS.2015.A,0.6865464987760149,0.74895452592238,0.18901696179995764,-0.9905147117814754,0.9905147117814754,moderately_skewed,iqr
SE.CLO.15Y.PRF.R.PS.2015.F,0.7412337255808729,0.8074735346684008,0.18026683116402153,-1.102362680807167,1.102362680807167,highly_skewed,mad
SE.CLO.15Y.PRF.R.PS.2015.M,0.6323228433993432,0.7068003832861683,0.20151999824482095,-1.1087367090438016,1.1087367090438016,highly_skewed,mad
SE.CLO.15Y.PRF.R.PS.2015.R,0.5606730235809978,0.5927520357181566,0.25339584917271674,-0.3797893166982401,0.3797893166982401,nearly_symmetric,zscore
SE.CLO.15Y.PRF.R.PS.2015.U,0.7008151827234493,0.7869783663218567,0.18252952769444333,-1.4161519731094507,1.4161519731094507,highly_skewed,mad
SE.CLO.15Y.PRF.R.PS.2018.1,0.48682014028462095,0.5112447185215631,0.21688060348462157,-0.3378528717346638,0.3378528717346638,nearly_symmetric,zscore
SE.CLO.15Y.PRF.R.PS.2018.2,0.5926830385839942,0.6470847900262879,0.21255657526658886,-0.7678203044163133,0.7678203044163133,moderately_skewed,iqr
SE.CLO.15Y.PRF.R.PS.2018.3,0.6506942390244748,0.7127976324285401,0.20442255207403795,-0.9113973889960929,0.9113973889960929,moderately_skewed,iqr
SE.CLO.15Y.PRF.R.PS.2018.4,0.7161839450548831,0.8067907628684408,0.19685539844354277,-1.3808127975653648,1.3808127975653648,highly_skewed,mad
SE.CLO.15Y.PRF.R.PS.2018.5,0.8050231942742478,0.8641037307700608,0.14719149896776626,-1.2041565629157238,1.2041565629157238,highly_skewed,mad
SE.CLO.15Y.PRF.R.PS.2018.A,0.64660220592416,0.7070858473004695,0.19135394182170287,-0.9482476420475233,0.9482476420475233,moderately_skewed,iqr
SE.CLO.15Y.PRF.R.PS.2018.F,0.7066488966234136,0.7838315496228906,0.18701333912627674,-1.2381360606693583,1.2381360606693583,highly_skewed,mad
SE.CLO.15Y.PRF.R.PS.2018.M,0.587688150069364,0.6573183485553824,0.19907277903270001,-1.0493177242667737,1.0493177242667737,highly_skewed,mad
SE.CLO.15Y.PRF.R.PS.2018.R,0.4958463368305207,0.4674454753184217,0.252976633145268,0.33680021540713123,0.33680021540713123,nearly_symmetric,zscore
SE.CLO.15Y.PRF.R.PS.2018.U,0.6602296569755681,0.7110367074944512,0.18355069687164446,-0.8304035569161378,0.8304035569161378,moderately_skewed,iqr
SE.CLO.15Y.PRF.R.PSD.2017.1,0.13058909848637268,0.137440423165869,0.11136188114573307,-0.1845692065096413,0.1845692065096413,nearly_symmetric,zscore
SE.CLO.15Y.PRF.R.PSD.2017.2,0.16172527492452674,0.1769706502206332,0.12352335760972796,-0.37026297514371914,0.37026297514371914,nearly_symmetric,zscore
SE.CLO.15Y.PRF.R.PSD.2017.3,0.19872840723933205,0.2385682527210243,0.14870478458989334,-0.8037369932292001,0.8037369932292001,moderately_skewed,iqr
SE.CLO.15Y.PRF.R.PSD.2017.4,0.28569937221190167,0.3232494138355387,0.20665353872915887,-0.545115876377761,0.545115876377761,moderately_skewed,iqr
SE.CLO.15Y.PRF.R.PSD.2017.5,0.441911154921779,0.5682370370563444,0.26482427563223326,-1.4310532729635028,1.4310532729635028,highly_skewed,mad
SE.CLO.15Y.PRF.R.PSD.2017.A,0.23205478817981165,0.296978884403336,0.1654851103400635,-1.1769777248860989,1.1769777248860989,highly_skewed,mad
SE.CLO.15Y.PRF.R.PSD.2017.F,0.24908955210130945,0.3129932480578731,0.17122006313792437,-1.1196765399815338,1.1196765399815338,highly_skewed,mad
SE.CLO.15Y.PRF.R.PSD.2017.M,0.21466216284152215,0.2755318628706852,0.16065519473111037,-1.1366523217199618,1.1366523217199618,highly_skewed,mad
SE.CLO.15Y.PRF.R.PSD.2017.R,0.14018130147522576,0.0998732024948982,0.13586171047457538,0.8900542803309691,0.8900542803309691,moderately_skewed,iqr
SE.CLO.15Y.PRF.R.PSD.2017.U,0.2863259973546844,0.3435419895728612,0.16144410745170126,-1.0632037264406309,1.0632037264406309,highly_skewed,mad
SE.CLO.15Y.PRF.S.PS.2000.1,0.5786400910651945,0.5845968857980766,0.20016696874404682,-0.08927738832622725,0.08927738832622725,nearly_symmetric,zscore
SE.CLO.15Y.PRF.S.PS.2000.2,0.6730888885141788,0.7248734777459771,0.20588357427157747,-0.7545709668439621,0.7545709668439621,moderately_skewed,iqr
SE.CLO.15Y.PRF.S.PS.2000.3,0.7293780247213315,0.7935638825066481,0.19560996772754918,-0.984395507002737,0.984395507002737,moderately_skewed,iqr
SE.CLO.15Y.PRF.S.PS.2000.4,0.7907234915730508,0.857243103620412,0.18097876059599652,-1.1026643982139095,1.1026643982139095,highly_skewed,mad
SE.CLO.15Y.PRF.S.PS.2000.5,0.8642904897512127,0.9104832811981148,0.13193292621814603,-1.0503698986526864,1.0503698986526864,highly_skewed,mad
SE.CLO.15Y.PRF.S.PS.2000.A,0.7218212363779082,0.7717991515441623,0.1814362278069275,-0.8263715979496229,0.8263715979496229,moderately_skewed,iqr
SE.CLO.15Y.PRF.S.PS.2000.F,0.734082073840949,0.7852341633547549,0.1832030990073214,-0.8376292179166962,0.8376292179166962,moderately_skewed,iqr
SE.CLO.15Y.PRF.S.PS.2000.M,0.7121528403221958,0.7707823548326886,0.1823678383421901,-0.9644712857836584,0.9644712857836584,moderately_skewed,iqr
SE.CLO.15Y.PRF.S.PS.2000.R,0.6019973861672344,0.6247871722286812,0.24760964234084204,-0.276117511167953,0.276117511167953,nearly_symmetric,zscore
SE.CLO.15Y.PRF.S.PS.2000.U,0.7384842307184932,0.7804401900825532,0.15941971231991828,-0.7895377319436648,0.7895377319436648,moderately_skewed,iqr
SE.CLO.15Y.PRF.S.PS.2006.1,0.5537301664101937,0.6402665508498224,0.21954766186131164,-1.18247286770415,1.18247286770415,highly_skewed,mad
SE.CLO.15Y.PRF.S.PS.2006.2,0.6616875492263778,0.7632587024493063,0.22683060410432293,-1.3433525025073019,1.3433525025073019,highly_skewed,mad
SE.CLO.15Y.PRF.S.PS.2006.3,0.7166152862665306,0.8179257223673908,0.21745996727797115,-1.3976425735136635,1.3976425735136635,highly_skewed,mad
SE.CLO.15Y.PRF.S.PS.2006.4,0.7755091109580633,0.8722161809432208,0.20102181822987178,-1.4432324436729262,1.4432324436729262,highly_skewed,mad
SE.CLO.15Y.PRF.S.PS.2006.5,0.834839482868506,0.907200325675146,0.15829590905666993,-1.371371690611439,1.371371690611439,highly_skewed,mad
SE.CLO.15Y.PRF.S.PS.2006.A,0.708284310753802,0.7943579302410289,0.20018959997733635,-1.2898814848069722,1.2898814848069722,highly_skewed,mad
SE.CLO.15Y.PRF.S.PS.2006.F,0.7165146965966117,0.8028641197219366,0.19917575302088159,-1.3006014308820817,1.3006014308820817,highly_skewed,mad
SE.CLO.15Y.PRF.S.PS.2006.M,0.6999133646527793,0.7797321929765813,0.20287615806571374,-1.1803086535868021,1.1803086535868021,highly_skewed,mad
SE.CLO.15Y.PRF.S.PS.2006.R,0.5770622916782093,0.6964153272256447,0.30466714348719925,-1.175246869563899,1.175246869563899,highly_skewed,mad
SE.CLO.15Y.PRF.S.PS.2006.U,0.7143965189638576,0.7988512187069692,0.1902640843268204,-1.331644383256938,1.331644383256938,highly_skewed,mad
SE.CLO.15Y.PRF.S.PS.2009.1,0.5411557457674918,0.6210874452720254,0.22392021678550436,-1.0708952588381209,1.0708952588381209,highly_skewed,mad
SE.CLO.15Y.PRF.S.PS.2009.2,0.6439152123882543,0.7497874396880689,0.2232919102262054,-1.4224280744326245,1.4224280744326245,highly_skewed,mad
SE.CLO.15Y.PRF.S.PS.2009.3,0.6989604331239719,0.8202473023161704,0.2092511926762256,-1.7388699338961326,1.7388699338961326,highly_skewed,mad
SE.CLO.15Y.PRF.S.PS.2009.4,0.76016707140717,0.8594636161037381,0.19219690817683294,-1.549918970682024,1.549918970682024,highly_skewed,mad
SE.CLO.15Y.PRF.S.PS.2009.5,0.8148950489188377,0.889043473122422,0.15387128877940853,-1.4456580845933702,1.4456580845933702,highly_skewed,mad
SE.CLO.15Y.PRF.S.PS.2009.A,0.691651258132828,0.7905859926687197,0.19713087374984947,-1.5056200886336382,1.5056200886336382,highly_skewed,mad
SE.CLO.15Y.PRF.S.PS.2009.F,0.7072212790170931,0.7968649310217387,0.19288191625181328,-1.3942777075215245,1.3942777075215245,highly_skewed,mad
SE.CLO.15Y.PRF.S.PS.2009.M,0.6762851657885204,0.7770403326002346,0.20390408523047568,-1.4823906058257135,1.4823906058257135,highly_skewed,mad
SE.CLO.15Y.PRF.S.PS.2009.R,0.5846883072910734,0.6900091033967243,0.259175011158748,-1.2191082269247855,1.2191082269247855,highly_skewed,mad
SE.CLO.15Y.PRF.S.PS.2009.U,0.7043969221778218,0.7942220753282563,0.1857286700593553,-1.450909325766368,1.450909325766368,highly_skewed,mad
SE.CLO.15Y.PRF.S.PS.2012.1,0.5987929640951459,0.6531423285638389,0.2103238961446988,-0.7752238161939764,0.7752238161939764,moderately_skewed,iqr
SE.CLO.15Y.PRF.S.PS.2012.2,0.6982288068595375,0.7756973940128203,0.2001695297672123,-1.1610446491537723,1.1610446491537723,highly_skewed,mad
SE.CLO.15Y.PRF.S.PS.2012.3,0.7554702375986773,0.832598778404353,0.17919229862599578,-1.2912699049637602,1.2912699049637602,highly_skewed,mad
SE.CLO.15Y.PRF.S.PS.2012.4,0.8098294635814556,0.890192168121466,0.16404059945702928,-1.469685641347492,1.469685641347492,highly_skewed,mad
SE.CLO.15Y.PRF.S.PS.2012.5,0.8456836358261861,0.9012634065023696,0.12133389980377605,-1.3742186833045424,1.3742186833045424,highly_skewed,mad
SE.CLO.15Y.PRF.S.PS.2012.A,0.7371780912343595,0.8124597769572219,0.17337442327502536,-1.302643451683339,1.302643451683339,highly_skewed,mad
SE.CLO.15Y.PRF.S.PS.2012.F,0.751147213728035,0.8231789934445771,0.17172699008401923,-1.258365613022738,1.258365613022738,highly_skewed,mad
SE.CLO.15Y.PRF.S.PS.2012.M,0.7232301570098474,0.796983548933802,0.17807836677134076,-1.2424876742943742,1.2424876742943742,highly_skewed,mad
SE.CLO.15Y.PRF.S.PS.2012.R,0.6246931221289647,0.7193785950777108,0.2479531901445413,-1.1456050179497643,1.1456050179497643,highly_skewed,mad
SE.CLO.15Y.PRF.S.PS.2012.U,0.7468960493597403,0.8195413155685272,0.16634384042756648,-1.3101525013861848,1.3101525013861848,highly_skewed,mad
SE.CLO.15Y.PRF.S.PS.2015.1,0.5378269814999312,0.5983283012859302,0.21098685030482817,-0.860261950428497,0.860261950428497,moderately_skewed,iqr
SE.CLO.15Y.PRF.S.PS.2015.2,0.6350065121619336,0.7230034855999609,0.20419232489823733,-1.2928542757209218,1.2928542757209218,highly_skewed,mad
SE.CLO.15Y.PRF.S.PS.2015.3,0.6871485897956167,0.7633018670386766,0.19935368297518616,-1.146002563482194,1.146002563482194,highly_skewed,mad
SE.CLO.15Y.PRF.S.PS.2015.4,0.7487903731342471,0.8401060057428,0.19087974394929846,-1.4351805600620702,1.4351805600620702,highly_skewed,mad
SE.CLO.15Y.PRF.S.PS.2015.5,0.8292045998265074,0.8918997158151364,0.1490642824874175,-1.2617734096144944,1.2617734096144944,highly_skewed,mad
SE.CLO.15Y.PRF.S.PS.2015.A,0.6825073183880423,0.746715837834937,0.18608354568282995,-1.0351563198876517,1.0351563198876517,highly_skewed,mad
SE.CLO.15Y.PRF.S.PS.2015.F,0.6943771588616455,0.7512504650637732,0.18439520229680084,-0.9252947825169273,0.9252947825169273,moderately_skewed,iqr
SE.CLO.15Y.PRF.S.PS.2015.M,0.6710749599742932,0.735913630292487,0.19047165272448116,-1.021233386555166,1.021233386555166,highly_skewed,mad
SE.CLO.15Y.PRF.S.PS.2015.R,0.5669250765355478,0.6083447760696851,0.253785900564462,-0.48962175726089957,0.48962175726089957,nearly_symmetric,zscore
SE.CLO.15Y.PRF.S.PS.2015.U,0.6947127846824829,0.7551750125321967,0.18049973804035654,-1.004913832664879,1.004913832664879,highly_skewed,mad
SE.CLO.15Y.PRF.S.PS.2018.1,0.4966984427551007,0.5128885030388508,0.21411637878219572,-0.22684010035802538,0.22684010035802538,nearly_symmetric,zscore
SE.CLO.15Y.PRF.S.PS.2018.2,0.6005316382338454,0.6550409822178491,0.2107784802800477,-0.7758288784260242,0.7758288784260242,moderately_skewed,iqr
SE.CLO.15Y.PRF.S.PS.2018.3,0.6591959255308086,0.7287585256874904,0.20503449268250976,-1.017818015592102,1.017818015592102,highly_skewed,mad
SE.CLO.15Y.PRF.S.PS.2018.4,0.7242237284323628,0.7955722615052413,0.19747513436705932,-1.0839116524958303,1.0839116524958303,highly_skewed,mad
SE.CLO.15Y.PRF.S.PS.2018.5,0.813800719345808,0.8671109814998086,0.15016904530746758,-1.0650050157444049,1.0650050157444049,highly_skewed,mad
SE.CLO.15Y.PRF.S.PS.2018.A,0.6559590474687367,0.7323436398699956,0.19170141765761955,-1.195368192910537,1.195368192910537,highly_skewed,mad
SE.CLO.15Y.PRF.S.PS.2018.F,0.6728888712745256,0.7405587843313703,0.19115129777764908,-1.0620369389627646,1.0620369389627646,highly_skewed,mad
SE.CLO.15Y.PRF.S.PS.2018.M,0.6393872027044645,0.7216481111502998,0.19456770065784992,-1.2683642994346578,1.2683642994346578,highly_skewed,mad
SE.CLO.15Y.PRF.S.PS.2018.R,0.5212550445199734,0.5361546173900099,0.25433262198830947,-0.17574905751635803,0.17574905751635803,nearly_symmetric,zscore
SE.CLO.15Y.PRF.S.PS.2018.U,0.6679345093052427,0.7323436398699956,0.18466590270207617,-1.0463620455477103,1.0463620455477103,highly_skewed,mad
SE.CLO.15Y.PRF.S.PSD.2017.1,0.08633944657866234,0.0793193011522957,0.08891250522746723,0.23686697641935126,0.23686697641935126,nearly_symmetric,zscore
SE.CLO.15Y.PRF.S.PSD.2017.2,0.11450663975406594,0.1128991398385985,0.09698286760622808,0.049725274839085246,0.049725274839085246,nearly_symmetric,zscore
SE.CLO.15Y.PRF.S.PSD.2017.3,0.15347089431490385,0.1688680304926039,0.12264756163119081,-0.37661905315330063,0.37661905315330063,nearly_symmetric,zscore
SE.CLO.15Y.PRF.S.PSD.2017.4,0.22952438959055965,0.2541487702242556,0.17815650412209047,-0.41465307295467924,0.41465307295467924,nearly_symmetric,zscore
SE.CLO.15Y.PRF.S.PSD.2017.5,0.38492655379910573,0.4916325438257126,0.245659865564102,-1.3030942980642868,1.3030942980642868,highly_skewed,mad
SE.CLO.15Y.PRF.S.PSD.2017.A,0.18400802544178715,0.2283641052312075,0.14215981946931716,-0.9360467666954349,0.9360467666954349,moderately_skewed,iqr
SE.CLO.15Y.PRF.S.PSD.2017.F,0.1721174173912145,0.2138456296622332,0.12609786301084466,-0.9927577979833803,0.9927577979833803,moderately_skewed,iqr
SE.CLO.15Y.PRF.S.PSD.2017.M,0.19589420716048894,0.2415470014340317,0.1583251546495071,-0.8650449963167283,0.8650449963167283,moderately_skewed,iqr
SE.CLO.15Y.PRF.S.PSD.2017.R,0.11838934736110034,0.0677205891281643,0.14070863354739496,1.080291030241636,1.080291030241636,highly_skewed,mad
SE.CLO.15Y.PRF.S.PSD.2017.U,0.22547077312633576,0.2803870370543204,0.13435845213453262,-1.226188521575044,1.226188521575044,highly_skewed,mad
SE.CLO.2.LDGAP.M.PSC.2014.A,0.13839110024273396,0.1388015598058701,0.043051094150919844,-0.028602726915412022,0.028602726915412022,nearly_symmetric,zscore
SE.CLO.2.LDGAP.M.PSC.2014.F,0.14460755065083503,0.1514482349157333,0.043888268896441755,-0.46759768181147554,0.46759768181147554,nearly_symmetric,zscore
SE.CLO.2.LDGAP.M.PSC.2014.M,0.13156572468578814,0.1311081647872925,0.043056653529558335,0.031880779925094804,0.031880779925094804,nearly_symmetric,zscore
SE.CLO.2.LDGAP.M.PSC.2014.R,0.14745538532733918,0.1486118733882904,0.04612466110123741,-0.0752192883377219,0.0752192883377219,nearly_symmetric,zscore
SE.CLO.2.LDGAP.M.PSC.2014.U,0.12238018380271064,0.1204604133963585,0.04152302171251972,0.1387016402353949,0.1387016402353949,nearly_symmetric,zscore
SE.CLO.2.LDGAP.M.PSC.2019.A,0.11480823132608618,0.1090381518006325,0.042269065971767265,0.4095249842502563,0.4095249842502563,nearly_symmetric,zscore
SE.CLO.2.LDGAP.M.PSC.2019.F,0.11706712070320334,0.1095642298460007,0.04156260777442055,0.5415606425316928,0.5415606425316928,moderately_skewed,iqr
SE.CLO.2.LDGAP.M.PSC.2019.M,0.1123731897345611,0.1100070774555206,0.04342409365392492,0.16346539996189235,0.16346539996189235,nearly_symmetric,zscore
SE.CLO.2.LDGAP.M.PSC.2019.R,0.11863677310092109,0.1246455386281013,0.045155105243844675,-0.3992083837297193,0.3992083837297193,nearly_symmetric,zscore
SE.CLO.2.LDGAP.M.PSC.2019.U,0.09868626589221614,0.0952365100383759,0.029831684951473883,0.34692199178006605,0.34692199178006605,nearly_symmetric,zscore
SE.CLO.2.LDGAP.R.PSC.2014.A,0.15844326838850975,0.1491502821445465,0.03938975211097231,0.7077718756225387,0.7077718756225387,moderately_skewed,iqr
SE.CLO.2.LDGAP.R.PSC.2014.F,0.16055888831615447,0.1549881994724274,0.040163821065886056,0.4160975247789848,0.4160975247789848,nearly_symmetric,zscore
SE.CLO.2.LDGAP.R.PSC.2014.M,0.15644360855221748,0.1430347412824631,0.039716419552567536,1.0128456256239395,1.0128456256239395,highly_skewed,mad
SE.CLO.2.LDGAP.R.PSC.2014.R,0.17244402840733528,0.1662763059139252,0.04372765682895139,0.423145643330689,0.423145643330689,nearly_symmetric,zscore
SE.CLO.2.LDGAP.R.PSC.2014.U,0.12879535257816316,0.1213297992944717,0.03846962861717101,0.5821906957811799,0.5821906957811799,moderately_skewed,iqr
SE.CLO.2.LDGAP.R.PSC.2019.A,0.14293822539704187,0.1390805095434189,0.04238600087353261,0.27304174308399043,0.27304174308399043,nearly_symmetric,zscore
SE.CLO.2.LDGAP.R.PSC.2019.F,0.14462497032114438,0.1425111442804337,0.04199374330599987,0.15101007014123385,0.15101007014123385,nearly_symmetric,zscore
SE.CLO.2.LDGAP.R.PSC.2019.M,0.14136474313480513,0.1309548616409302,0.04306525068947014,0.7251703863704829,0.7251703863704829,moderately_skewed,iqr
SE.CLO.2.LDGAP.R.PSC.2019.R,0.1543086894920894,0.1432160884141922,0.04980027983246323,0.668225225754632,0.668225225754632,moderately_skewed,iqr
SE.CLO.2.LDGAP.R.PSC.2019.U,0.11667740877185549,0.1152388229966164,0.03164970991125737,0.13636009106618086,0.13636009106618086,nearly_symmetric,zscore
SE.CLO.2.LDSEV.M.PSC.2014.A,0.03071621535345913,0.0278711840510368,0.01581894636950055,0.539548823790372,0.539548823790372,moderately_skewed,iqr
SE.CLO.2.LDSEV.M.PSC.2014.F,0.03311806889250875,0.0325397811830044,0.016956328470569684,0.10231360707149342,0.10231360707149342,nearly_symmetric,zscore
SE.CLO.2.LDSEV.M.PSC.2014.M,0.028111004596576082,0.0281792674213648,0.015268512745333801,-0.013412470342191226,0.013412470342191226,nearly_symmetric,zscore
SE.CLO.2.LDSEV.M.PSC.2014.R,0.03401271183975042,0.0312175359576941,0.017146829245366788,0.489042465296306,0.489042465296306,nearly_symmetric,zscore
SE.CLO.2.LDSEV.M.PSC.2014.U,0.024647266914447158,0.0206125285476446,0.017432292874978855,0.6943558823395658,0.6943558823395658,moderately_skewed,iqr
SE.CLO.2.LDSEV.M.PSC.2019.A,0.02447190453364914,0.020083773881197,0.018035523837379108,0.7299145883455221,0.7299145883455221,moderately_skewed,iqr
SE.CLO.2.LDSEV.M.PSC.2019.F,0.024733261554501958,0.0206263493746519,0.01697237283087595,0.7259289353540733,0.7259289353540733,moderately_skewed,iqr
SE.CLO.2.LDSEV.M.PSC.2019.M,0.024154230303663232,0.0193822216242552,0.019380410447056996,0.7386853894210506,0.7386853894210506,moderately_skewed,iqr
SE.CLO.2.LDSEV.M.PSC.2019.R,0.026344420571279326,0.0257045160979033,0.019377908550746066,0.09906711114364132,0.09906711114364132,nearly_symmetric,zscore
SE.CLO.2.LDSEV.M.PSC.2019.U,0.016587113662223738,0.0137785477563739,0.00908923416194123,0.9269975409842451,0.9269975409842451,moderately_skewed,iqr
SE.CLO.2.LDSEV.R.PSC.2014.A,0.03589722383767367,0.0327008068561554,0.015400615846692528,0.6226537328125238,0.6226537328125238,moderately_skewed,iqr
SE.CLO.2.LDSEV.R.PSC.2014.F,0.03682547584176064,0.0329201184213161,0.015683590615765422,0.7470274217408106,0.7470274217408106,moderately_skewed,iqr
SE.CLO.2.LDSEV.R.PSC.2014.M,0.03503390261903407,0.0289355404675007,0.015604077090287872,1.1724555286891754,1.1724555286891754,highly_skewed,mad
SE.CLO.2.LDSEV.R.PSC.2014.R,0.04106781026348472,0.0354903936386108,0.0173563875014618,0.9640398886699517,0.9640398886699517,moderately_skewed,iqr
SE.CLO.2.LDSEV.R.PSC.2014.U,0.025052375253289943,0.021815462037921,0.01482652454915534,0.6549572432778957,0.6549572432778957,moderately_skewed,iqr
SE.CLO.2.LDSEV.R.PSC.2019.A,0.03404032631910272,0.0281887575984001,0.020730174230186568,0.8468190362117315,0.8468190362117315,moderately_skewed,iqr
SE.CLO.2.LDSEV.R.PSC.2019.F,0.03433596934857114,0.0301042925566435,0.020480212380571277,0.6198681019453763,0.6198681019453763,moderately_skewed,iqr
SE.CLO.2.LDSEV.R.PSC.2019.M,0.03375712023781878,0.0247085615992546,0.021082486257585412,1.2875936729675612,1.2875936729675612,highly_skewed,mad
SE.CLO.2.LDSEV.R.PSC.2019.R,0.038772907174591496,0.0303078014403582,0.024620034294355237,1.0314899199195025,1.0314899199195025,highly_skewed,mad
SE.CLO.2.LDSEV.R.PSC.2019.U,0.022840554593130946,0.0205398816615343,0.012975815746063615,0.5319140568779854,0.5319140568779854,moderately_skewed,iqr
SE.CLO.2.PRF.M.PSC.2014.A,0.5288441747426986,0.4798099994659424,0.20822153934409357,0.7064712243202492,0.7064712243202492,moderately_skewed,iqr
SE.CLO.2.PRF.M.PSC.2014.F,0.49494928270578387,0.3876393437385559,0.22219444139145605,1.4488653041257535,1.4488653041257535,highly_skewed,mad
SE.CLO.2.PRF.M.PSC.2014.M,0.5601280599832534,0.5979816913604736,0.20317731058418478,-0.5589250778305169,0.5589250778305169,moderately_skewed,iqr
SE.CLO.2.PRF.M.PSC.2014.R,0.45137916654348376,0.3886024951934814,0.22782802881549916,0.8266323289068241,0.8266323289068241,moderately_skewed,iqr
SE.CLO.2.PRF.M.PSC.2014.U,0.6493512362241745,0.6345528960227966,0.18304994253840987,0.24252955225494235,0.24252955225494235,nearly_symmetric,zscore
SE.CLO.2.PRF.M.PSC.2019.A,0.7121341356209346,0.6708499193191528,0.14074278732825748,0.8799928668208139,0.8799928668208139,moderately_skewed,iqr
SE.CLO.2.PRF.M.PSC.2019.F,0.6884208832468305,0.6461932063102722,0.1503190781642464,0.8427608282114023,0.8427608282114023,moderately_skewed,iqr
SE.CLO.2.PRF.M.PSC.2019.M,0.7338129132986069,0.7017103433609009,0.13507657549630828,0.7129860189248737,0.7129860189248737,moderately_skewed,iqr
SE.CLO.2.PRF.M.PSC.2019.R,0.649323861513819,0.6058183908462524,0.15635192550205773,0.8347605031636282,0.8347605031636282,moderately_skewed,iqr
SE.CLO.2.PRF.M.PSC.2019.U,0.7937777297837394,0.7554646134376526,0.10013177335039997,1.147880889276204,1.147880889276204,highly_skewed,mad
SE.CLO.2.PRF.R.PSC.2014.A,0.2858347065746784,0.2012737393379211,0.2030997743509995,1.2490555566637613,1.2490555566637613,highly_skewed,mad
SE.CLO.2.PRF.R.PSC.2014.F,0.28011526688933375,0.1895973831415176,0.20653290530067744,1.3148202745132145,1.3148202745132145,highly_skewed,mad
SE.CLO.2.PRF.R.PSC.2014.M,0.2910942107439041,0.2115990072488785,0.20033508128173355,1.1904335923556582,1.1904335923556582,highly_skewed,mad
SE.CLO.2.PRF.R.PSC.2014.R,0.20079770758748056,0.1273824721574783,0.21148497684194256,1.0414248311103993,1.0414248311103993,highly_skewed,mad
SE.CLO.2.PRF.R.PSC.2014.U,0.4172738566994667,0.3705630004405975,0.2181937477598414,0.6422391576996374,0.6422391576996374,moderately_skewed,iqr
SE.CLO.2.PRF.R.PSC.2019.A,0.4451968606029238,0.3937325775623322,0.1618808337520782,0.9537438468980747,0.9537438468980747,moderately_skewed,iqr
SE.CLO.2.PRF.R.PSC.2019.F,0.44566360648189274,0.3919474482536316,0.1728783156254338,0.9321497268282924,0.9321497268282924,moderately_skewed,iqr
SE.CLO.2.PRF.R.PSC.2019.M,0.44413233548402786,0.4102671146392822,0.1534772244654161,0.6619592117860461,0.6619592117860461,moderately_skewed,iqr
SE.CLO.2.PRF.R.PSC.2019.R,0.34450285136699677,0.3294244110584259,0.15601037601380674,0.28995072046816495,0.28995072046816495,nearly_symmetric,zscore
SE.CLO.2.PRF.R.PSC.2019.U,0.5604434566838401,0.5145488977432251,0.1550023522937559,0.888268305508751,0.888268305508751,moderately_skewed,iqr
SE.CLO.3.LDGAP.R.PRL.2001.1,0.11336858943104744,0.1088335514068604,0.006413512279683015,2.1213203435596393,2.1213203435596393,very_highly_skewed,mad
SE.CLO.3.LDGAP.R.PRL.2001.2,0.10793182626366615,0.1038459688425064,0.00577827497892688,2.121320343559646,2.121320343559646,very_highly_skewed,mad
SE.CLO.3.LDGAP.R.PRL.2001.3,0.09620536863803865,0.0831189975142479,0.018506923525512527,2.1213203435596424,2.1213203435596424,very_highly_skewed,mad
SE.CLO.3.LDGAP.R.PRL.2001.4,0.0872368402779102,0.0717527791857719,0.021897769197115537,2.1213203435596437,2.1213203435596437,very_highly_skewed,mad
SE.CLO.3.LDGAP.R.PRL.2001.5,0.07343530282378194,0.065176248550415,0.011680066565771006,2.121320343559641,2.121320343559641,very_highly_skewed,mad
SE.CLO.3.LDGAP.R.PRL.2001.A,0.10417433083057405,0.0983603596687317,0.008222196868323506,2.121320343559643,2.121320343559643,very_highly_skewed,mad
SE.CLO.3.LDGAP.R.PRL.2001.F,0.09896460175514221,0.0956804901361465,0.0046444351919307835,2.121320343559647,2.121320343559647,very_highly_skewed,mad
SE.CLO.3.LDGAP.R.PRL.2001.M,0.10715242102742195,0.0998015254735947,0.010395736187810582,2.1213203435596446,2.1213203435596446,very_highly_skewed,mad
SE.CLO.3.LDGAP.R.PRL.2001.R,0.1049268767237663,0.0964105203747749,0.012043946650745844,2.121320343559643,2.121320343559643,very_highly_skewed,mad
SE.CLO.3.LDGAP.R.PRL.2001.U,0.1008606255054474,0.0920082703232765,0.012519120757569831,2.1213203435596424,2.1213203435596424,very_highly_skewed,mad
SE.CLO.3.LDGAP.R.PRL.2016.1,0.1374566555023193,0.1374566555023193,,0.0,0.0,nearly_symmetric,zscore
SE.CLO.3.LDGAP.R.PRL.2016.2,0.138411670923233,0.138411670923233,,0.0,0.0,nearly_symmetric,zscore
SE.CLO.3.LDGAP.R.PRL.2016.3,0.1282597482204437,0.1282597482204437,,0.0,0.0,nearly_symmetric,zscore
SE.CLO.3.LDGAP.R.PRL.2016.4,0.1062139794230461,0.1062139794230461,,0.0,0.0,nearly_symmetric,zscore
SE.CLO.3.LDGAP.R.PRL.2016.5,0.1791233122348785,0.1791233122348785,,0.0,0.0,nearly_symmetric,zscore
SE.CLO.3.LDGAP.R.PRL.2016.A,0.136189267039299,0.136189267039299,,0.0,0.0,nearly_symmetric,zscore
SE.CLO.3.LDGAP.R.PRL.2016.F,0.119091622531414,0.119091622531414,,0.0,0.0,nearly_symmetric,zscore
SE.CLO.3.LDGAP.R.PRL.2016.M,0.1486091017723083,0.1486091017723083,,0.0,0.0,nearly_symmetric,zscore
SE.CLO.3.LDGAP.R.PRL.2016.R,0.1330181360244751,0.1330181360244751,,0.0,0.0,nearly_symmetric,zscore
SE.CLO.3.LDGAP.R.PRL.2016.U,0.1377363801002502,0.1377363801002502,,0.0,0.0,nearly_symmetric,zscore
SE.CLO.3.LDSEV.R.PRL.2001.1,0.020909309387207052,0.0190667510032654,0.002605771056034532,2.1213203435596446,2.1213203435596446,very_highly_skewed,mad
SE.CLO.3.LDSEV.R.PRL.2001.2,0.019282226450741298,0.0177293494343758,0.0021960997372415547,2.12132034355964,2.12132034355964,very_highly_skewed,mad
SE.CLO.3.LDSEV.R.PRL.2001.3,0.015478139277547601,0.0113235497847199,0.005875476806849691,2.1213203435596433,2.1213203435596433,very_highly_skewed,mad
SE.CLO.3.LDSEV.R.PRL.2001.4,0.013943690806627301,0.0094552002847195,0.006347684170665103,2.121320343559643,2.121320343559643,very_highly_skewed,mad
SE.CLO.3.LDSEV.R.PRL.2001.5,0.01165370922535655,0.0112528149038553,5.669501865454274E-4,2.1213203435596424,2.1213203435596424,very_highly_skewed,mad
SE.CLO.3.LDSEV.R.PRL.2001.A,0.0182853527367115,0.0162683147937059,0.0028525224148196497,2.1213203435596424,2.1213203435596424,very_highly_skewed,mad
SE.CLO.3.LDSEV.R.PRL.2001.F,0.0169201623648405,0.0157066397368908,0.0017161801586931065,2.1213203435596424,2.1213203435596424,very_highly_skewed,mad
SE.CLO.3.LDSEV.R.PRL.2001.M,0.01906989887356755,0.0165801681578159,0.0035210109448728585,2.121320343559643,2.121320343559643,very_highly_skewed,mad
SE.CLO.3.LDSEV.R.PRL.2001.R,0.017319096717983498,0.0145712168887258,0.003886088922307705,2.1213203435596415,2.1213203435596415,very_highly_skewed,mad
SE.CLO.3.LDSEV.R.PRL.2001.U,0.0175281926058233,0.0145376743748784,0.004229231440726273,2.1213203435596424,2.1213203435596424,very_highly_skewed,mad
SE.CLO.3.LDSEV.R.PRL.2016.1,0.031863696873188,0.031863696873188,,0.0,0.0,nearly_symmetric,zscore
SE.CLO.3.LDSEV.R.PRL.2016.2,0.030390752479434,0.030390752479434,,0.0,0.0,nearly_symmetric,zscore
SE.CLO.3.LDSEV.R.PRL.2016.3,0.0296464655548334,0.0296464655548334,,0.0,0.0,nearly_symmetric,zscore
SE.CLO.3.LDSEV.R.PRL.2016.4,0.0204498656094074,0.0204498656094074,,0.0,0.0,nearly_symmetric,zscore
SE.CLO.3.LDSEV.R.PRL.2016.5,0.0533520020544529,0.0533520020544529,,0.0,0.0,nearly_symmetric,zscore
SE.CLO.3.LDSEV.R.PRL.2016.A,0.0316478610038757,0.0316478610038757,,0.0,0.0,nearly_symmetric,zscore
SE.CLO.3.LDSEV.R.PRL.2016.F,0.0236636437475681,0.0236636437475681,,0.0,0.0,nearly_symmetric,zscore
SE.CLO.3.LDSEV.R.PRL.2016.M,0.0374443493783474,0.0374443493783474,,0.0,0.0,nearly_symmetric,zscore
SE.CLO.3.LDSEV.R.PRL.2016.R,0.0318207480013371,0.0318207480013371,,0.0,0.0,nearly_symmetric,zscore
SE.CLO.3.LDSEV.R.PRL.2016.U,0.0319254621863365,0.0319254621863365,,0.0,0.0,nearly_symmetric,zscore
SE.CLO.3.PRF.R.PRL.2001.1,0.8399218320846558,0.8229261636734009,0.024035504768792647,2.121320343559643,2.121320343559643,very_highly_skewed,mad
SE.CLO.3.PRF.R.PRL.2001.2,0.8873428106307983,0.8565453886985779,0.043554131782672784,2.1213203435596424,2.1213203435596424,very_highly_skewed,mad
SE.CLO.3.PRF.R.PRL.2001.3,0.9291208684444427,0.9273700714111328,0.0024760009094695703,2.1213203435595753,2.1213203435595753,very_highly_skewed,mad
SE.CLO.3.PRF.R.PRL.2001.4,0.9582430720329285,0.9538425803184508,0.006223235063724648,2.1213203435596695,2.1213203435596695,very_highly_skewed,mad
SE.CLO.3.PRF.R.PRL.2001.5,0.977311909198761,0.9694259166717528,0.01115247758446775,2.1213203435596575,2.1213203435596575,very_highly_skewed,mad
SE.CLO.3.PRF.R.PRL.2001.A,0.9182834029197693,0.9114447236061096,0.009671353034097831,2.121320343559643,2.121320343559643,very_highly_skewed,mad
SE.CLO.3.PRF.R.PRL.2001.F,0.941094160079956,0.9369176626205444,0.005906459350316611,2.121320343559671,2.121320343559671,very_highly_skewed,mad
SE.CLO.3.PRF.R.PRL.2001.M,0.8952734768390656,0.8858849406242371,0.013277395245841414,2.1213203435596424,2.1213203435596424,very_highly_skewed,mad
SE.CLO.3.PRF.R.PRL.2001.R,0.8973021805286407,0.8912467956542969,0.008563607414686003,2.121320343559643,2.121320343559643,very_highly_skewed,mad
SE.CLO.3.PRF.R.PRL.2001.U,0.9248382151126862,0.9235028624534608,0.0018884738412275504,2.1213203435595545,2.1213203435595545,very_highly_skewed,mad
SE.CLO.3.PRF.R.PRL.2016.1,0.7954838871955872,0.7954838871955872,,0.0,0.0,nearly_symmetric,zscore
SE.CLO.3.PRF.R.PRL.2016.2,0.8351568579673767,0.8351568579673767,,0.0,0.0,nearly_symmetric,zscore
SE.CLO.3.PRF.R.PRL.2016.3,0.9032788872718812,0.9032788872718812,,0.0,0.0,nearly_symmetric,zscore
SE.CLO.3.PRF.R.PRL.2016.4,0.9294056296348572,0.9294056296348572,,0.0,0.0,nearly_symmetric,zscore
SE.CLO.3.PRF.R.PRL.2016.5,0.9459291696548462,0.9459291696548462,,0.0,0.0,nearly_symmetric,zscore
SE.CLO.3.PRF.R.PRL.2016.A,0.88180011510849,0.88180011510849,,0.0,0.0,nearly_symmetric,zscore
SE.CLO.3.PRF.R.PRL.2016.F,0.9011805057525636,0.9011805057525636,,0.0,0.0,nearly_symmetric,zscore
SE.CLO.3.PRF.R.PRL.2016.M,0.8620939254760742,0.8620939254760742,,0.0,0.0,nearly_symmetric,zscore
SE.CLO.3.PRF.R.PRL.2016.R,0.8528308272361755,0.8528308272361755,,0.0,0.0,nearly_symmetric,zscore
SE.CLO.3.PRF.R.PRL.2016.U,0.8853711485862732,0.8853711485862732,,0.0,0.0,nearly_symmetric,zscore
SE.CLO.4.LDGAP.M.TMS.2003.A,0.13423935029034814,0.1099053099751472,0.07977670432745418,0.9150806812720141,0.9150806812720141,moderately_skewed,iqr
SE.CLO.4.LDGAP.M.TMS.2003.F,0.13179929368197918,0.1069373115897179,0.08036882650893679,0.928045730125101,0.928045730125101,moderately_skewed,iqr
SE.CLO.4.LDGAP.M.TMS.2003.M,0.13610418854902187,0.1098290234804153,0.07957727206854089,0.9905528696425574,0.9905528696425574,moderately_skewed,iqr
SE.CLO.4.LDGAP.M.TMS.2003.R,0.163958008090655,0.1175268664956093,0.08982019379899374,1.5508029864292905,1.5508029864292905,highly_skewed,mad
SE.CLO.4.LDGAP.M.TMS.2003.U,0.1301278673733274,0.109320156276226,0.0775367073551269,0.8050784643897656,0.8050784643897656,moderately_skewed,iqr
SE.CLO.4.LDGAP.M.TMS.2007.A,0.14899675260697093,0.1107050031423569,0.09189408937065865,1.2500831030653992,1.2500831030653992,highly_skewed,mad
SE.CLO.4.LDGAP.M.TMS.2007.F,0.14292289125067847,0.1076762899756432,0.08656347742015899,1.2215290671823338,1.2215290671823338,highly_skewed,mad
SE.CLO.4.LDGAP.M.TMS.2007.M,0.15409664628761155,0.1099099367856979,0.09740711862618694,1.3608874831259352,1.3608874831259352,highly_skewed,mad
SE.CLO.4.LDGAP.M.TMS.2007.R,0.1666962081386197,0.1224060207605362,0.09851777509419651,1.3486963343133567,1.3486963343133567,highly_skewed,mad
SE.CLO.4.LDGAP.M.TMS.2007.U,0.144246322874512,0.1099697127938271,0.09061720561052325,1.134771587241631,1.134771587241631,highly_skewed,mad
SE.CLO.4.LDGAP.M.TMS.2011.1,0.13768945125242074,0.1110200807452202,0.06298510715614494,1.2702703088724665,1.2702703088724665,highly_skewed,mad
SE.CLO.4.LDGAP.M.TMS.2011.2,0.1196554052333037,0.089940145611763,0.057712343836428,1.54465705148425,1.54465705148425,highly_skewed,mad
SE.CLO.4.LDGAP.M.TMS.2011.3,0.11341671297947566,0.0866701900959015,0.056370415511998055,1.4234340464218154,1.4234340464218154,highly_skewed,mad
SE.CLO.4.LDGAP.M.TMS.2011.4,0.1085631564259529,0.0874074995517731,0.051931488470423566,1.2221288565353876,1.2221288565353876,highly_skewed,mad
SE.CLO.4.LDGAP.M.TMS.2011.5,0.10515722066715912,0.0928055867552757,0.04574279188157521,0.8100708376432886,0.8100708376432886,moderately_skewed,iqr
SE.CLO.4.LDGAP.M.TMS.2011.A,0.13084734328415082,0.1087890118360519,0.07255885131251756,0.9120182189664917,0.9120182189664917,moderately_skewed,iqr
SE.CLO.4.LDGAP.M.TMS.2011.F,0.1242852975492892,0.1040540263056755,0.06819593061803964,0.8899917220982384,0.8899917220982384,moderately_skewed,iqr
SE.CLO.4.LDGAP.M.TMS.2011.M,0.13637064275858196,0.1106361374258995,0.0771383577352325,1.0008446934148962,1.0008446934148962,highly_skewed,mad
SE.CLO.4.LDGAP.M.TMS.2011.R,0.1453687478788197,0.1215654611587524,0.08034982779384735,0.8887369409604385,0.8887369409604385,moderately_skewed,iqr
SE.CLO.4.LDGAP.M.TMS.2011.U,0.12776608400694703,0.0999019593000412,0.06955998495195467,1.201730767746069,1.201730767746069,highly_skewed,mad
SE.CLO.4.LDGAP.M.TMS.2015.1,0.12167676273319457,0.0991993620991707,0.06122584776438069,1.1013682025535232,1.1013682025535232,highly_skewed,mad
SE.CLO.4.LDGAP.M.TMS.2015.2,0.10760129946801397,0.0937743633985519,0.054570273727867505,0.7601356081745864,0.7601356081745864,moderately_skewed,iqr
SE.CLO.4.LDGAP.M.TMS.2015.3,0.10153764762260296,0.088318720459938,0.045142142428978405,0.8784869160870344,0.8784869160870344,moderately_skewed,iqr
SE.CLO.4.LDGAP.M.TMS.2015.4,0.09924871343023635,0.0837936699390411,0.04197233517028098,1.1046593020255673,1.1046593020255673,highly_skewed,mad
SE.CLO.4.LDGAP.M.TMS.2015.5,0.1083815253029267,0.098854087293148,0.044536385154061976,0.6417744486999355,0.6417744486999355,moderately_skewed,iqr
SE.CLO.4.LDGAP.M.TMS.2015.A,0.11292512075084707,0.091439925134182,0.053270973462315484,1.2099569927249751,1.2099569927249751,highly_skewed,mad
SE.CLO.4.LDGAP.M.TMS.2015.F,0.10808694565101812,0.0936942845582962,0.046129327912992686,0.9360202116884587,0.9360202116884587,moderately_skewed,iqr
SE.CLO.4.LDGAP.M.TMS.2015.M,0.11659562822593295,0.0920056030154228,0.05995122238235133,1.2305016094758925,1.2305016094758925,highly_skewed,mad
SE.CLO.4.LDGAP.M.TMS.2015.R,0.1195394912113746,0.0925863459706306,0.05776972256855952,1.399685373705408,1.399685373705408,highly_skewed,mad
SE.CLO.4.LDGAP.M.TMS.2015.U,0.11055334916581279,0.0962747186422348,0.05071673017532176,0.8446106723098143,0.8446106723098143,moderately_skewed,iqr
SE.CLO.4.LDGAP.M.TMS.2019.1,0.1300620616280607,0.108749657869339,0.06138354447308617,1.0416018140529268,1.0416018140529268,highly_skewed,mad
SE.CLO.4.LDGAP.M.TMS.2019.2,0.10959213450551034,0.1031864508986473,0.03771540804554776,0.5095278512532934,0.5095278512532934,moderately_skewed,iqr
SE.CLO.4.LDGAP.M.TMS.2019.3,0.10610481947660447,0.0886111408472061,0.060802828772718254,0.8631347742778527,0.8631347742778527,moderately_skewed,iqr
SE.CLO.4.LDGAP.M.TMS.2019.4,0.1334001708489198,0.1087441816926003,0.05258324100118739,1.4066833093701512,1.4066833093701512,highly_skewed,mad
SE.CLO.4.LDGAP.M.TMS.2019.5,0.24547196179628375,0.1640100628137589,0.11520452235775366,2.121320343559643,2.121320343559643,very_highly_skewed,mad
SE.CLO.4.LDGAP.M.TMS.2019.A,0.12088855877518653,0.09733896702528,0.06132538854536094,1.1520314330737975,1.1520314330737975,highly_skewed,mad
SE.CLO.4.LDGAP.M.TMS.2019.F,0.11693863525986671,0.0980717167258263,0.05584713817153271,1.0134942891482424,1.0134942891482424,highly_skewed,mad
SE.CLO.4.LDGAP.M.TMS.2019.M,0.12432643711566925,0.0956939235329628,0.06635453542448655,1.2945240321345228,1.2945240321345228,highly_skewed,mad
SE.CLO.4.LDGAP.M.TMS.2019.R,0.12989263676784255,0.10989098995924,0.06374811385024627,0.9412818168513675,0.9412818168513675,moderately_skewed,iqr
SE.CLO.4.LDGAP.M.TMS.2019.U,0.11677697027216152,0.1019907295703888,0.06189448354803887,0.7166829669220771,0.7166829669220771,moderately_skewed,iqr
SE.CLO.4.LDGAP.R.PRL.2001.1,0.1276001452371992,0.1160245984792709,0.060245130549945305,0.5764223590651087,0.5764223590651087,moderately_skewed,iqr
SE.CLO.4.LDGAP.R.PRL.2001.2,0.11606388500538366,0.0964837074279785,0.055611202599151956,1.0562715781498175,1.0562715781498175,highly_skewed,mad
SE.CLO.4.LDGAP.R.PRL.2001.3,0.11028822774774041,0.1025437116622925,0.05353984675925558,0.43394872534496587,0.43394872534496587,nearly_symmetric,zscore
SE.CLO.4.LDGAP.R.PRL.2001.4,0.1020697018709676,0.095418207347393,0.049665073219675865,0.40178101585519127,0.40178101585519127,nearly_symmetric,zscore
SE.CLO.4.LDGAP.R.PRL.2001.5,0.09594679410968508,0.0862690359354019,0.042535388568169304,0.6825675161358732,0.6825675161358732,moderately_skewed,iqr
SE.CLO.4.LDGAP.R.PRL.2001.A,0.1248614932410419,0.1072672232985497,0.05862120796131239,0.9004046771317151,0.9004046771317151,moderately_skewed,iqr
SE.CLO.4.LDGAP.R.PRL.2001.F,0.11738048819825053,0.1040192469954491,0.05537393898318877,0.7238734383799844,0.7238734383799844,moderately_skewed,iqr
SE.CLO.4.LDGAP.R.PRL.2001.M,0.12952479207888246,0.1129140704870224,0.062331475436228856,0.7994703226071281,0.7994703226071281,moderately_skewed,iqr
SE.CLO.4.LDGAP.R.PRL.2001.R,0.13562533080577852,0.1202340871095657,0.06435466293360953,0.7174885079620861,0.7174885079620861,moderately_skewed,iqr
SE.CLO.4.LDGAP.R.PRL.2001.U,0.11787783630913304,0.1050805225968361,0.05547115579698721,0.6921063854771163,0.6921063854771163,moderately_skewed,iqr
SE.CLO.4.LDGAP.R.PRL.2006.1,0.12932488023105895,0.0987984985113144,0.07808481760682169,1.1728162780677744,1.1728162780677744,highly_skewed,mad
SE.CLO.4.LDGAP.R.PRL.2006.2,0.11884800775442272,0.0886171609163284,0.07194305763779019,1.2606155964469887,1.2606155964469887,highly_skewed,mad
SE.CLO.4.LDGAP.R.PRL.2006.3,0.11019130423665048,0.0838275402784348,0.0672302155939757,1.1764247842414206,1.1764247842414206,highly_skewed,mad
SE.CLO.4.LDGAP.R.PRL.2006.4,0.10993035368878266,0.0834697633981705,0.06731891308462645,1.1791897289257456,1.1791897289257456,highly_skewed,mad
SE.CLO.4.LDGAP.R.PRL.2006.5,0.10315105539781076,0.0789673924446106,0.06450767053805494,1.1246877813825347,1.1246877813825347,highly_skewed,mad
SE.CLO.4.LDGAP.R.PRL.2006.A,0.11684524158344549,0.0880850404500961,0.06719643295762709,1.2840057068870787,1.2840057068870787,highly_skewed,mad
SE.CLO.4.LDGAP.R.PRL.2006.F,0.10862095391049105,0.0851773172616959,0.05976934142913242,1.1767054524061589,1.1767054524061589,highly_skewed,mad
SE.CLO.4.LDGAP.R.PRL.2006.M,0.122128863216323,0.0901030302047729,0.07454526019770372,1.2888478594056862,1.2888478594056862,highly_skewed,mad
SE.CLO.4.LDGAP.R.PRL.2006.R,0.12413202406417939,0.1094348430633545,0.06874075620140938,0.6414177765703813,0.6414177765703813,moderately_skewed,iqr
SE.CLO.4.LDGAP.R.PRL.2006.U,0.11570476447090958,0.0867961049079895,0.06759184266180535,1.283083509391691,1.283083509391691,highly_skewed,mad
SE.CLO.4.LDGAP.R.PRL.2011.1,0.1155997447669506,0.090719498693943,0.06092996491048047,1.2250251305525368,1.2250251305525368,highly_skewed,mad
SE.CLO.4.LDGAP.R.PRL.2011.2,0.10381587919516441,0.0823256820440292,0.05667854963030046,1.1374777914031087,1.1374777914031087,highly_skewed,mad
SE.CLO.4.LDGAP.R.PRL.2011.3,0.09305551145225763,0.0720869079232216,0.05465790036033213,1.1509006048970343,1.1509006048970343,highly_skewed,mad
SE.CLO.4.LDGAP.R.PRL.2011.4,0.0949496376867357,0.0809838101267815,0.05271904459897204,0.7947314485414544,0.7947314485414544,moderately_skewed,iqr
SE.CLO.4.LDGAP.R.PRL.2011.5,0.09214792363345622,0.0803501009941101,0.0462556657252492,0.7651704361638546,0.7651704361638546,moderately_skewed,iqr
SE.CLO.4.LDGAP.R.PRL.2011.A,0.1029616408504364,0.0825496837496758,0.05333133849214189,1.1482155339361035,1.1482155339361035,highly_skewed,mad
SE.CLO.4.LDGAP.R.PRL.2011.F,0.0972292545455985,0.0824143439531326,0.04549707420056197,0.9768701077672532,0.9768701077672532,moderately_skewed,iqr
SE.CLO.4.LDGAP.R.PRL.2011.M,0.10665852231223409,0.0880064070224762,0.05953479875118733,0.9398930884629508,0.9398930884629508,moderately_skewed,iqr
SE.CLO.4.LDGAP.R.PRL.2011.R,0.1124579328008824,0.0870599150657654,0.06347209686782873,1.2004338436149964,1.2004338436149964,highly_skewed,mad
SE.CLO.4.LDGAP.R.PRL.2011.U,0.10144712430674856,0.0839250460267067,0.05164603281358272,1.0178174774791386,1.0178174774791386,highly_skewed,mad
SE.CLO.4.LDGAP.R.PRL.2016.1,0.14250071397559208,0.1090618669986725,0.08120354972666494,1.2353713756163254,1.2353713756163254,highly_skewed,mad
SE.CLO.4.LDGAP.R.PRL.2016.2,0.1256974001669071,0.0921719446778297,0.07347319510702269,1.3688851603735266,1.3688851603735266,highly_skewed,mad
SE.CLO.4.LDGAP.R.PRL.2016.3,0.11520205014808611,0.0936281904578209,0.06764237155886814,0.9568200756306926,0.9568200756306926,moderately_skewed,iqr
SE.CLO.4.LDGAP.R.PRL.2016.4,0.11039563295032297,0.0872501060366631,0.05885550780342714,1.1797805053843464,1.1797805053843464,highly_skewed,mad
SE.CLO.4.LDGAP.R.PRL.2016.5,0.10217825664828221,0.0829719230532646,0.053917342537044555,1.0686543155472659,1.0686543155472659,highly_skewed,mad
SE.CLO.4.LDGAP.R.PRL.2016.A,0.12633296334081226,0.1014062911272049,0.06547447131560409,1.142124787542962,1.142124787542962,highly_skewed,mad
SE.CLO.4.LDGAP.R.PRL.2016.F,0.1161233755449454,0.0952979624271393,0.05328862323972878,1.1724123378522526,1.1724123378522526,highly_skewed,mad
SE.CLO.4.LDGAP.R.PRL.2016.M,0.13308859252267413,0.1023866236209869,0.07538234819911165,1.2218497951506788,1.2218497951506788,highly_skewed,mad
SE.CLO.4.LDGAP.R.PRL.2016.R,0.13315524169731707,0.1031833067536354,0.0733788155959067,1.2253646246650618,1.2253646246650618,highly_skewed,mad
SE.CLO.4.LDGAP.R.PRL.2016.U,0.12445676310194863,0.0996518358588219,0.06433690973319417,1.1566421520396155,1.1566421520396155,highly_skewed,mad
SE.CLO.4.LDGAP.S.TMS.2003.A,0.15711909035841623,0.1083254963159561,0.1196493524799499,1.223414745616028,1.223414745616028,highly_skewed,mad
SE.CLO.4.LDGAP.S.TMS.2003.F,0.15184949478134513,0.1083091199398041,0.11857641294646877,1.1015776348673314,1.1015776348673314,highly_skewed,mad
SE.CLO.4.LDGAP.S.TMS.2003.M,0.16049334577595195,0.1076939031481743,0.12097750847715377,1.3093204668969192,1.3093204668969192,highly_skewed,mad
SE.CLO.4.LDGAP.S.TMS.2003.R,0.19436489084833547,0.1239031404256821,0.13611663764324228,1.5529714436672664,1.5529714436672664,highly_skewed,mad
SE.CLO.4.LDGAP.S.TMS.2003.U,0.1526837139390409,0.1040026694536209,0.11579531515494748,1.2612179798538263,1.2612179798538263,highly_skewed,mad
SE.CLO.4.LDGAP.S.TMS.2007.A,0.16527365637677058,0.1198209524154663,0.11160260223235681,1.2218183909369336,1.2218183909369336,highly_skewed,mad
SE.CLO.4.LDGAP.S.TMS.2007.F,0.15827556018318448,0.1152252927422523,0.10497545800165274,1.230295202148708,1.230295202148708,highly_skewed,mad
SE.CLO.4.LDGAP.S.TMS.2007.M,0.17073159771306173,0.122419610619545,0.11804204604172089,1.2278333537977129,1.2278333537977129,highly_skewed,mad
SE.CLO.4.LDGAP.S.TMS.2007.R,0.1840747671742593,0.146694079041481,0.12249594925322606,0.9154756959882211,0.9154756959882211,moderately_skewed,iqr
SE.CLO.4.LDGAP.S.TMS.2007.U,0.15999247751065662,0.1177384033799171,0.11050072760096476,1.1471618797839647,1.1471618797839647,highly_skewed,mad
SE.CLO.4.LDGAP.S.TMS.2011.1,0.15585146993398666,0.1142631620168686,0.09020304284810679,1.3831564857678498,1.3831564857678498,highly_skewed,mad
SE.CLO.4.LDGAP.S.TMS.2011.2,0.1370099179446697,0.1057197898626328,0.08555888272613338,1.097143642543601,1.097143642543601,highly_skewed,mad
SE.CLO.4.LDGAP.S.TMS.2011.3,0.12530070592959722,0.0861354917287827,0.0868028091439575,1.3535926286392848,1.3535926286392848,highly_skewed,mad
SE.CLO.4.LDGAP.S.TMS.2011.4,0.120908481006821,0.0924705788493156,0.0784673770367142,1.0872506472670629,1.0872506472670629,highly_skewed,mad
SE.CLO.4.LDGAP.S.TMS.2011.5,0.1138490317389369,0.0923915281891823,0.06759257065651555,0.9523607405965504,0.9523607405965504,moderately_skewed,iqr
SE.CLO.4.LDGAP.S.TMS.2011.A,0.1483929311937612,0.1109643876552582,0.096423137789879,1.1645091955023994,1.1645091955023994,highly_skewed,mad
SE.CLO.4.LDGAP.S.TMS.2011.F,0.14103484825919504,0.1084210723638535,0.08791991142644882,1.1128460675017375,1.1128460675017375,highly_skewed,mad
SE.CLO.4.LDGAP.S.TMS.2011.M,0.15402570731290008,0.1142682135105133,0.10354513588898728,1.1518887911358253,1.1518887911358253,highly_skewed,mad
SE.CLO.4.LDGAP.S.TMS.2011.R,0.16343665374442934,0.121301531791687,0.11067895458412134,1.1420903489122936,1.1420903489122936,highly_skewed,mad
SE.CLO.4.LDGAP.S.TMS.2011.U,0.1452534305660621,0.1095145121216774,0.09226298320670562,1.1620777001427118,1.1620777001427118,highly_skewed,mad
SE.CLO.4.LDGAP.S.TMS.2015.1,0.13587956570766188,0.1027390509843826,0.07313988428373965,1.3593341737340032,1.3593341737340032,highly_skewed,mad
SE.CLO.4.LDGAP.S.TMS.2015.2,0.12551098975997704,0.09264025837183,0.06776954526746873,1.4551107547681559,1.4551107547681559,highly_skewed,mad
SE.CLO.4.LDGAP.S.TMS.2015.3,0.10933065317847111,0.0897278115153313,0.050175839670030614,1.1720486468419786,1.1720486468419786,highly_skewed,mad
SE.CLO.4.LDGAP.S.TMS.2015.4,0.10182389638879719,0.0755994617938995,0.055455780669061865,1.418667320800769,1.418667320800769,highly_skewed,mad
SE.CLO.4.LDGAP.S.TMS.2015.5,0.1179536705215772,0.0978626236319542,0.06175634977152409,0.9759828890771165,0.9759828890771165,moderately_skewed,iqr
SE.CLO.4.LDGAP.S.TMS.2015.A,0.12597327356537183,0.0977836325764656,0.06484036214175753,1.3042635817151897,1.3042635817151897,highly_skewed,mad
SE.CLO.4.LDGAP.S.TMS.2015.F,0.11930248373084598,0.0953057557344437,0.05638701946809048,1.276715539645542,1.276715539645542,highly_skewed,mad
SE.CLO.4.LDGAP.S.TMS.2015.M,0.1307804010808468,0.0979572534561157,0.07192973634585578,1.36896710424084,1.36896710424084,highly_skewed,mad
SE.CLO.4.LDGAP.S.TMS.2015.R,0.13157316288206636,0.0938300788402557,0.07277156409882773,1.5559546304606084,1.5559546304606084,highly_skewed,mad
SE.CLO.4.LDGAP.S.TMS.2015.U,0.12336641541785665,0.0999083295464516,0.062181579929971226,1.1317540933097952,1.1317540933097952,highly_skewed,mad
SE.CLO.4.LDGAP.S.TMS.2019.1,0.15235864876636437,0.1313515454530716,0.07597072232564726,0.8295473310065228,0.8295473310065228,moderately_skewed,iqr
SE.CLO.4.LDGAP.S.TMS.2019.2,0.12782559618353845,0.1193905174732208,0.04036789197111461,0.6268654342679129,0.6268654342679129,moderately_skewed,iqr
SE.CLO.4.LDGAP.S.TMS.2019.3,0.11851462217814782,0.0938248038291931,0.07872656241855676,0.9408445227554495,0.9408445227554495,moderately_skewed,iqr
SE.CLO.4.LDGAP.S.TMS.2019.4,0.15125402808189392,0.124003529548645,0.06764988260512109,1.2084499255813663,1.2084499255813663,highly_skewed,mad
SE.CLO.4.LDGAP.S.TMS.2019.5,0.3166394382715225,0.1935412287712097,0.17408715737918695,2.1213203435596433,2.1213203435596433,very_highly_skewed,mad
SE.CLO.4.LDGAP.S.TMS.2019.A,0.14198831006884574,0.1136672794818878,0.07717590914063133,1.1009017283625715,1.1009017283625715,highly_skewed,mad
SE.CLO.4.LDGAP.S.TMS.2019.F,0.1350978686660528,0.1088028773665428,0.07017527848325408,1.1241134428466049,1.1241134428466049,highly_skewed,mad
SE.CLO.4.LDGAP.S.TMS.2019.M,0.14650136940181255,0.1192618831992149,0.08388767098836253,0.9741414637572845,0.9741414637572845,moderately_skewed,iqr
SE.CLO.4.LDGAP.S.TMS.2019.R,0.14765670215306076,0.1200517192482948,0.08214816402915313,1.0081168543816525,1.0081168543816525,highly_skewed,mad
SE.CLO.4.LDGAP.S.TMS.2019.U,0.13762182088530794,0.1161853075027466,0.07683085801286398,0.8370274888367971,0.8370274888367971,moderately_skewed,iqr
SE.CLO.4.LDSEV.M.TMS.2003.A,0.03626110429953163,0.0205848719924688,0.04409680676896862,1.0664875841822423,1.0664875841822423,highly_skewed,mad
SE.CLO.4.LDSEV.M.TMS.2003.F,0.03560627692301447,0.0198694709688425,0.04476676361805162,1.0545863503851531,1.0545863503851531,highly_skewed,mad
SE.CLO.4.LDSEV.M.TMS.2003.M,0.03670553669023017,0.0205595288425684,0.04372176314513473,1.1078698583630975,1.1078698583630975,highly_skewed,mad
SE.CLO.4.LDSEV.M.TMS.2003.R,0.05012537383784852,0.0231742411851883,0.05195082041107146,1.5563449685339261,1.5563449685339261,highly_skewed,mad
SE.CLO.4.LDSEV.M.TMS.2003.U,0.03429112948166827,0.019985431805253,0.04252188062686917,1.0092943302730337,1.0092943302730337,highly_skewed,mad
SE.CLO.4.LDSEV.M.TMS.2007.A,0.04500928571713823,0.0223632398992777,0.05606845334756075,1.2116998668117749,1.2116998668117749,highly_skewed,mad
SE.CLO.4.LDSEV.M.TMS.2007.F,0.04160260158990111,0.0219360888004303,0.05040105390715993,1.170601283002755,1.170601283002755,highly_skewed,mad
SE.CLO.4.LDSEV.M.TMS.2007.M,0.04793381383642556,0.0208756737411022,0.06126499877492631,1.3249722012431022,1.3249722012431022,highly_skewed,mad
SE.CLO.4.LDSEV.M.TMS.2007.R,0.05337742153525112,0.0243709739297628,0.06061991711946986,1.4354909566267977,1.4354909566267977,highly_skewed,mad
SE.CLO.4.LDSEV.M.TMS.2007.U,0.04282911942739572,0.021042363718152,0.05534605177856457,1.180938206563184,1.180938206563184,highly_skewed,mad
SE.CLO.4.LDSEV.M.TMS.2011.1,0.03517015678808093,0.0209089629352093,0.02986323105333651,1.4326507899363703,1.4326507899363703,highly_skewed,mad
SE.CLO.4.LDSEV.M.TMS.2011.2,0.027932153766353923,0.0146841052919626,0.025732633536385347,1.5445036112210073,1.5445036112210073,highly_skewed,mad
SE.CLO.4.LDSEV.M.TMS.2011.3,0.025766246983160577,0.0129441739991307,0.025215623762822683,1.525491469649992,1.525491469649992,highly_skewed,mad
SE.CLO.4.LDSEV.M.TMS.2011.4,0.023693219308430956,0.013588223606348,0.022701336485967713,1.3353833649832623,1.3353833649832623,highly_skewed,mad
SE.CLO.4.LDSEV.M.TMS.2011.5,0.02222889294433926,0.0149710522964597,0.018872877745092803,1.1536937947526356,1.1536937947526356,highly_skewed,mad
SE.CLO.4.LDSEV.M.TMS.2011.A,0.03462356388690354,0.0198419988155365,0.040358948050962094,1.098757459141555,1.098757459141555,highly_skewed,mad
SE.CLO.4.LDSEV.M.TMS.2011.F,0.03150165346248642,0.0187604371458292,0.03690764289638337,1.0356567353077228,1.0356567353077228,highly_skewed,mad
SE.CLO.4.LDSEV.M.TMS.2011.M,0.037225894164294004,0.0210267212241888,0.04346191191108394,1.118163391425078,1.118163391425078,highly_skewed,mad
SE.CLO.4.LDSEV.M.TMS.2011.R,0.04132141950540244,0.0240677911788225,0.04695480395755765,1.1023554698796396,1.1023554698796396,highly_skewed,mad
SE.CLO.4.LDSEV.M.TMS.2011.U,0.03299669414232282,0.0191356800496578,0.03776730532235761,1.1010328092795807,1.1010328092795807,highly_skewed,mad
SE.CLO.4.LDSEV.M.TMS.2015.1,0.029257594602596432,0.0172756612300873,0.02773699838519981,1.2959513361297132,1.2959513361297132,highly_skewed,mad
SE.CLO.4.LDSEV.M.TMS.2015.2,0.023402905341720688,0.0141637492924929,0.022441173181928557,1.235116717070911,1.235116717070911,highly_skewed,mad
SE.CLO.4.LDSEV.M.TMS.2015.3,0.02082806335831131,0.0146816214546561,0.017943358295767615,1.0276407240508036,1.0276407240508036,highly_skewed,mad
SE.CLO.4.LDSEV.M.TMS.2015.4,0.019443005337105954,0.0117346597835422,0.016491480867176344,1.4022413661297057,1.4022413661297057,highly_skewed,mad
SE.CLO.4.LDSEV.M.TMS.2015.5,0.02333924376095335,0.0179099515080452,0.016600958048067983,0.9811407698015377,0.9811407698015377,moderately_skewed,iqr
SE.CLO.4.LDSEV.M.TMS.2015.A,0.02546518188192631,0.0146220652386546,0.023229702853393906,1.400334310564051,1.400334310564051,highly_skewed,mad
SE.CLO.4.LDSEV.M.TMS.2015.F,0.022917560792690073,0.0155476210638881,0.0190558526237481,1.1602639683963474,1.1602639683963474,highly_skewed,mad
SE.CLO.4.LDSEV.M.TMS.2015.M,0.027464702274933778,0.014817526564002,0.02706171793569265,1.4020369003533555,1.4020369003533555,highly_skewed,mad
SE.CLO.4.LDSEV.M.TMS.2015.R,0.02829158133161921,0.0153831755742431,0.026299558712942865,1.4724664278519015,1.4724664278519015,highly_skewed,mad
SE.CLO.4.LDSEV.M.TMS.2015.U,0.02434630077534719,0.0154353985562921,0.021497894087313722,1.2435035054405956,1.2435035054405956,highly_skewed,mad
SE.CLO.4.LDSEV.M.TMS.2019.1,0.032504015136510134,0.0194385834038258,0.029019744000358113,1.3506768080920803,1.3506768080920803,highly_skewed,mad
SE.CLO.4.LDSEV.M.TMS.2019.2,0.02230631862767041,0.0190770085901022,0.01315387571054359,0.7365076518808217,0.7365076518808217,moderately_skewed,iqr
SE.CLO.4.LDSEV.M.TMS.2019.3,0.02372219408862294,0.013911010697484,0.028891175396069245,1.018773025670024,1.018773025670024,highly_skewed,mad
SE.CLO.4.LDSEV.M.TMS.2019.4,0.03366597591397854,0.0220360457897186,0.02638229737451084,1.3224697560451448,1.3224697560451448,highly_skewed,mad
SE.CLO.4.LDSEV.M.TMS.2019.5,0.09266294911503789,0.0452736839652061,0.06701854148578679,2.1213203435596424,2.1213203435596424,very_highly_skewed,mad
SE.CLO.4.LDSEV.M.TMS.2019.A,0.029305596947669977,0.0170422960072756,0.031182640679468968,1.1798199902103241,1.1798199902103241,highly_skewed,mad
SE.CLO.4.LDSEV.M.TMS.2019.F,0.027224521767348055,0.0166731793433428,0.026960143030631257,1.1741045748923318,1.1741045748923318,highly_skewed,mad
SE.CLO.4.LDSEV.M.TMS.2019.M,0.03104325369466096,0.0161048136651516,0.03497958558541994,1.2811849922889833,1.2811849922889833,highly_skewed,mad
SE.CLO.4.LDSEV.M.TMS.2019.R,0.03290842929114164,0.0231379307806492,0.032497793743767836,0.9019533991318549,0.9019533991318549,moderately_skewed,iqr
SE.CLO.4.LDSEV.M.TMS.2019.U,0.027835309177599087,0.0176937934011221,0.03110318652067981,0.9781810397208776,0.9781810397208776,moderately_skewed,iqr
SE.CLO.4.LDSEV.R.PRL.2001.1,0.030348997338321707,0.0224661082029343,0.029109392297328104,0.8124067711414534,0.8124067711414534,moderately_skewed,iqr
SE.CLO.4.LDSEV.R.PRL.2001.2,0.02563269248489163,0.0163061358034611,0.02537244182556635,1.1027582696474285,1.1027582696474285,highly_skewed,mad
SE.CLO.4.LDSEV.R.PRL.2001.3,0.02396083966395336,0.0185530949383974,0.022261743207606106,0.7287494975292379,0.7287494975292379,moderately_skewed,iqr
SE.CLO.4.LDSEV.R.PRL.2001.4,0.020691071681132354,0.016432972624898,0.02208629974350375,0.578381046941119,0.578381046941119,moderately_skewed,iqr
SE.CLO.4.LDSEV.R.PRL.2001.5,0.018209118761920506,0.0104148928076029,0.0170331457708273,1.372775069124364,1.372775069124364,highly_skewed,mad
SE.CLO.4.LDSEV.R.PRL.2001.A,0.029764724822598516,0.0201260969042778,0.02785333804904002,1.0381478767123478,1.0381478767123478,highly_skewed,mad
SE.CLO.4.LDSEV.R.PRL.2001.F,0.026807846821611754,0.0195369888097048,0.025305613902778697,0.8619658119942198,0.8619658119942198,moderately_skewed,iqr
SE.CLO.4.LDSEV.R.PRL.2001.M,0.031730598348076455,0.0212538875639439,0.030300315890809972,1.0372872832632865,1.0372872832632865,highly_skewed,mad
SE.CLO.4.LDSEV.R.PRL.2001.R,0.03328616593033074,0.0229276828467846,0.032295772285385216,0.9622141553401088,0.9622141553401088,moderately_skewed,iqr
SE.CLO.4.LDSEV.R.PRL.2001.U,0.027045218003613338,0.0196749661117792,0.02461974290783461,0.8980904373484025,0.8980904373484025,moderately_skewed,iqr
SE.CLO.4.LDSEV.R.PRL.2006.1,0.03381300405740286,0.0168462824076414,0.04053758462698873,1.2556289531714366,1.2556289531714366,highly_skewed,mad
SE.CLO.4.LDSEV.R.PRL.2006.2,0.02912215091782855,0.0127794966101646,0.03668136451527173,1.3365904886820608,1.3365904886820608,highly_skewed,mad
SE.CLO.4.LDSEV.R.PRL.2006.3,0.02553692413493991,0.0116653703153133,0.03164732559347268,1.3149503371451687,1.3149503371451687,highly_skewed,mad
SE.CLO.4.LDSEV.R.PRL.2006.4,0.025503439202519327,0.0128294639289379,0.03175746597132133,1.1972594367283615,1.1972594367283615,highly_skewed,mad
SE.CLO.4.LDSEV.R.PRL.2006.5,0.023448171283773796,0.0112142115831375,0.029006327640324747,1.265305955204262,1.265305955204262,highly_skewed,mad
SE.CLO.4.LDSEV.R.PRL.2006.A,0.028045407366281482,0.0134969968348742,0.03294499057437315,1.3247911392080371,1.3247911392080371,highly_skewed,mad
SE.CLO.4.LDSEV.R.PRL.2006.F,0.024231107114567694,0.0127472393214703,0.02673865486805192,1.2884568632678641,1.2884568632678641,highly_skewed,mad
SE.CLO.4.LDSEV.R.PRL.2006.M,0.030754660749260112,0.0139999529346824,0.038397717550425176,1.3090393557305742,1.3090393557305742,highly_skewed,mad
SE.CLO.4.LDSEV.R.PRL.2006.R,0.030446204657275842,0.0194167569279671,0.032459143220355,1.0193843677049572,1.0193843677049572,highly_skewed,mad
SE.CLO.4.LDSEV.R.PRL.2006.U,0.027647967968898065,0.014083644375205,0.033425728446913314,1.2174146285460228,1.2174146285460228,highly_skewed,mad
SE.CLO.4.LDSEV.R.PRL.2011.1,0.025732702721143152,0.014347136951983,0.02889173187680028,1.1822308698256987,1.1822308698256987,highly_skewed,mad
SE.CLO.4.LDSEV.R.PRL.2011.2,0.021597082929637954,0.0115016978234053,0.026042661969754556,1.1629439169418132,1.1629439169418132,highly_skewed,mad
SE.CLO.4.LDSEV.R.PRL.2011.3,0.018188941033440643,0.0088914493098855,0.024683022736375865,1.1300267179011154,1.1300267179011154,highly_skewed,mad
SE.CLO.4.LDSEV.R.PRL.2011.4,0.0185477534235504,0.0110649988055229,0.024408604870060354,0.9196864783377107,0.9196864783377107,moderately_skewed,iqr
SE.CLO.4.LDSEV.R.PRL.2011.5,0.0171157774903501,0.0106962230056524,0.019308217532626987,0.9974335239153924,0.9974335239153924,moderately_skewed,iqr
SE.CLO.4.LDSEV.R.PRL.2011.A,0.02119408771906775,0.0122802825644612,0.024342492135815037,1.0985487974945296,1.0985487974945296,highly_skewed,mad
SE.CLO.4.LDSEV.R.PRL.2011.F,0.018567351845842666,0.0112462649121881,0.01972682363038585,1.1133703637484238,1.1133703637484238,highly_skewed,mad
SE.CLO.4.LDSEV.R.PRL.2011.M,0.022938769021094204,0.0133590810000896,0.028026530937695495,1.0254235219800236,1.0254235219800236,highly_skewed,mad
SE.CLO.4.LDSEV.R.PRL.2011.R,0.025147404114250083,0.0130497980862856,0.03025291170904323,1.1996471094398746,1.1996471094398746,highly_skewed,mad
SE.CLO.4.LDSEV.R.PRL.2011.U,0.020503125556676487,0.012357366271317,0.022960422313772814,1.0643217934811136,1.0643217934811136,highly_skewed,mad
SE.CLO.4.LDSEV.R.PRL.2016.1,0.04057123592462052,0.0205696765333414,0.04663030432734924,1.2868172112409717,1.2868172112409717,highly_skewed,mad
SE.CLO.4.LDSEV.R.PRL.2016.2,0.032930884796025406,0.0153277795761824,0.0390376474223683,1.3527791541369791,1.3527791541369791,highly_skewed,mad
SE.CLO.4.LDSEV.R.PRL.2016.3,0.027891945570114665,0.0158247128129005,0.0330508187587329,1.0953343859923907,1.0953343859923907,highly_skewed,mad
SE.CLO.4.LDSEV.R.PRL.2016.4,0.025403615342275723,0.0127786099910736,0.02713531256517036,1.3957832975994902,1.3957832975994902,highly_skewed,mad
SE.CLO.4.LDSEV.R.PRL.2016.5,0.02170852103477552,0.0114160375669599,0.02243247581657379,1.376461994472927,1.376461994472927,highly_skewed,mad
SE.CLO.4.LDSEV.R.PRL.2016.A,0.03237178540892071,0.0181652959436178,0.03408407865298864,1.2504216068100076,1.2504216068100076,highly_skewed,mad
SE.CLO.4.LDSEV.R.PRL.2016.F,0.026813845760706397,0.0163424555212259,0.02583426436282835,1.2159885908592694,1.2159885908592694,highly_skewed,mad
SE.CLO.4.LDSEV.R.PRL.2016.M,0.03618526225909591,0.0189929157495499,0.04082160874530074,1.263473956904636,1.263473956904636,highly_skewed,mad
SE.CLO.4.LDSEV.R.PRL.2016.R,0.0356302276874582,0.0181093737483025,0.040635408334329846,1.293516269973369,1.293516269973369,highly_skewed,mad
SE.CLO.4.LDSEV.R.PRL.2016.U,0.03163031570406423,0.0177380125969648,0.032907821965791006,1.2664742554102515,1.2664742554102515,highly_skewed,mad
SE.CLO.4.LDSEV.S.TMS.2003.A,0.05682466043314586,0.0204107388854027,0.08537837803383816,1.2795015220356318,1.2795015220356318,highly_skewed,mad
SE.CLO.4.LDSEV.S.TMS.2003.F,0.05433678902530422,0.0208084397017956,0.08244827832053712,1.219977542520388,1.219977542520388,highly_skewed,mad
SE.CLO.4.LDSEV.S.TMS.2003.M,0.05851676555660864,0.0202882271260023,0.08755778858568755,1.3098276823150128,1.3098276823150128,highly_skewed,mad
SE.CLO.4.LDSEV.S.TMS.2003.R,0.0782962454678981,0.0259998328983784,0.10200013206072366,1.5381277900224515,1.5381277900224515,highly_skewed,mad
SE.CLO.4.LDSEV.S.TMS.2003.U,0.053932651062496006,0.0189541429281235,0.08175786195349885,1.2834915431472675,1.2834915431472675,highly_skewed,mad
SE.CLO.4.LDSEV.S.TMS.2007.A,0.0582909295335412,0.025112621486187,0.08088466893375301,1.230578371082717,1.230578371082717,highly_skewed,mad
SE.CLO.4.LDSEV.S.TMS.2007.F,0.05389607660472393,0.0251125879585743,0.07383100469306238,1.169569157258982,1.169569157258982,highly_skewed,mad
SE.CLO.4.LDSEV.S.TMS.2007.M,0.06178578859461204,0.025914179161191,0.08722614862088209,1.233745040928013,1.233745040928013,highly_skewed,mad
SE.CLO.4.LDSEV.S.TMS.2007.R,0.0700441875735358,0.0404563918709755,0.09004303473056124,0.9857884885076399,0.9857884885076399,moderately_skewed,iqr
SE.CLO.4.LDSEV.S.TMS.2007.U,0.055498819345874445,0.0235915835946798,0.07968042088893715,1.201320301595871,1.201320301595871,highly_skewed,mad
SE.CLO.4.LDSEV.S.TMS.2011.1,0.047747788640360035,0.0238354783505201,0.05797059005232782,1.2374711177644673,1.2374711177644673,highly_skewed,mad
SE.CLO.4.LDSEV.S.TMS.2011.2,0.03906407216563821,0.0185701232403517,0.05219156004591949,1.1780036220754122,1.1780036220754122,highly_skewed,mad
SE.CLO.4.LDSEV.S.TMS.2011.3,0.03578931279480458,0.013909600675106,0.05380833608205444,1.2198692830605289,1.2198692830605289,highly_skewed,mad
SE.CLO.4.LDSEV.S.TMS.2011.4,0.032718451088294374,0.0143123231828213,0.04698406194772234,1.17525776672649,1.17525776672649,highly_skewed,mad
SE.CLO.4.LDSEV.S.TMS.2011.5,0.02842144900932908,0.0135443573817611,0.03579011590658594,1.2470279503758492,1.2470279503758492,highly_skewed,mad
SE.CLO.4.LDSEV.S.TMS.2011.A,0.04690777921401288,0.0203713048249483,0.06370802269563842,1.2495980851190969,1.2495980851190969,highly_skewed,mad
SE.CLO.4.LDSEV.S.TMS.2011.F,0.04228046146707367,0.0209980476647615,0.05627540644624755,1.1345496272500728,1.1345496272500728,highly_skewed,mad
SE.CLO.4.LDSEV.S.TMS.2011.M,0.05039767190085157,0.0210521295666695,0.06969436685281966,1.2631813872197404,1.2631813872197404,highly_skewed,mad
SE.CLO.4.LDSEV.S.TMS.2011.R,0.056331877666525546,0.0251973513513803,0.07576706501527636,1.2327728271723797,1.2327728271723797,highly_skewed,mad
SE.CLO.4.LDSEV.S.TMS.2011.U,0.04476913106222839,0.0199181493371725,0.05943252322111803,1.2544132595177606,1.2544132595177606,highly_skewed,mad
SE.CLO.4.LDSEV.S.TMS.2015.1,0.036951804999262094,0.0173098370432854,0.03847762529001063,1.5314329671802311,1.5314329671802311,highly_skewed,mad
SE.CLO.4.LDSEV.S.TMS.2015.2,0.03218947696642807,0.0149151468649507,0.03360710364894325,1.542024889909299,1.542024889909299,highly_skewed,mad
SE.CLO.4.LDSEV.S.TMS.2015.3,0.02424235936875144,0.0139382649213076,0.022784313407542552,1.3567353463501022,1.3567353463501022,highly_skewed,mad
SE.CLO.4.LDSEV.S.TMS.2015.4,0.021441372166223382,0.0095694046467543,0.024178737840627625,1.4730257134663876,1.4730257134663876,highly_skewed,mad
SE.CLO.4.LDSEV.S.TMS.2015.5,0.030020894870782914,0.0187125597149134,0.026199625614930968,1.2948660399282552,1.2948660399282552,highly_skewed,mad
SE.CLO.4.LDSEV.S.TMS.2015.A,0.032171109111772636,0.016044907271862,0.03307076887267309,1.4628811838634916,1.4628811838634916,highly_skewed,mad
SE.CLO.4.LDSEV.S.TMS.2015.F,0.028459352141039243,0.0154272736981511,0.027370354645112577,1.4284153726026234,1.4284153726026234,highly_skewed,mad
SE.CLO.4.LDSEV.S.TMS.2015.M,0.03485040301457047,0.0167461764067411,0.03794885083317565,1.4312074972243132,1.4312074972243132,highly_skewed,mad
SE.CLO.4.LDSEV.S.TMS.2015.R,0.035366817695520275,0.0154790598899126,0.037461301313670814,1.5926641981080891,1.5926641981080891,highly_skewed,mad
SE.CLO.4.LDSEV.S.TMS.2015.U,0.030844992099122864,0.0176886189728975,0.031176819290376048,1.2659764619048166,1.2659764619048166,highly_skewed,mad
SE.CLO.4.LDSEV.S.TMS.2019.1,0.04523516569419632,0.0286816600710154,0.04491272650076081,1.10571147063854,1.10571147063854,highly_skewed,mad
SE.CLO.4.LDSEV.S.TMS.2019.2,0.02962934626266363,0.02464341185987,0.017113982644741232,0.8740106566005614,0.8740106566005614,moderately_skewed,iqr
SE.CLO.4.LDSEV.S.TMS.2019.3,0.031300548107965905,0.0163679551333189,0.04916507648228828,0.9111707360015887,0.9111707360015887,moderately_skewed,iqr
SE.CLO.4.LDSEV.S.TMS.2019.4,0.04444017504843382,0.0225332695990801,0.040577195918731504,1.6196465738955297,1.6196465738955297,highly_skewed,mad
SE.CLO.4.LDSEV.S.TMS.2019.5,0.1539959535002708,0.0651818215847015,0.12560214988539126,2.1213203435596424,2.1213203435596424,very_highly_skewed,mad
SE.CLO.4.LDSEV.S.TMS.2019.A,0.04094168992713094,0.0230710711330175,0.04806736320096434,1.1153483946725986,1.1153483946725986,highly_skewed,mad
SE.CLO.4.LDSEV.S.TMS.2019.F,0.036941966880112885,0.0205569732934237,0.0417745237426599,1.1766736363739982,1.1766736363739982,highly_skewed,mad
SE.CLO.4.LDSEV.S.TMS.2019.M,0.04370195099152624,0.0253876782953739,0.053576580096318195,1.025500656997566,1.025500656997566,highly_skewed,mad
SE.CLO.4.LDSEV.S.TMS.2019.R,0.04400507793964251,0.024168573319912,0.050753361615229524,1.1725235918429209,1.1725235918429209,highly_skewed,mad
SE.CLO.4.LDSEV.S.TMS.2019.U,0.03885299941448838,0.0240866988897324,0.047128502020959855,0.9399598899741503,0.9399598899741503,moderately_skewed,iqr
SE.CLO.4.PRF.M.TMS.2003.A,0.7847601231187582,0.8887362480163574,0.26504467093018547,-1.1768898186033012,1.1768898186033012,highly_skewed,mad
SE.CLO.4.PRF.M.TMS.2003.F,0.7893680979808172,0.8893184065818787,0.2650038327213297,-1.1314965626119788,1.1314965626119788,highly_skewed,mad
SE.CLO.4.PRF.M.TMS.2003.M,0.7802900659541289,0.8881933093070984,0.2657298942668507,-1.2181908661500973,1.2181908661500973,highly_skewed,mad
SE.CLO.4.PRF.M.TMS.2003.R,0.7264567081417356,0.8587457537651062,0.2984555129988438,-1.3297363244606888,1.3297363244606888,highly_skewed,mad
SE.CLO.4.PRF.M.TMS.2003.U,0.7947739269584417,0.8988710045814514,0.25673105266232166,-1.2164139461531585,1.2164139461531585,highly_skewed,mad
SE.CLO.4.PRF.M.TMS.2007.A,0.7396386169961521,0.8822908401489258,0.2985883824148114,-1.4332663112919977,1.4332663112919977,highly_skewed,mad
SE.CLO.4.PRF.M.TMS.2007.F,0.7438322348254067,0.8830385804176331,0.2972369295755447,-1.4050038713999649,1.4050038713999649,highly_skewed,mad
SE.CLO.4.PRF.M.TMS.2007.M,0.735563791011061,0.8835859298706055,0.30054678219297654,-1.4775284344701625,1.4775284344701625,highly_skewed,mad
SE.CLO.4.PRF.M.TMS.2007.R,0.6892283160705119,0.866819441318512,0.3113932684375038,-1.7109341458064529,1.7109341458064529,highly_skewed,mad
SE.CLO.4.PRF.M.TMS.2007.U,0.7489264696836472,0.912788987159729,0.2964203684367643,-1.6584135395982966,1.6584135395982966,highly_skewed,mad
SE.CLO.4.PRF.M.TMS.2011.1,0.7252342248956363,0.8021509051322937,0.21730127028423357,-1.0618899761062028,1.0618899761062028,highly_skewed,mad
SE.CLO.4.PRF.M.TMS.2011.2,0.8049425527453422,0.9049113988876344,0.21400835693702316,-1.4013776972042773,1.4013776972042773,highly_skewed,mad
SE.CLO.4.PRF.M.TMS.2011.3,0.8468900511662165,0.9347001910209656,0.19588721854516097,-1.3448065755424181,1.3448065755424181,highly_skewed,mad
SE.CLO.4.PRF.M.TMS.2011.4,0.8771452049414317,0.9493359923362732,0.17574926185872314,-1.2322803515306784,1.2322803515306784,highly_skewed,mad
SE.CLO.4.PRF.M.TMS.2011.5,0.9156113932530086,0.9770049452781676,0.13631863827901564,-1.3511039898924022,1.3511039898924022,highly_skewed,mad
SE.CLO.4.PRF.M.TMS.2011.A,0.8075177930295467,0.9034351110458374,0.22123666631271757,-1.3006521877442105,1.3006521877442105,highly_skewed,mad
SE.CLO.4.PRF.M.TMS.2011.F,0.8154163172711497,0.9027596712112428,0.2125166236796574,-1.2329861884840463,1.2329861884840463,highly_skewed,mad
SE.CLO.4.PRF.M.TMS.2011.M,0.7996805655243604,0.9042540192604064,0.23079593859551345,-1.3592975817393198,1.3592975817393198,highly_skewed,mad
SE.CLO.4.PRF.M.TMS.2011.R,0.7589096206911775,0.8498681783676147,0.24171920326006796,-1.1288953022723736,1.1288953022723736,highly_skewed,mad
SE.CLO.4.PRF.M.TMS.2011.U,0.8162619346833747,0.9122206568717957,0.2179143205374313,-1.3210520807227726,1.3210520807227726,highly_skewed,mad
SE.CLO.4.PRF.M.TMS.2015.1,0.7855823593007194,0.8750798106193542,0.2228665521310622,-1.204722518424438,1.204722518424438,highly_skewed,mad
SE.CLO.4.PRF.M.TMS.2015.2,0.8537372703905459,0.9413382411003112,0.19089025862392203,-1.3767224897895431,1.3767224897895431,highly_skewed,mad
SE.CLO.4.PRF.M.TMS.2015.3,0.8953329145908355,0.9666227102279664,0.1499560087159906,-1.4262141860313908,1.4262141860313908,highly_skewed,mad
SE.CLO.4.PRF.M.TMS.2015.4,0.9055507183074951,0.9664657711982728,0.1403114106987577,-1.3024254959896224,1.3024254959896224,highly_skewed,mad
SE.CLO.4.PRF.M.TMS.2015.5,0.8752261698246002,0.8946236968040466,0.13595834563092424,-0.42801771872327865,0.42801771872327865,nearly_symmetric,zscore
SE.CLO.4.PRF.M.TMS.2015.A,0.8497142539076183,0.9252015352249146,0.17766009702114702,-1.2746916597987261,1.2746916597987261,highly_skewed,mad
SE.CLO.4.PRF.M.TMS.2015.F,0.8579733423564745,0.924590528011322,0.16633837382138034,-1.2014759575511411,1.2014759575511411,highly_skewed,mad
SE.CLO.4.PRF.M.TMS.2015.M,0.8417899440164152,0.9290799498558044,0.18959940489757923,-1.3811753136020068,1.3811753136020068,highly_skewed,mad
SE.CLO.4.PRF.M.TMS.2015.R,0.8261381844679515,0.9155452847480774,0.19548740214154897,-1.3720643780726256,1.3720643780726256,highly_skewed,mad
SE.CLO.4.PRF.M.TMS.2015.U,0.8616333785264388,0.9354375004768372,0.17069922479354688,-1.297090634822644,1.297090634822644,highly_skewed,mad
SE.CLO.4.PRF.M.TMS.2019.1,0.771864655826773,0.8418524861335754,0.21146512291680375,-0.9928989141297443,0.9928989141297443,moderately_skewed,iqr
SE.CLO.4.PRF.M.TMS.2019.2,0.8598331391811371,0.8034568428993225,0.11423253210644752,1.4805667503530535,1.4805667503530535,highly_skewed,mad
SE.CLO.4.PRF.M.TMS.2019.3,0.893538710143831,0.9644576907157898,0.17931197957583395,-1.1865182807035932,1.1865182807035932,highly_skewed,mad
SE.CLO.4.PRF.M.TMS.2019.4,0.8307851277864896,0.8888034224510193,0.18611678694137596,-0.9351917516629693,0.9351917516629693,moderately_skewed,iqr
SE.CLO.4.PRF.M.TMS.2019.5,0.4343203902244568,0.1743080019950867,0.3677130458189937,2.1213203435596424,2.1213203435596424,very_highly_skewed,mad
SE.CLO.4.PRF.M.TMS.2019.A,0.8401160860061645,0.916754961013794,0.18701685784327549,-1.2293898404365444,1.2293898404365444,highly_skewed,mad
SE.CLO.4.PRF.M.TMS.2019.F,0.8429794442653656,0.9143413305282592,0.17962523391193436,-1.191846235221279,1.191846235221279,highly_skewed,mad
SE.CLO.4.PRF.M.TMS.2019.M,0.8375387626886368,0.9135165214538574,0.19425114491698767,-1.173394763737779,1.173394763737779,highly_skewed,mad
SE.CLO.4.PRF.M.TMS.2019.R,0.8084873886818581,0.8953589797019958,0.20145004512584982,-1.2936942898057038,1.2936942898057038,highly_skewed,mad
SE.CLO.4.PRF.M.TMS.2019.U,0.8494957706757954,0.9264053702354432,0.18366602617881564,-1.2562410342253931,1.2562410342253931,highly_skewed,mad
SE.CLO.4.PRF.R.PRL.2001.1,0.778942211434759,0.8452038168907166,0.22045582787431767,-0.9016990763392314,0.9016990763392314,moderately_skewed,iqr
SE.CLO.4.PRF.R.PRL.2001.2,0.8380798466246704,0.9303969144821168,0.2001276483980061,-1.3838727721496507,1.3838727721496507,highly_skewed,mad
SE.CLO.4.PRF.R.PRL.2001.3,0.8653759457941713,0.9583756923675536,0.19226025511881487,-1.45115400761186,1.45115400761186,highly_skewed,mad
SE.CLO.4.PRF.R.PRL.2001.4,0.894765409929999,0.9633199572563172,0.15834678787074974,-1.2988178967471533,1.2988178967471533,highly_skewed,mad
SE.CLO.4.PRF.R.PRL.2001.5,0.9394522494283216,0.9815251231193542,0.10223596800637488,-1.2345813663663612,1.2345813663663612,highly_skewed,mad
SE.CLO.4.PRF.R.PRL.2001.A,0.837901403196156,0.9213533401489258,0.19867473471757713,-1.2601290809030072,1.2601290809030072,highly_skewed,mad
SE.CLO.4.PRF.R.PRL.2001.F,0.8621101509779692,0.9460718631744384,0.18620796453890442,-1.3527087158335873,1.3527087158335873,highly_skewed,mad
SE.CLO.4.PRF.R.PRL.2001.M,0.8139229966327548,0.8971076607704163,0.21223328210874554,-1.1758475858895505,1.1758475858895505,highly_skewed,mad
SE.CLO.4.PRF.R.PRL.2001.R,0.8030609256691403,0.9054574966430664,0.2287592577437713,-1.342851502280425,1.342851502280425,highly_skewed,mad
SE.CLO.4.PRF.R.PRL.2001.U,0.8541250815314632,0.9323574900627136,0.18612359857489297,-1.2609751121876855,1.2609751121876855,highly_skewed,mad
SE.CLO.4.PRF.R.PRL.2006.1,0.7621862396146312,0.8781127333641052,0.25205467708589885,-1.3797779325868285,1.3797779325868285,highly_skewed,mad
SE.CLO.4.PRF.R.PRL.2006.2,0.8202554050720099,0.9244465827941896,0.24092003447118626,-1.297416106770159,1.297416106770159,highly_skewed,mad
SE.CLO.4.PRF.R.PRL.2006.3,0.8519728594657147,0.9613738656044006,0.22124905961071936,-1.4834097780732747,1.4834097780732747,highly_skewed,mad
SE.CLO.4.PRF.R.PRL.2006.4,0.8785835667089983,0.9690572023391724,0.20438629571288414,-1.3279799702021429,1.3279799702021429,highly_skewed,mad
SE.CLO.4.PRF.R.PRL.2006.5,0.9143857983025637,0.9887641668319702,0.17501833416487833,-1.2749241766751824,1.2749241766751824,highly_skewed,mad
SE.CLO.4.PRF.R.PRL.2006.A,0.848766062189551,0.943611204624176,0.21248462489690378,-1.339087133678166,1.339087133678166,highly_skewed,mad
SE.CLO.4.PRF.R.PRL.2006.F,0.86829934137709,0.9553120136260986,0.19502499389998196,-1.3384849373762762,1.3384849373762762,highly_skewed,mad
SE.CLO.4.PRF.R.PRL.2006.M,0.8299281540162423,0.9324871301651,0.22996162603600304,-1.3379490037107442,1.3379490037107442,highly_skewed,mad
SE.CLO.4.PRF.R.PRL.2006.R,0.8152391612529755,0.903706431388855,0.2203668097794592,-1.2043638090202873,1.2043638090202873,highly_skewed,mad
SE.CLO.4.PRF.R.PRL.2006.U,0.854054357066299,0.949418306350708,0.21365790758382208,-1.339018298402964,1.339018298402964,highly_skewed,mad
SE.CLO.4.PRF.R.PRL.2011.1,0.7951135113835335,0.8900723457336426,0.21229740587121318,-1.341874630456592,1.341874630456592,highly_skewed,mad
SE.CLO.4.PRF.R.PRL.2011.2,0.8521253116428852,0.9353930950164796,0.1972010271295326,-1.2667446704357097,1.2667446704357097,highly_skewed,mad
SE.CLO.4.PRF.R.PRL.2011.3,0.8831913560628891,0.9644653797149658,0.17967560987360842,-1.357012624739357,1.357012624739357,highly_skewed,mad
SE.CLO.4.PRF.R.PRL.2011.4,0.9084544286131859,0.9841468334197998,0.1595350942925851,-1.4233684157504882,1.4233684157504882,highly_skewed,mad
SE.CLO.4.PRF.R.PRL.2011.5,0.9438511975109577,0.9897485971450806,0.1141557358010202,-1.2061785414127046,1.2061785414127046,highly_skewed,mad
SE.CLO.4.PRF.R.PRL.2011.A,0.8788805429528399,0.95269113779068,0.167992619816769,-1.3181042402638758,1.3181042402638758,highly_skewed,mad
SE.CLO.4.PRF.R.PRL.2011.F,0.8986333895747255,0.9618351459503174,0.15031852414072644,-1.2613566439041768,1.2613566439041768,highly_skewed,mad
SE.CLO.4.PRF.R.PRL.2011.M,0.8595703429565197,0.9419580101966858,0.1875817049951031,-1.317628506079261,1.317628506079261,highly_skewed,mad
SE.CLO.4.PRF.R.PRL.2011.R,0.8456980811479764,0.9412593841552734,0.19865940726984338,-1.4430925419629494,1.4430925419629494,highly_skewed,mad
SE.CLO.4.PRF.R.PRL.2011.U,0.8853435447303261,0.9570836424827576,0.16408223473364605,-1.3116611533641083,1.3116611533641083,highly_skewed,mad
SE.CLO.4.PRF.R.PRL.2016.1,0.7696878146380186,0.887252926826477,0.24481656106525454,-1.4406514617749502,1.4406514617749502,highly_skewed,mad
SE.CLO.4.PRF.R.PRL.2016.2,0.8290946781635284,0.9545258283615112,0.23351290607388275,-1.6114460520434373,1.6114460520434373,highly_skewed,mad
SE.CLO.4.PRF.R.PRL.2016.3,0.8576119007034735,0.9648664593696594,0.22062554305234292,-1.4584153382558251,1.4584153382558251,highly_skewed,mad
SE.CLO.4.PRF.R.PRL.2016.4,0.8875827518376437,0.9778199791908264,0.18773360892479055,-1.4419990304879302,1.4419990304879302,highly_skewed,mad
SE.CLO.4.PRF.R.PRL.2016.5,0.9324009919708426,0.9908843040466307,0.12250346167910124,-1.4322039052819335,1.4322039052819335,highly_skewed,mad
SE.CLO.4.PRF.R.PRL.2016.A,0.8576488408777448,0.9574038982391356,0.1977419411835092,-1.5134127352701934,1.5134127352701934,highly_skewed,mad
SE.CLO.4.PRF.R.PRL.2016.F,0.8829135696093241,0.9636327028274536,0.1754773427636434,-1.3799924015293463,1.3799924015293463,highly_skewed,mad
SE.CLO.4.PRF.R.PRL.2016.M,0.8331255621380276,0.9522205591201782,0.22134399034100982,-1.614161696443653,1.614161696443653,highly_skewed,mad
SE.CLO.4.PRF.R.PRL.2016.R,0.8320134339684789,0.9366866946220398,0.22168925736916617,-1.4164862370293558,1.4164862370293558,highly_skewed,mad
SE.CLO.4.PRF.R.PRL.2016.U,0.8642420768737793,0.9609341621398926,0.19125539987981044,-1.5166957690116507,1.5166957690116507,highly_skewed,mad
SE.CLO.4.PRF.S.TMS.2003.A,0.7881380518277487,0.9092636108398438,0.2611101203762312,-1.3916606392456146,1.3916606392456146,highly_skewed,mad
SE.CLO.4.PRF.S.TMS.2003.F,0.7962228680650393,0.9187265634536744,0.25810189295377306,-1.4238992281692717,1.4238992281692717,highly_skewed,mad
SE.CLO.4.PRF.S.TMS.2003.M,0.7808531572421392,0.9027352929115297,0.2638891691932286,-1.385605965284739,1.385605965284739,highly_skewed,mad
SE.CLO.4.PRF.S.TMS.2003.R,0.7361204893816085,0.8840064406394958,0.2958460904951755,-1.4996238518179679,1.4996238518179679,highly_skewed,mad
SE.CLO.4.PRF.S.TMS.2003.U,0.7976779180268446,0.9143204092979432,0.2539640307232874,-1.3778623406499944,1.3778623406499944,highly_skewed,mad
SE.CLO.4.PRF.S.TMS.2007.A,0.7610892217074122,0.9297147989273072,0.27229648107484006,-1.857815898548634,1.857815898548634,highly_skewed,mad
SE.CLO.4.PRF.S.TMS.2007.F,0.7711584314703941,0.930906355381012,0.26543317201319755,-1.8055157465700076,1.8055157465700076,highly_skewed,mad
SE.CLO.4.PRF.S.TMS.2007.M,0.7512519225478173,0.9251517653465272,0.2803931630609235,-1.8606000328288164,1.8606000328288164,highly_skewed,mad
SE.CLO.4.PRF.S.TMS.2007.R,0.719079237896949,0.9036003351211548,0.29138625001177615,-1.899757767054023,1.899757767054023,highly_skewed,mad
SE.CLO.4.PRF.S.TMS.2007.U,0.7698754074318068,0.9321020841598512,0.2704602545753361,-1.7994512019826907,1.7994512019826907,highly_skewed,mad
SE.CLO.4.PRF.S.TMS.2011.1,0.7323645571867625,0.8311458230018616,0.22323335615972448,-1.3275067962211786,1.3275067962211786,highly_skewed,mad
SE.CLO.4.PRF.S.TMS.2011.2,0.8162750251591205,0.9256231784820556,0.22373639454040137,-1.4662096465917984,1.4662096465917984,highly_skewed,mad
SE.CLO.4.PRF.S.TMS.2011.3,0.8526771041254203,0.9519970417022704,0.20640571911712938,-1.4435637442849467,1.4435637442849467,highly_skewed,mad
SE.CLO.4.PRF.S.TMS.2011.4,0.8798373679320017,0.961129069328308,0.19110497269410365,-1.2761316503222697,1.2761316503222697,highly_skewed,mad
SE.CLO.4.PRF.S.TMS.2011.5,0.9126725514729818,0.9809771180152892,0.1590632725379553,-1.2882527585242929,1.2882527585242929,highly_skewed,mad
SE.CLO.4.PRF.S.TMS.2011.A,0.8085752683489219,0.9216935634613036,0.22907339079473815,-1.4814242900923615,1.4814242900923615,highly_skewed,mad
SE.CLO.4.PRF.S.TMS.2011.F,0.8206178975170073,0.9271742105484008,0.21721896525507037,-1.4716437799011133,1.4716437799011133,highly_skewed,mad
SE.CLO.4.PRF.S.TMS.2011.M,0.7966138793398505,0.920685350894928,0.24253437919071422,-1.5346872303515608,1.5346872303515608,highly_skewed,mad
SE.CLO.4.PRF.S.TMS.2011.R,0.769333770975124,0.8894858956336975,0.2505054696600566,-1.438916182009401,1.438916182009401,highly_skewed,mad
SE.CLO.4.PRF.S.TMS.2011.U,0.8162155421855657,0.9214495420455932,0.22623432154259035,-1.3954646555281802,1.3954646555281802,highly_skewed,mad
SE.CLO.4.PRF.S.TMS.2015.1,0.7910502800209955,0.9061659574508668,0.22274668075482026,-1.5504025968842208,1.5504025968842208,highly_skewed,mad
SE.CLO.4.PRF.S.TMS.2015.2,0.8433147150057333,0.9483712315559388,0.18944250380564906,-1.6636686240905694,1.6636686240905694,highly_skewed,mad
SE.CLO.4.PRF.S.TMS.2015.3,0.9089807230850746,0.9763565063476564,0.13215526113083167,-1.5294688085678427,1.5294688085678427,highly_skewed,mad
SE.CLO.4.PRF.S.TMS.2015.4,0.9132142066955566,0.9825969338417052,0.14782654274023482,-1.4080568859965146,1.4080568859965146,highly_skewed,mad
SE.CLO.4.PRF.S.TMS.2015.5,0.8577588697274526,0.8719021081924438,0.16372842431661652,-0.25914691094152015,0.25914691094152015,nearly_symmetric,zscore
SE.CLO.4.PRF.S.TMS.2015.A,0.8556845896773868,0.9478994607925416,0.17689507482890363,-1.5638909879941005,1.5638909879941005,highly_skewed,mad
SE.CLO.4.PRF.S.TMS.2015.F,0.8693943573368921,0.9504663348197936,0.16134814077329426,-1.5073984198580908,1.5073984198580908,highly_skewed,mad
SE.CLO.4.PRF.S.TMS.2015.M,0.842358895805147,0.9455727338790894,0.19432728291642357,-1.5934021696531306,1.5934021696531306,highly_skewed,mad
SE.CLO.4.PRF.S.TMS.2015.R,0.8357490958137945,0.9344457387924194,0.19641230230560153,-1.5074917683882292,1.5074917683882292,highly_skewed,mad
SE.CLO.4.PRF.S.TMS.2015.U,0.8660348143842486,0.9486095309257508,0.1689949302098385,-1.4658673447594637,1.4658673447594637,highly_skewed,mad
SE.CLO.4.PRF.S.TMS.2019.1,0.7449118910091264,0.8314922451972961,0.21248978426734072,-1.2223696468989782,1.2223696468989782,highly_skewed,mad
SE.CLO.4.PRF.S.TMS.2019.2,0.8379361629486084,0.8432984948158264,0.1287277482491727,-0.12496913696117137,0.12496913696117137,nearly_symmetric,zscore
SE.CLO.4.PRF.S.TMS.2019.3,0.8755523380306032,0.946195662021637,0.19290922960291723,-1.0985994418687808,1.0985994418687808,highly_skewed,mad
SE.CLO.4.PRF.S.TMS.2019.4,0.8029347715469507,0.875840961933136,0.21593675694959552,-1.012882541389698,1.012882541389698,highly_skewed,mad
SE.CLO.4.PRF.S.TMS.2019.5,0.40201209485530853,0.136972576379776,0.3748224815929326,2.121320343559643,2.121320343559643,very_highly_skewed,mad
SE.CLO.4.PRF.S.TMS.2019.A,0.8192945262789726,0.9123469591140748,0.1941410825033346,-1.4379094569049384,1.4379094569049384,highly_skewed,mad
SE.CLO.4.PRF.S.TMS.2019.F,0.8348545035719872,0.911550223827362,0.1833162619642828,-1.2551377510138966,1.2551377510138966,highly_skewed,mad
SE.CLO.4.PRF.S.TMS.2019.M,0.8047677426040173,0.8933132290840149,0.20552003810400402,-1.2925088078543792,1.2925088078543792,highly_skewed,mad
SE.CLO.4.PRF.S.TMS.2019.R,0.7865713606489465,0.8695464134216309,0.20973779608351673,-1.1868397731181084,1.1868397731181084,highly_skewed,mad
SE.CLO.4.PRF.S.TMS.2019.U,0.8308037473839156,0.9159697890281676,0.1887392030416293,-1.3537098854677374,1.3537098854677374,highly_skewed,mad
SE.CLO.5.LDGAP.M.SPM.2019.1,0.08991528240342934,0.0860538929700851,0.029570086941594634,0.39175293339222167,0.39175293339222167,nearly_symmetric,zscore
SE.CLO.5.LDGAP.M.SPM.2019.2,0.07944187211493652,0.0854900851845741,0.028023791581392118,-0.6474726717908096,0.6474726717908096,moderately_skewed,iqr
SE.CLO.5.LDGAP.M.SPM.2019.3,0.07195882064600785,0.0803830996155739,0.027190543460245596,-0.9294715622601926,0.9294715622601926,moderately_skewed,iqr
SE.CLO.5.LDGAP.M.SPM.2019.4,0.06464778911322357,0.0724105462431908,0.025033825384253743,-0.9302721830339995,0.9302721830339995,moderately_skewed,iqr
SE.CLO.5.LDGAP.M.SPM.2019.5,0.05181896841774383,0.0574867688119411,0.017561703618923383,-0.9682090958573065,0.9682090958573065,moderately_skewed,iqr
SE.CLO.5.LDGAP.M.SPM.2019.A,0.0746732261031866,0.0781965926289558,0.023559394723221057,-0.44865751864538844,0.44865751864538844,nearly_symmetric,zscore
SE.CLO.5.LDGAP.M.SPM.2019.F,0.07257495758434136,0.0773306712508202,0.024015327739869113,-0.5940847925948095,0.5940847925948095,moderately_skewed,iqr
SE.CLO.5.LDGAP.M.SPM.2019.M,0.07663623429834844,0.0789839923381805,0.023415447837109117,-0.30079604577683555,0.30079604577683555,nearly_symmetric,zscore
SE.CLO.5.LDGAP.M.SPM.2019.R,0.07980232747892538,0.0803529396653175,0.025057232352560316,-0.06592254627066046,0.06592254627066046,nearly_symmetric,zscore
SE.CLO.5.LDGAP.M.SPM.2019.U,0.06741451782484847,0.073951743543148,0.019887184328681678,-0.9861464966970833,0.9861464966970833,moderately_skewed,iqr
SE.CLO.5.LDGAP.M.TMS.2011.1,0.1239103972911835,0.1239103972911835,,0.0,0.0,nearly_symmetric,zscore
SE.CLO.5.LDGAP.M.TMS.2011.2,0.1086442470550537,0.1086442470550537,,0.0,0.0,nearly_symmetric,zscore
SE.CLO.5.LDGAP.M.TMS.2011.3,0.1076522022485733,0.1076522022485733,,0.0,0.0,nearly_symmetric,zscore
SE.CLO.5.LDGAP.M.TMS.2011.4,0.0958062261343002,0.0958062261343002,,0.0,0.0,nearly_symmetric,zscore
SE.CLO.5.LDGAP.M.TMS.2011.5,0.0601644888520241,0.0601644888520241,,0.0,0.0,nearly_symmetric,zscore
SE.CLO.5.LDGAP.M.TMS.2011.A,0.11538944393396378,0.1115965470671654,0.009638440219619845,1.1805531124458137,1.1805531124458137,highly_skewed,mad
SE.CLO.5.LDGAP.M.TMS.2011.F,0.11234266062577565,0.1083207577466965,0.007203783786389619,1.674912656322869,1.674912656322869,highly_skewed,mad
SE.CLO.5.LDGAP.M.TMS.2011.M,0.11828736215829849,0.1151415780186653,0.012042306652581733,0.7836831174595872,0.7836831174595872,moderately_skewed,iqr
SE.CLO.5.LDGAP.M.TMS.2011.R,0.10767603417237599,0.1226651966571808,0.02740660077129615,-1.6407539128862114,1.6407539128862114,highly_skewed,mad
SE.CLO.5.LDGAP.M.TMS.2011.U,0.111986609796683,0.1094374880194664,0.01085090218852901,0.7047676956976147,0.7047676956976147,moderately_skewed,iqr
SE.CLO.5.LDGAP.M.TMS.2015.1,0.1587795615196228,0.1389327794313431,0.07355554048770825,0.8094610666995069,0.8094610666995069,moderately_skewed,iqr
SE.CLO.5.LDGAP.M.TMS.2015.2,0.072186291217804,0.072186291217804,,0.0,0.0,nearly_symmetric,zscore
SE.CLO.5.LDGAP.M.TMS.2015.3,0.1605103611946106,0.1060584187507629,0.0770066755016486,2.1213203435596424,2.1213203435596424,very_highly_skewed,mad
SE.CLO.5.LDGAP.M.TMS.2015.4,0.1703192442655563,0.1703192442655563,,0.0,0.0,nearly_symmetric,zscore
SE.CLO.5.LDGAP.M.TMS.2015.5,0.1720385253429413,0.1720385253429413,,0.0,0.0,nearly_symmetric,zscore
SE.CLO.5.LDGAP.M.TMS.2015.A,0.14544047415256503,0.1289598941802979,0.07168950249688613,0.689664988523932,0.689664988523932,moderately_skewed,iqr
SE.CLO.5.LDGAP.M.TMS.2015.F,0.1356078584988912,0.1231547221541405,0.06705239905185241,0.5571673730176551,0.5571673730176551,moderately_skewed,iqr
SE.CLO.5.LDGAP.M.TMS.2015.M,0.15304013590017954,0.1339524984359741,0.07650291767279184,0.7485062548533598,0.7485062548533598,moderately_skewed,iqr
SE.CLO.5.LDGAP.M.TMS.2015.R,0.14645721763372418,0.1309168934822083,0.08311273344627984,0.5609365800089012,0.5609365800089012,moderately_skewed,iqr
SE.CLO.5.LDGAP.M.TMS.2015.U,0.14128079265356064,0.1275831758975983,0.06083088619780532,0.6755260828235246,0.6755260828235246,moderately_skewed,iqr
SE.CLO.5.LDGAP.M.TMS.2019.1,0.17585318783919016,0.1523373872041702,0.05687454974142755,1.2404036994718042,1.2404036994718042,highly_skewed,mad
SE.CLO.5.LDGAP.M.TMS.2019.2,0.15455163021882376,0.1374089419841766,0.0613245616426611,0.8386209917587892,0.8386209917587892,moderately_skewed,iqr
SE.CLO.5.LDGAP.M.TMS.2019.3,0.0928783640265465,0.0928783640265465,,0.0,0.0,nearly_symmetric,zscore
SE.CLO.5.LDGAP.M.TMS.2019.4,0.14827508106827736,0.1108858063817024,0.05287641934904735,2.1213203435596433,2.1213203435596433,very_highly_skewed,mad
SE.CLO.5.LDGAP.M.TMS.2019.5,0.129323024302721,0.0799201801419258,0.06986617223200105,2.121320343559642,2.121320343559642,very_highly_skewed,mad
SE.CLO.5.LDGAP.M.TMS.2019.A,0.13972845673561096,0.1210660487413406,0.06125180668924036,0.9140501645422641,0.9140501645422641,moderately_skewed,iqr
SE.CLO.5.LDGAP.M.TMS.2019.F,0.13360129669308662,0.1193674802780151,0.057342099072955344,0.7446788648404078,0.7446788648404078,moderately_skewed,iqr
SE.CLO.5.LDGAP.M.TMS.2019.M,0.14529568888247013,0.1225691363215446,0.06462084921566141,1.05507214018866,1.05507214018866,highly_skewed,mad
SE.CLO.5.LDGAP.M.TMS.2019.R,0.14470194652676582,0.1123453006148338,0.06514752764626076,1.4900018656558722,1.4900018656558722,highly_skewed,mad
SE.CLO.5.LDGAP.M.TMS.2019.U,0.1347148399800062,0.1253628730773926,0.055780041957474435,0.5029738186505847,0.5029738186505847,moderately_skewed,iqr
SE.CLO.5.LDGAP.R.PRL.2001.1,0.1199691295623779,0.1199691295623779,,0.0,0.0,nearly_symmetric,zscore
SE.CLO.5.LDGAP.R.PRL.2001.2,0.1044408306479454,0.1044408306479454,,0.0,0.0,nearly_symmetric,zscore
SE.CLO.5.LDGAP.R.PRL.2001.3,0.0868431851267815,0.0868431851267815,,0.0,0.0,nearly_symmetric,zscore
SE.CLO.5.LDGAP.R.PRL.2001.4,0.1039161831140518,0.1039161831140518,,0.0,0.0,nearly_symmetric,zscore
SE.CLO.5.LDGAP.R.PRL.2001.5,0.0847449079155922,0.0847449079155922,,0.0,0.0,nearly_symmetric,zscore
SE.CLO.5.LDGAP.R.PRL.2001.A,0.1064129322767258,0.1064129322767258,,0.0,0.0,nearly_symmetric,zscore
SE.CLO.5.LDGAP.R.PRL.2001.F,0.1052021905779839,0.1052021905779839,,0.0,0.0,nearly_symmetric,zscore
SE.CLO.5.LDGAP.R.PRL.2001.M,0.1072720810770988,0.1072720810770988,,0.0,0.0,nearly_symmetric,zscore
SE.CLO.5.LDGAP.R.PRL.2001.R,0.0808464214205742,0.0808464214205742,,0.0,0.0,nearly_symmetric,zscore
SE.CLO.5.LDGAP.R.PRL.2001.U,0.1118719577789307,0.1118719577789307,,0.0,0.0,nearly_symmetric,zscore
SE.CLO.5.LDGAP.R.PRL.2006.1,0.15418037697672843,0.0782498344779015,0.16188088337905934,1.4071558218711053,1.4071558218711053,highly_skewed,mad
SE.CLO.5.LDGAP.R.PRL.2006.2,0.1371534176170826,0.0570605881512165,0.1511232874412172,1.5899501160008847,1.5899501160008847,highly_skewed,mad
SE.CLO.5.LDGAP.R.PRL.2006.3,0.1356276638805866,0.0698682442307472,0.14074918437609218,1.4016298554340196,1.4016298554340196,highly_skewed,mad
SE.CLO.5.LDGAP.R.PRL.2006.4,0.1424348056316376,0.0688583701848984,0.15078925977521984,1.4638264467194595,1.4638264467194595,highly_skewed,mad
SE.CLO.5.LDGAP.R.PRL.2006.5,0.18833553542693457,0.1652755439281464,0.09698312384946667,0.7133197173947803,0.7133197173947803,moderately_skewed,iqr
SE.CLO.5.LDGAP.R.PRL.2006.A,0.14207840338349342,0.0844962596893311,0.14022313063777073,1.231939625772096,1.231939625772096,highly_skewed,mad
SE.CLO.5.LDGAP.R.PRL.2006.F,0.1458730034530163,0.1073842495679855,0.12380703001693026,0.9326308985790441,0.9326308985790441,moderately_skewed,iqr
SE.CLO.5.LDGAP.R.PRL.2006.M,0.1434500701725483,0.0628394335508347,0.15556720923336673,1.5545172472842153,1.5545172472842153,highly_skewed,mad
SE.CLO.5.LDGAP.R.PRL.2006.R,0.2069623147447904,0.1290328204631805,0.18442084593218164,1.2676901120538315,1.2676901120538315,highly_skewed,mad
SE.CLO.5.LDGAP.R.PRL.2006.U,0.16603130102157593,0.106518879532814,0.14627412202643444,1.2205663038197612,1.2205663038197612,highly_skewed,mad
SE.CLO.5.LDGAP.R.PRL.2011.1,0.18201722701390585,0.1755412071943283,0.06579221107575367,0.2952942170671694,0.2952942170671694,nearly_symmetric,zscore
SE.CLO.5.LDGAP.R.PRL.2011.2,0.1668265461921692,0.1646355837583542,0.0712311229683862,0.09227549738844054,0.09227549738844054,nearly_symmetric,zscore
SE.CLO.5.LDGAP.R.PRL.2011.3,0.15349983672300974,0.1490248590707779,0.051529776656436384,0.26052767599214255,0.26052767599214255,nearly_symmetric,zscore
SE.CLO.5.LDGAP.R.PRL.2011.4,0.13471599419911703,0.1303791254758835,0.025788090558463202,0.5045199504090742,0.5045199504090742,moderately_skewed,iqr
SE.CLO.5.LDGAP.R.PRL.2011.5,0.09798697630564374,0.0921336561441422,0.027206055442245875,0.6454430897482213,0.6454430897482213,moderately_skewed,iqr
SE.CLO.5.LDGAP.R.PRL.2011.A,0.14522566832602024,0.108367420732975,0.057837989602235435,1.911801283889404,1.911801283889404,highly_skewed,mad
SE.CLO.5.LDGAP.R.PRL.2011.F,0.13827403634786606,0.1037503406405449,0.050635496605660794,2.045424535450981,2.045424535450981,very_highly_skewed,mad
SE.CLO.5.LDGAP.R.PRL.2011.M,0.15030024014413354,0.1112747713923454,0.06322593579497966,1.8517148822439518,1.8517148822439518,highly_skewed,mad
SE.CLO.5.LDGAP.R.PRL.2011.R,0.15014492720365524,0.1059313714504242,0.08379739098076945,1.5828734726375033,1.5828734726375033,highly_skewed,mad
SE.CLO.5.LDGAP.R.PRL.2011.U,0.14342536590993402,0.1040074899792671,0.05582368599723788,2.118341447353581,2.118341447353581,very_highly_skewed,mad
SE.CLO.5.LDGAP.R.PRL.2016.1,0.15630234964191914,0.1637148559093475,0.05750095591673009,-0.3867330281341468,0.3867330281341468,nearly_symmetric,zscore
SE.CLO.5.LDGAP.R.PRL.2016.2,0.13897208031266928,0.1294516772031784,0.06759455624940794,0.4225371230057122,0.4225371230057122,nearly_symmetric,zscore
SE.CLO.5.LDGAP.R.PRL.2016.3,0.1422546859830618,0.1360474526882172,0.04994191905922637,0.37286712716125775,0.37286712716125775,nearly_symmetric,zscore
SE.CLO.5.LDGAP.R.PRL.2016.4,0.14688611403107638,0.1328826546669006,0.0408396568649741,1.0286662846219274,1.0286662846219274,highly_skewed,mad
SE.CLO.5.LDGAP.R.PRL.2016.5,0.11425692215561867,0.1069511473178864,0.03929864162069552,0.5577120126629181,0.5577120126629181,moderately_skewed,iqr
SE.CLO.5.LDGAP.R.PRL.2016.A,0.1437112465500832,0.1419620364904404,0.05355635175208144,0.09798333917926791,0.09798333917926791,nearly_symmetric,zscore
SE.CLO.5.LDGAP.R.PRL.2016.F,0.13249493204057217,0.1374581456184387,0.04715523489186376,-0.31575795916920907,0.31575795916920907,nearly_symmetric,zscore
SE.CLO.5.LDGAP.R.PRL.2016.M,0.15170481055974963,0.1449169516563416,0.06025893725482833,0.33793454776855375,0.33793454776855375,nearly_symmetric,zscore
SE.CLO.5.LDGAP.R.PRL.2016.R,0.14944738522171974,0.1430681794881821,0.05450571267892671,0.3511121359580356,0.3511121359580356,nearly_symmetric,zscore
SE.CLO.5.LDGAP.R.PRL.2016.U,0.14026536233723166,0.1286131590604782,0.053665960288389776,0.651373974161848,0.651373974161848,moderately_skewed,iqr
SE.CLO.5.LDGAP.R.SPM.2019.1,0.10852103245755036,0.101679340004921,0.03968156459676844,0.517244659238048,0.517244659238048,moderately_skewed,iqr
SE.CLO.5.LDGAP.R.SPM.2019.2,0.09701468360920747,0.1014126986265182,0.03986884539273349,-0.3309362215525041,0.3309362215525041,nearly_symmetric,zscore
SE.CLO.5.LDGAP.R.SPM.2019.3,0.08812516803542773,0.0952156484127045,0.03564295822329051,-0.5967922471129427,0.5967922471129427,moderately_skewed,iqr
SE.CLO.5.LDGAP.R.SPM.2019.4,0.08011290058493616,0.0876451507210732,0.033627970310191053,-0.671962958215267,0.671962958215267,moderately_skewed,iqr
SE.CLO.5.LDGAP.R.SPM.2019.5,0.06456677491466205,0.0673485025763512,0.0220466346119062,-0.37852412089057136,0.37852412089057136,nearly_symmetric,zscore
SE.CLO.5.LDGAP.R.SPM.2019.A,0.09019374350706737,0.0929076299071312,0.032584179200038206,-0.2498654070801924,0.2498654070801924,nearly_symmetric,zscore
SE.CLO.5.LDGAP.R.SPM.2019.F,0.0849582975109418,0.0892719328403473,0.03241174430364871,-0.3992659533217313,0.3992659533217313,nearly_symmetric,zscore
SE.CLO.5.LDGAP.R.SPM.2019.M,0.0947993906835715,0.0961253643035889,0.033393221636003605,-0.1191236024907312,0.1191236024907312,nearly_symmetric,zscore
SE.CLO.5.LDGAP.R.SPM.2019.R,0.09598990653951962,0.0951511412858963,0.03476271308810977,0.07238490719904826,0.07238490719904826,nearly_symmetric,zscore
SE.CLO.5.LDGAP.R.SPM.2019.U,0.08241499277452628,0.0884655565023422,0.02904654707287423,-0.6249173486234825,0.6249173486234825,moderately_skewed,iqr
SE.CLO.5.LDGAP.S.TMS.2011.1,0.2135591357946396,0.2135591357946396,,0.0,0.0,nearly_symmetric,zscore
SE.CLO.5.LDGAP.S.TMS.2011.2,0.1816569119691849,0.1816569119691849,,0.0,0.0,nearly_symmetric,zscore
SE.CLO.5.LDGAP.S.TMS.2011.3,0.1646074056625366,0.1646074056625366,,0.0,0.0,nearly_symmetric,zscore
SE.CLO.5.LDGAP.S.TMS.2011.4,0.1375194936990738,0.1375194936990738,,0.0,0.0,nearly_symmetric,zscore
SE.CLO.5.LDGAP.S.TMS.2011.5,0.1111190989613533,0.1111190989613533,,0.0,0.0,nearly_symmetric,zscore
SE.CLO.5.LDGAP.S.TMS.2011.A,0.13673710823059085,0.1251633614301682,0.03725347626632712,0.9320268571191556,0.9320268571191556,moderately_skewed,iqr
SE.CLO.5.LDGAP.S.TMS.2011.F,0.13327466944853464,0.1259743124246597,0.03813336562602236,0.5743283004812834,0.5743283004812834,moderately_skewed,iqr
SE.CLO.5.LDGAP.S.TMS.2011.M,0.13958437740802768,0.1244626492261887,0.03745044958905755,1.2113388502222933,1.2113388502222933,highly_skewed,mad
SE.CLO.5.LDGAP.S.TMS.2011.R,0.1592000834643841,0.1146674826741219,0.06297860800533561,2.121320343559643,2.121320343559643,very_highly_skewed,mad
SE.CLO.5.LDGAP.S.TMS.2011.U,0.13377960274616882,0.1247598007321358,0.037594435195543764,0.7197715805903776,0.7197715805903776,moderately_skewed,iqr
SE.CLO.5.LDGAP.S.TMS.2015.1,0.0995391458272934,0.0694155693054199,0.042601170464417255,2.1213203435596424,2.1213203435596424,very_highly_skewed,mad
SE.CLO.5.LDGAP.S.TMS.2015.2,0.0631537958979607,0.0631537958979607,,0.0,0.0,nearly_symmetric,zscore
SE.CLO.5.LDGAP.S.TMS.2015.3,0.1061983406543732,0.1061983406543732,,0.0,0.0,nearly_symmetric,zscore
SE.CLO.5.LDGAP.S.TMS.2015.A,0.0945282392203808,0.0659105405211449,0.0404715376243663,2.1213203435596424,2.1213203435596424,very_highly_skewed,mad
SE.CLO.5.LDGAP.S.TMS.2015.F,0.0885741151869297,0.0594664812088013,0.04116441074046111,2.121320343559643,2.121320343559643,very_highly_skewed,mad
SE.CLO.5.LDGAP.S.TMS.2015.M,0.09925229102373126,0.0710331052541733,0.0399079552344347,2.1213203435596424,2.1213203435596424,very_highly_skewed,mad
SE.CLO.5.LDGAP.S.TMS.2015.R,0.0902739521116018,0.0569883473217487,0.0470729537256011,2.1213203435596433,2.1213203435596433,very_highly_skewed,mad
SE.CLO.5.LDGAP.S.TMS.2015.U,0.09543706849217415,0.0690760761499405,0.03728007288800013,2.121320343559642,2.121320343559642,very_highly_skewed,mad
SE.CLO.5.LDGAP.S.TMS.2019.1,0.2258812040090561,0.1637962162494659,0.1496012643172798,1.2450092860428927,1.2450092860428927,highly_skewed,mad
SE.CLO.5.LDGAP.S.TMS.2019.2,0.1973952129483223,0.1463712155818939,0.13754458645135761,1.1128899802495595,1.1128899802495595,highly_skewed,mad
SE.CLO.5.LDGAP.S.TMS.2019.3,0.0796798765659332,0.0796798765659332,,0.0,0.0,nearly_symmetric,zscore
SE.CLO.5.LDGAP.S.TMS.2019.4,0.18414178863167763,0.0813922360539436,0.14530981078319885,2.121320343559643,2.121320343559643,very_highly_skewed,mad
SE.CLO.5.LDGAP.S.TMS.2019.5,0.19422368332743645,0.110975943505764,0.11773008269271594,2.1213203435596433,2.1213203435596433,very_highly_skewed,mad
SE.CLO.5.LDGAP.S.TMS.2019.A,0.17193062603473663,0.106847420334816,0.1253678121267715,1.5574142500175894,1.5574142500175894,highly_skewed,mad
SE.CLO.5.LDGAP.S.TMS.2019.F,0.16632422618567944,0.1022909730672836,0.11840683694019344,1.62237050088768,1.62237050088768,highly_skewed,mad
SE.CLO.5.LDGAP.S.TMS.2019.M,0.17705035209655762,0.1103329584002495,0.1317568287906218,1.5191029028711018,1.5191029028711018,highly_skewed,mad
SE.CLO.5.LDGAP.S.TMS.2019.R,0.18481533974409103,0.106141708791256,0.1328297091514646,1.7768682500792983,1.7768682500792983,highly_skewed,mad
SE.CLO.5.LDGAP.S.TMS.2019.U,0.16148062981665132,0.1071807667613029,0.11209233546266544,1.4532625133883679,1.4532625133883679,highly_skewed,mad
SE.CLO.5.LDSEV.M.SPM.2019.1,0.011215518539150532,0.0095156747847795,0.005868315216200613,0.868994093745145,0.868994093745145,moderately_skewed,iqr
SE.CLO.5.LDSEV.M.SPM.2019.2,0.009181445891348018,0.0094093754887581,0.004886190509396848,-0.1399431297071246,0.1399431297071246,nearly_symmetric,zscore
SE.CLO.5.LDSEV.M.SPM.2019.3,0.007796300225891167,0.0085074035450816,0.004435546908175371,-0.48095759141658323,0.48095759141658323,nearly_symmetric,zscore
SE.CLO.5.LDSEV.M.SPM.2019.4,0.006581582924506317,0.0071212067268789,0.0038851547141932194,-0.41668132319253565,0.41668132319253565,nearly_symmetric,zscore
SE.CLO.5.LDSEV.M.SPM.2019.5,0.0045763123780489,0.005165433511138,0.002219540640528462,-0.7962744033587495,0.7962744033587495,moderately_skewed,iqr
SE.CLO.5.LDSEV.M.SPM.2019.A,0.008335642904664082,0.0082019325345755,0.004085481289433479,0.09818454224798782,0.09818454224798782,nearly_symmetric,zscore
SE.CLO.5.LDSEV.M.SPM.2019.F,0.007989408487143615,0.0080921705812216,0.004242886917299775,-0.07265955662804938,0.07265955662804938,nearly_symmetric,zscore
SE.CLO.5.LDSEV.M.SPM.2019.M,0.008660638860116384,0.0083019835874438,0.003990474366201123,0.269633562147664,0.269633562147664,nearly_symmetric,zscore
SE.CLO.5.LDSEV.M.SPM.2019.R,0.009300703066401166,0.008522680029273,0.004508602076569486,0.5176924181254092,0.5176924181254092,moderately_skewed,iqr
SE.CLO.5.LDSEV.M.SPM.2019.U,0.006922355542580301,0.0075709545053542,0.003045653245688598,-0.6388766978237431,0.6388766978237431,moderately_skewed,iqr
SE.CLO.5.LDSEV.M.TMS.2011.1,0.0248436629772186,0.0248436629772186,,0.0,0.0,nearly_symmetric,zscore
SE.CLO.5.LDSEV.M.TMS.2011.2,0.0192684549838305,0.0192684549838305,,0.0,0.0,nearly_symmetric,zscore
SE.CLO.5.LDSEV.M.TMS.2011.3,0.0196797680109739,0.0196797680109739,,0.0,0.0,nearly_symmetric,zscore
SE.CLO.5.LDSEV.M.TMS.2011.4,0.0157558023929596,0.0157558023929596,,0.0,0.0,nearly_symmetric,zscore
SE.CLO.5.LDSEV.M.TMS.2011.5,0.0061464570462704,0.0061464570462704,,0.0,0.0,nearly_symmetric,zscore
SE.CLO.5.LDSEV.M.TMS.2011.A,0.022728389129042636,0.0208294112235308,0.0033316196727122497,1.7099592018850307,1.7099592018850307,highly_skewed,mad
SE.CLO.5.LDSEV.M.TMS.2011.F,0.021811566005150468,0.0209468249231577,0.00254210090007925,1.0205036495197464,1.0205036495197464,highly_skewed,mad
SE.CLO.5.LDSEV.M.TMS.2011.M,0.023609721412261298,0.0217670705169439,0.004121105086729448,1.3413762982538342,1.3413762982538342,highly_skewed,mad
SE.CLO.5.LDSEV.M.TMS.2011.R,0.019199397725363564,0.0245694871991873,0.009626073007543248,-1.6736075457610564,1.6736075457610564,highly_skewed,mad
SE.CLO.5.LDSEV.M.TMS.2011.U,0.02119997205833593,0.0202314015477896,0.003925938614091429,0.7401316773546777,0.7401316773546777,moderately_skewed,iqr
SE.CLO.5.LDSEV.M.TMS.2015.1,0.042559816191593804,0.0314800888299942,0.033842781898466345,0.9821645922761777,0.9821645922761777,moderately_skewed,iqr
SE.CLO.5.LDSEV.M.TMS.2015.2,0.0102227842435241,0.0102227842435241,,0.0,0.0,nearly_symmetric,zscore
SE.CLO.5.LDSEV.M.TMS.2015.3,0.04339720960706475,0.0192020665854216,0.03421709940476449,2.121320343559643,2.121320343559643,very_highly_skewed,mad
SE.CLO.5.LDSEV.M.TMS.2015.4,0.0461709499359131,0.0461709499359131,,0.0,0.0,nearly_symmetric,zscore
SE.CLO.5.LDSEV.M.TMS.2015.5,0.0470497719943523,0.0470497719943523,,0.0,0.0,nearly_symmetric,zscore
SE.CLO.5.LDSEV.M.TMS.2015.A,0.037549994265039764,0.0277600195258856,0.031084440817084284,0.9448432542277075,0.9448432542277075,moderately_skewed,iqr
SE.CLO.5.LDSEV.M.TMS.2015.F,0.03343484426538151,0.0256246756762266,0.027188635965415715,0.8617756991291737,0.8617756991291737,moderately_skewed,iqr
SE.CLO.5.LDSEV.M.TMS.2015.M,0.0408680227895578,0.029598830267787,0.03452890902591028,0.9791093468937405,0.9791093468937405,moderately_skewed,iqr
SE.CLO.5.LDSEV.M.TMS.2015.R,0.03872368857264517,0.0293372347950935,0.03589713795719219,0.7844458621251478,0.7844458621251478,moderately_skewed,iqr
SE.CLO.5.LDSEV.M.TMS.2015.U,0.035156499284009164,0.0268305763602257,0.02596254034641817,0.9620695216289328,0.9620695216289328,moderately_skewed,iqr
SE.CLO.5.LDSEV.M.TMS.2019.1,0.04863987242182093,0.0374125204980373,0.026878225775589654,1.2531353837328199,1.2531353837328199,highly_skewed,mad
SE.CLO.5.LDSEV.M.TMS.2019.2,0.04021410892407099,0.0325621291995049,0.026891449207906287,0.8536519916133436,0.8536519916133436,moderately_skewed,iqr
SE.CLO.5.LDSEV.M.TMS.2019.3,0.0139937670901418,0.0139937670901418,,0.0,0.0,nearly_symmetric,zscore
SE.CLO.5.LDSEV.M.TMS.2019.4,0.0369595978409052,0.0217897780239582,0.02145336492388259,2.121320343559643,2.121320343559643,very_highly_skewed,mad
SE.CLO.5.LDSEV.M.TMS.2019.5,0.0303631448186934,0.0125162908807397,0.025239262884745806,2.1213203435596424,2.1213203435596424,very_highly_skewed,mad
SE.CLO.5.LDSEV.M.TMS.2019.A,0.03442823910154402,0.0243129525333643,0.025418958562835468,1.1938278127927404,1.1938278127927404,highly_skewed,mad
SE.CLO.5.LDSEV.M.TMS.2019.F,0.0315040932036936,0.0236475225538015,0.023082768326765236,1.0210955469473062,1.0210955469473062,highly_skewed,mad
SE.CLO.5.LDSEV.M.TMS.2019.M,0.03703693905845287,0.0249020867049694,0.02746968417047618,1.3252630366816247,1.3252630366816247,highly_skewed,mad
SE.CLO.5.LDSEV.M.TMS.2019.R,0.035971673903986826,0.021278029307723,0.028007184559475623,1.573915210762506,1.573915210762506,highly_skewed,mad
SE.CLO.5.LDSEV.M.TMS.2019.U,0.03253064793534575,0.0257434584200382,0.02237140763895486,0.91016036516484,0.91016036516484,moderately_skewed,iqr
SE.CLO.5.LDSEV.R.PRL.2001.1,0.0244245249778032,0.0244245249778032,,0.0,0.0,nearly_symmetric,zscore
SE.CLO.5.LDSEV.R.PRL.2001.2,0.0187773611396551,0.0187773611396551,,0.0,0.0,nearly_symmetric,zscore
SE.CLO.5.LDSEV.R.PRL.2001.3,0.0129511170089245,0.0129511170089245,,0.0,0.0,nearly_symmetric,zscore
SE.CLO.5.LDSEV.R.PRL.2001.4,0.0185812097042799,0.0185812097042799,,0.0,0.0,nearly_symmetric,zscore
SE.CLO.5.LDSEV.R.PRL.2001.5,0.0131349433213472,0.0131349433213472,,0.0,0.0,nearly_symmetric,zscore
SE.CLO.5.LDSEV.R.PRL.2001.A,0.0197173953056335,0.0197173953056335,,0.0,0.0,nearly_symmetric,zscore
SE.CLO.5.LDSEV.R.PRL.2001.F,0.0185455046594143,0.0185455046594143,,0.0,0.0,nearly_symmetric,zscore
SE.CLO.5.LDSEV.R.PRL.2001.M,0.0204634517431259,0.0204634517431259,,0.0,0.0,nearly_symmetric,zscore
SE.CLO.5.LDSEV.R.PRL.2001.R,0.0121206808835268,0.0121206808835268,,0.0,0.0,nearly_symmetric,zscore
SE.CLO.5.LDSEV.R.PRL.2001.U,0.0214500185102224,0.0214500185102224,,0.0,0.0,nearly_symmetric,zscore
SE.CLO.5.LDSEV.R.PRL.2006.1,0.05813355324789882,0.0114639587700367,0.1027577424837448,1.3625132281952796,1.3625132281952796,highly_skewed,mad
SE.CLO.5.LDSEV.R.PRL.2006.2,0.04921604553237561,0.0054198247380555,0.0885511464968687,1.483760149707451,1.483760149707451,highly_skewed,mad
SE.CLO.5.LDSEV.R.PRL.2006.3,0.04638893278315664,0.0073373927734792,0.08166922629271002,1.4345014070433257,1.4345014070433257,highly_skewed,mad
SE.CLO.5.LDSEV.R.PRL.2006.4,0.05187618511263281,0.010471424087882,0.08249257499098013,1.5057631924792532,1.5057631924792532,highly_skewed,mad
SE.CLO.5.LDSEV.R.PRL.2006.5,0.06598456824819247,0.0509295053780079,0.05547562424658702,0.8141447567997826,0.8141447567997826,moderately_skewed,iqr
SE.CLO.5.LDSEV.R.PRL.2006.A,0.049822393897920855,0.0159699060022831,0.08303243609162375,1.2231059145952037,1.2231059145952037,highly_skewed,mad
SE.CLO.5.LDSEV.R.PRL.2006.F,0.04832944283261896,0.0198576301336288,0.07067292174484757,1.2086020499527135,1.2086020499527135,highly_skewed,mad
SE.CLO.5.LDSEV.R.PRL.2006.M,0.05316500514745713,0.0074701705016196,0.09491876884861457,1.444229688188939,1.444229688188939,highly_skewed,mad
SE.CLO.5.LDSEV.R.PRL.2006.R,0.08622302891065677,0.0271135624498129,0.11822358206091559,1.4999410125397976,1.4999410125397976,highly_skewed,mad
SE.CLO.5.LDSEV.R.PRL.2006.U,0.0612552391830832,0.0214929208159447,0.08758090354890297,1.3620201467184985,1.3620201467184985,highly_skewed,mad
SE.CLO.5.LDSEV.R.PRL.2011.1,0.05246183772881827,0.0468217581510544,0.032394052471069266,0.5223254715785514,0.5223254715785514,moderately_skewed,iqr
SE.CLO.5.LDSEV.R.PRL.2011.2,0.046251453148822,0.0415981709957123,0.0333697632572281,0.41833819292395824,0.41833819292395824,nearly_symmetric,zscore
SE.CLO.5.LDSEV.R.PRL.2011.3,0.03913429689904054,0.0357910431921482,0.023357009539331456,0.4294111839868736,0.4294111839868736,nearly_symmetric,zscore
SE.CLO.5.LDSEV.R.PRL.2011.4,0.030742046112815568,0.0285058841109276,0.01006207115931514,0.6667102527349359,0.6667102527349359,moderately_skewed,iqr
SE.CLO.5.LDSEV.R.PRL.2011.5,0.016209103632718335,0.0140657024458051,0.009662114389409683,0.6655068757815197,0.6655068757815197,moderately_skewed,iqr
SE.CLO.5.LDSEV.R.PRL.2011.A,0.03637268114835025,0.0194891579449177,0.02613742499935627,1.9378561435009423,1.9378561435009423,highly_skewed,mad
SE.CLO.5.LDSEV.R.PRL.2011.F,0.033072409452870474,0.017610440030694,0.022238728559335546,2.085816558386706,2.085816558386706,very_highly_skewed,mad
SE.CLO.5.LDSEV.R.PRL.2011.M,0.0388061418198049,0.020657803863287,0.029052082528533973,1.8740485752124534,1.8740485752124534,highly_skewed,mad
SE.CLO.5.LDSEV.R.PRL.2011.R,0.04079728387296197,0.0192599073052406,0.03984749055788332,1.6214855389527514,1.6214855389527514,highly_skewed,mad
SE.CLO.5.LDSEV.R.PRL.2011.U,0.03524197032675148,0.0178923569619656,0.024594956160554328,2.1162404093988245,2.1162404093988245,very_highly_skewed,mad
SE.CLO.5.LDSEV.R.PRL.2016.1,0.04268430708907548,0.0448642559349537,0.02435374836444197,-0.26853552232572386,0.26853552232572386,nearly_symmetric,zscore
SE.CLO.5.LDSEV.R.PRL.2016.2,0.03690390952397138,0.02895138412714,0.025791028574070604,0.9250339172001735,0.9250339172001735,moderately_skewed,iqr
SE.CLO.5.LDSEV.R.PRL.2016.3,0.03540841466747225,0.0301628764718771,0.020523252430879463,0.7667700156096117,0.7667700156096117,moderately_skewed,iqr
SE.CLO.5.LDSEV.R.PRL.2016.4,0.035995125770568875,0.0298030283302069,0.017851807286808054,1.0405832878788273,1.0405832878788273,highly_skewed,mad
SE.CLO.5.LDSEV.R.PRL.2016.5,0.0233124220976606,0.0177759677171707,0.014258634644056856,1.164863505945336,1.164863505945336,highly_skewed,mad
SE.CLO.5.LDSEV.R.PRL.2016.A,0.03689337475225328,0.0342710725963116,0.021406439835593007,0.36750186057302964,0.36750186057302964,nearly_symmetric,zscore
SE.CLO.5.LDSEV.R.PRL.2016.F,0.031615836312994375,0.0320929288864136,0.01747958470780038,-0.08188282182808178,0.08188282182808178,nearly_symmetric,zscore
SE.CLO.5.LDSEV.R.PRL.2016.M,0.04070233134552835,0.0356804057955742,0.02525254328201258,0.5966043293783331,0.5966043293783331,moderately_skewed,iqr
SE.CLO.5.LDSEV.R.PRL.2016.R,0.03894260223023595,0.0344172157347202,0.022230723002491112,0.6106935651632172,0.6106935651632172,moderately_skewed,iqr
SE.CLO.5.LDSEV.R.PRL.2016.U,0.035817966796457774,0.0294103380292654,0.021603112892686054,0.889820203091436,0.889820203091436,moderately_skewed,iqr
SE.CLO.5.LDSEV.R.SPM.2019.1,0.015917324150602017,0.0130052380263805,0.008927963338430382,0.9785275814316308,0.9785275814316308,moderately_skewed,iqr
SE.CLO.5.LDSEV.R.SPM.2019.2,0.013321290723979466,0.0131146581843495,0.008168351824183349,0.07589017126498135,0.07589017126498135,nearly_symmetric,zscore
SE.CLO.5.LDSEV.R.SPM.2019.3,0.011298905126750467,0.0115989986807108,0.006822594148043803,-0.13195576965971623,0.13195576965971623,nearly_symmetric,zscore
SE.CLO.5.LDSEV.R.SPM.2019.4,0.009770757344085716,0.0103264907374978,0.006079060042145416,-0.27425295500912067,0.27425295500912067,nearly_symmetric,zscore
SE.CLO.5.LDSEV.R.SPM.2019.5,0.006717713122876966,0.0065914927981794,0.003418434919034427,0.11077027442712098,0.11077027442712098,nearly_symmetric,zscore
SE.CLO.5.LDSEV.R.SPM.2019.A,0.011850531872672316,0.0113884685561061,0.006493625531817387,0.21346933895504328,0.21346933895504328,nearly_symmetric,zscore
SE.CLO.5.LDSEV.R.SPM.2019.F,0.010765639405387132,0.010728464461863,0.006505589967555055,0.017142923413341487,0.017142923413341487,nearly_symmetric,zscore
SE.CLO.5.LDSEV.R.SPM.2019.M,0.012808706223343817,0.0119726052507758,0.006623225776660842,0.3787131833166396,0.3787131833166396,nearly_symmetric,zscore
SE.CLO.5.LDSEV.R.SPM.2019.R,0.013073787481213616,0.0117234261706471,0.007123268407880893,0.5687113975963051,0.5687113975963051,moderately_skewed,iqr
SE.CLO.5.LDSEV.R.SPM.2019.U,0.010186421723725884,0.0107254525646567,0.0052547079230742776,-0.3077416569038082,0.3077416569038082,nearly_symmetric,zscore
SE.CLO.5.LDSEV.S.TMS.2011.1,0.0703061074018478,0.0703061074018478,,0.0,0.0,nearly_symmetric,zscore
SE.CLO.5.LDSEV.S.TMS.2011.2,0.0537828542292118,0.0537828542292118,,0.0,0.0,nearly_symmetric,zscore
SE.CLO.5.LDSEV.S.TMS.2011.3,0.0465548187494278,0.0465548187494278,,0.0,0.0,nearly_symmetric,zscore
SE.CLO.5.LDSEV.S.TMS.2011.4,0.0343771874904633,0.0343771874904633,,0.0,0.0,nearly_symmetric,zscore
SE.CLO.5.LDSEV.S.TMS.2011.5,0.0225886832922697,0.0225886832922697,,0.0,0.0,nearly_symmetric,zscore
SE.CLO.5.LDSEV.S.TMS.2011.A,0.033242087811231634,0.0264147911220789,0.017634253869685916,1.1614832257046896,1.1614832257046896,highly_skewed,mad
SE.CLO.5.LDSEV.S.TMS.2011.F,0.03233751778801283,0.0265905261039734,0.01733011556025922,0.9948563235005001,0.9948563235005001,moderately_skewed,iqr
SE.CLO.5.LDSEV.S.TMS.2011.M,0.03405038950343927,0.0262439902871847,0.01807712823257202,1.2955153798470131,1.2955153798470131,highly_skewed,mad
SE.CLO.5.LDSEV.S.TMS.2011.R,0.0451942170038819,0.0220347214490175,0.032752472711408645,2.1213203435596424,2.1213203435596424,very_highly_skewed,mad
SE.CLO.5.LDSEV.S.TMS.2011.U,0.031671518459916094,0.0262537524104118,0.017615324350885864,0.9226794707129826,0.9226794707129826,moderately_skewed,iqr
SE.CLO.5.LDSEV.S.TMS.2015.1,0.01810651086270805,0.0093426518142223,0.012393968325094713,2.1213203435596433,2.1213203435596433,very_highly_skewed,mad
SE.CLO.5.LDSEV.S.TMS.2015.2,0.0065850331448019,0.0065850331448019,,0.0,0.0,nearly_symmetric,zscore
SE.CLO.5.LDSEV.S.TMS.2015.3,0.0194510724395514,0.0194510724395514,,0.0,0.0,nearly_symmetric,zscore
SE.CLO.5.LDSEV.S.TMS.2015.A,0.0163032505661249,0.0077955089509487,0.012031763577348165,2.121320343559642,2.121320343559642,very_highly_skewed,mad
SE.CLO.5.LDSEV.S.TMS.2015.F,0.014927333453670099,0.0066794441081583,0.01166427697337534,2.121320343559642,2.121320343559642,very_highly_skewed,mad
SE.CLO.5.LDSEV.S.TMS.2015.M,0.01741721434518695,0.0087080048397183,0.012316682200182442,2.121320343559642,2.121320343559642,very_highly_skewed,mad
SE.CLO.5.LDSEV.S.TMS.2015.R,0.01612228574231265,0.0059030009433627,0.014452251160428227,2.1213203435596424,2.1213203435596424,very_highly_skewed,mad
SE.CLO.5.LDSEV.S.TMS.2015.U,0.016168959438800798,0.0085042361170053,0.010839555673520556,2.1213203435596424,2.1213203435596424,very_highly_skewed,mad
SE.CLO.5.LDSEV.S.TMS.2019.1,0.08894776180386543,0.0422797873616219,0.09815759078230475,1.4263178447119107,1.4263178447119107,highly_skewed,mad
SE.CLO.5.LDSEV.S.TMS.2019.2,0.07233195068935554,0.0349243953824043,0.08276100929492787,1.355984743019941,1.355984743019941,highly_skewed,mad
SE.CLO.5.LDSEV.S.TMS.2019.3,0.0122527284547687,0.0122527284547687,,0.0,0.0,nearly_symmetric,zscore
SE.CLO.5.LDSEV.S.TMS.2019.4,0.06492150761187075,0.0106820277869701,0.07670620798443638,2.1213203435596424,2.1213203435596424,very_highly_skewed,mad
SE.CLO.5.LDSEV.S.TMS.2019.5,0.06586395017802715,0.0183195732533932,0.06723790266139576,2.1213203435596424,2.1213203435596424,very_highly_skewed,mad
SE.CLO.5.LDSEV.S.TMS.2019.A,0.058943483047187356,0.0194498430937529,0.07416262662746577,1.59758257289696,1.59758257289696,highly_skewed,mad
SE.CLO.5.LDSEV.S.TMS.2019.F,0.05557655566371977,0.0183168929070234,0.06897091611684089,1.6206684580023378,1.6206684580023378,highly_skewed,mad
SE.CLO.5.LDSEV.S.TMS.2019.M,0.06204333365894855,0.0203328486531973,0.07890020339865454,1.585945911761586,1.585945911761586,highly_skewed,mad
SE.CLO.5.LDSEV.S.TMS.2019.R,0.06519563682377338,0.0197952315211296,0.08267064535788646,1.6475160598820497,1.6475160598820497,highly_skewed,mad
SE.CLO.5.LDSEV.S.TMS.2019.U,0.0526669598184526,0.0193093102425337,0.06345483629421722,1.5770736254641724,1.5770736254641724,highly_skewed,mad
SE.CLO.5.PRF.M.SPM.2019.1,0.23293727915734053,0.0596827566623688,0.31399988224594955,1.6552986063790789,1.6552986063790789,highly_skewed,mad
SE.CLO.5.PRF.M.SPM.2019.2,0.2882414301857352,0.0751898065209389,0.3623045037170171,1.764137250398658,1.764137250398658,highly_skewed,mad
SE.CLO.5.PRF.M.SPM.2019.3,0.3331199505676826,0.1177022680640221,0.3729250482514174,1.73293011703331,1.73293011703331,highly_skewed,mad
SE.CLO.5.PRF.M.SPM.2019.4,0.3804826686779658,0.1929999142885208,0.3687160034223768,1.5254240606530745,1.5254240606530745,highly_skewed,mad
SE.CLO.5.PRF.M.SPM.2019.5,0.5326712926228842,0.40383180975914,0.30979277983486575,1.2476677112916095,1.2476677112916095,highly_skewed,mad
SE.CLO.5.PRF.M.SPM.2019.A,0.3529313951730728,0.1690767705440521,0.3432977390933017,1.6066632869293607,1.6066632869293607,highly_skewed,mad
SE.CLO.5.PRF.M.SPM.2019.F,0.36356988673408824,0.1763331890106201,0.3469525645600107,1.6189823928315368,1.6189823928315368,highly_skewed,mad
SE.CLO.5.PRF.M.SPM.2019.M,0.3421163856983185,0.1620424091815948,0.33998167506634475,1.5889736687859752,1.5889736687859752,highly_skewed,mad
SE.CLO.5.PRF.M.SPM.2019.R,0.3029728811234236,0.1072852537035942,0.3440763859418338,1.7061992808734372,1.7061992808734372,highly_skewed,mad
SE.CLO.5.PRF.M.SPM.2019.U,0.4001753404736519,0.2116715759038925,0.3306565844691124,1.710267752923288,1.710267752923288,highly_skewed,mad
SE.CLO.5.PRF.M.TMS.2011.1,0.7464308142662048,0.7464308142662048,,0.0,0.0,nearly_symmetric,zscore
SE.CLO.5.PRF.M.TMS.2011.2,0.8449129462242126,0.8449129462242126,,0.0,0.0,nearly_symmetric,zscore
SE.CLO.5.PRF.M.TMS.2011.3,0.90553218126297,0.90553218126297,,0.0,0.0,nearly_symmetric,zscore
SE.CLO.5.PRF.M.TMS.2011.4,0.9351833462715148,0.9351833462715148,,0.0,0.0,nearly_symmetric,zscore
SE.CLO.5.PRF.M.TMS.2011.5,0.975131332874298,0.975131332874298,,0.0,0.0,nearly_symmetric,zscore
SE.CLO.5.PRF.M.TMS.2011.A,0.8873229026794434,0.8812623023986816,0.043432311876875025,0.41862383227096467,0.41862383227096467,nearly_symmetric,zscore
SE.CLO.5.PRF.M.TMS.2011.F,0.8908580342928568,0.8776358962059021,0.04505796743779608,0.8803418466584153,0.8803418466584153,moderately_skewed,iqr
SE.CLO.5.PRF.M.TMS.2011.M,0.8839592337608337,0.8847114443778992,0.04275782469679137,-0.05277704998321936,0.05277704998321936,nearly_symmetric,zscore
SE.CLO.5.PRF.M.TMS.2011.R,0.9113353490829468,0.9159035682678224,0.056196584517360544,-0.2438699375118266,0.2438699375118266,nearly_symmetric,zscore
SE.CLO.5.PRF.M.TMS.2011.U,0.884547750155131,0.8740543723106384,0.040644894338767626,0.7745163087667696,0.7745163087667696,moderately_skewed,iqr
SE.CLO.5.PRF.M.TMS.2015.1,0.65700663626194,0.7630617022514343,0.3693873458138689,-0.8613321532914765,0.8613321532914765,moderately_skewed,iqr
SE.CLO.5.PRF.M.TMS.2015.2,0.9848136901855468,0.9848136901855468,,0.0,0.0,nearly_symmetric,zscore
SE.CLO.5.PRF.M.TMS.2015.3,0.6469258069992065,0.3856725692749023,0.36946787200359343,2.1213203435596424,2.1213203435596424,very_highly_skewed,mad
SE.CLO.5.PRF.M.TMS.2015.4,0.6293588876724243,0.6293588876724243,,0.0,0.0,nearly_symmetric,zscore
SE.CLO.5.PRF.M.TMS.2015.5,0.7874497175216675,0.7874497175216675,,0.0,0.0,nearly_symmetric,zscore
SE.CLO.5.PRF.M.TMS.2015.A,0.7350430389245352,0.839770495891571,0.30978735857961887,-1.0141871906640736,1.0141871906640736,highly_skewed,mad
SE.CLO.5.PRF.M.TMS.2015.F,0.7498656411965688,0.8501494526863098,0.2964114894101962,-1.0149789910905997,1.0149789910905997,highly_skewed,mad
SE.CLO.5.PRF.M.TMS.2015.M,0.721150149901708,0.8296887874603271,0.3219180377910286,-1.0114870074078586,1.0114870074078586,highly_skewed,mad
SE.CLO.5.PRF.M.TMS.2015.R,0.7120809853076935,0.8649414777755737,0.3680985560882869,-1.2458116714091427,1.2458116714091427,highly_skewed,mad
SE.CLO.5.PRF.M.TMS.2015.U,0.7610691984494528,0.8300190567970276,0.2586209834745768,-0.799817448157908,0.799817448157908,moderately_skewed,iqr
SE.CLO.5.PRF.M.TMS.2019.1,0.5653770764668783,0.7264671325683594,0.29740193285952005,-1.6249731925337534,1.6249731925337534,highly_skewed,mad
SE.CLO.5.PRF.M.TMS.2019.2,0.6805699268976847,0.8453647494316101,0.3189911849458405,-1.549837396559139,1.549837396559139,highly_skewed,mad
SE.CLO.5.PRF.M.TMS.2019.3,0.9515984654426576,0.9515984654426576,,0.0,0.0,nearly_symmetric,zscore
SE.CLO.5.PRF.M.TMS.2019.4,0.7777702808380127,0.584197461605072,0.2737533062660202,2.121320343559643,2.121320343559643,very_highly_skewed,mad
SE.CLO.5.PRF.M.TMS.2019.5,0.8638336360454559,0.7376622557640076,0.17843327717735766,2.1213203435596415,2.1213203435596415,very_highly_skewed,mad
SE.CLO.5.PRF.M.TMS.2019.A,0.7603869587182999,0.827489972114563,0.264225803403799,-0.7618825928258868,0.7618825928258868,moderately_skewed,iqr
SE.CLO.5.PRF.M.TMS.2019.F,0.7749754786491394,0.8326348662376404,0.2464625516657096,-0.7018435928559342,0.7018435928559342,moderately_skewed,iqr
SE.CLO.5.PRF.M.TMS.2019.M,0.7457700148224831,0.8227903842926025,0.28171588069141135,-0.8201919886208345,0.8201919886208345,moderately_skewed,iqr
SE.CLO.5.PRF.M.TMS.2019.R,0.6940267905592918,0.7259536385536194,0.29372649926445416,-0.3260875141426972,0.3260875141426972,nearly_symmetric,zscore
SE.CLO.5.PRF.M.TMS.2019.U,0.7897736057639122,0.825371503829956,0.23412584890734073,-0.4561379903010922,0.4561379903010922,nearly_symmetric,zscore
SE.CLO.5.PRF.R.PRL.2001.1,0.8820316195487976,0.8820316195487976,,0.0,0.0,nearly_symmetric,zscore
SE.CLO.5.PRF.R.PRL.2001.2,0.9447500109672546,0.9447500109672546,,0.0,0.0,nearly_symmetric,zscore
SE.CLO.5.PRF.R.PRL.2001.3,0.958785355091095,0.958785355091095,,0.0,0.0,nearly_symmetric,zscore
SE.CLO.5.PRF.R.PRL.2001.4,0.9554038643836976,0.9554038643836976,,0.0,0.0,nearly_symmetric,zscore
SE.CLO.5.PRF.R.PRL.2001.5,0.9737588167190552,0.9737588167190552,,0.0,0.0,nearly_symmetric,zscore
SE.CLO.5.PRF.R.PRL.2001.A,0.9428886771202089,0.9428886771202089,,0.0,0.0,nearly_symmetric,zscore
SE.CLO.5.PRF.R.PRL.2001.F,0.9576313495635986,0.9576313495635986,,0.0,0.0,nearly_symmetric,zscore
SE.CLO.5.PRF.R.PRL.2001.M,0.9271373152732848,0.9271373152732848,,0.0,0.0,nearly_symmetric,zscore
SE.CLO.5.PRF.R.PRL.2001.R,0.9745659232139589,0.9745659232139589,,0.0,0.0,nearly_symmetric,zscore
SE.CLO.5.PRF.R.PRL.2001.U,0.9343273043632508,0.9343273043632508,,0.0,0.0,nearly_symmetric,zscore
SE.CLO.5.PRF.R.PRL.2006.1,0.7537029936909676,0.9297555685043336,0.38621939468073213,-1.367506996578199,1.367506996578199,highly_skewed,mad
SE.CLO.5.PRF.R.PRL.2006.2,0.790011827647686,0.9788091778755188,0.39178624104464976,-1.4456660069870853,1.4456660069870853,highly_skewed,mad
SE.CLO.5.PRF.R.PRL.2006.3,0.8005996197462082,0.9814184904098512,0.3849790012303149,-1.4090550660096979,1.4090550660096979,highly_skewed,mad
SE.CLO.5.PRF.R.PRL.2006.4,0.8271542221307755,0.988231599330902,0.35247346492889553,-1.3709744978898253,1.3709744978898253,highly_skewed,mad
SE.CLO.5.PRF.R.PRL.2006.5,0.9178930997848511,0.9804316759109496,0.15669932091889244,-1.1972976479930333,1.1972976479930333,highly_skewed,mad
SE.CLO.5.PRF.R.PRL.2006.A,0.8178045749664307,0.9755166172981262,0.3341303194622281,-1.4160227295642727,1.4160227295642727,highly_skewed,mad
SE.CLO.5.PRF.R.PRL.2006.F,0.8328185975551605,0.9818786382675172,0.3252356989156659,-1.3749416919113313,1.3749416919113313,highly_skewed,mad
SE.CLO.5.PRF.R.PRL.2006.M,0.8026211142539978,0.9694092869758606,0.3444081851279641,-1.4528241190890365,1.4528241190890365,highly_skewed,mad
SE.CLO.5.PRF.R.PRL.2006.R,0.739392451941967,0.9181333184242249,0.42869336220317317,-1.2508301894178582,1.2508301894178582,highly_skewed,mad
SE.CLO.5.PRF.R.PRL.2006.U,0.7834015153348446,0.9247249960899352,0.36396954464504044,-1.1648514237056482,1.1648514237056482,highly_skewed,mad
SE.CLO.5.PRF.R.PRL.2011.1,0.5823307633399963,0.5853847861289978,0.24978434635788363,-0.0366799140962871,0.0366799140962871,nearly_symmetric,zscore
SE.CLO.5.PRF.R.PRL.2011.2,0.6538906991481781,0.6977256536483765,0.26986906333692817,-0.48729136224263286,0.48729136224263286,nearly_symmetric,zscore
SE.CLO.5.PRF.R.PRL.2011.3,0.7440497875213623,0.7863414287567139,0.1961472670418529,-0.646835031756944,0.646835031756944,moderately_skewed,iqr
SE.CLO.5.PRF.R.PRL.2011.4,0.8395662903785706,0.8727701306343079,0.13614878942199168,-0.7316372124210895,0.7316372124210895,moderately_skewed,iqr
SE.CLO.5.PRF.R.PRL.2011.5,0.9568692445755005,0.9680630564689636,0.03356951998819058,-1.000354955692039,1.000354955692039,highly_skewed,mad
SE.CLO.5.PRF.R.PRL.2011.A,0.8048933893442154,0.7820119857788086,0.17494808911606044,0.39236902239430504,0.39236902239430504,nearly_symmetric,zscore
SE.CLO.5.PRF.R.PRL.2011.F,0.8347240537405014,0.8149852156639099,0.15802119051138264,0.37473780597488265,0.37473780597488265,nearly_symmetric,zscore
SE.CLO.5.PRF.R.PRL.2011.M,0.776393860578537,0.7507743835449219,0.1909666360034309,0.4024704666183914,0.4024704666183914,nearly_symmetric,zscore
SE.CLO.5.PRF.R.PRL.2011.R,0.7864658758044243,0.8564799427986145,0.2746782837434238,-0.7646844086836165,0.7646844086836165,moderately_skewed,iqr
SE.CLO.5.PRF.R.PRL.2011.U,0.8115440011024475,0.7664009928703308,0.16185877358827855,0.8367110518262173,0.8367110518262173,moderately_skewed,iqr
SE.CLO.5.PRF.R.PRL.2016.1,0.6966232135891914,0.6525702476501465,0.27106988200333326,0.4875454876816958,0.4875454876816958,nearly_symmetric,zscore
SE.CLO.5.PRF.R.PRL.2016.2,0.7460865825414658,0.7277342677116394,0.25067844359942115,0.2196317469461351,0.2196317469461351,nearly_symmetric,zscore
SE.CLO.5.PRF.R.PRL.2016.3,0.7673598602414131,0.7217599153518677,0.23198105904196265,0.5897026043143068,0.5897026043143068,moderately_skewed,iqr
SE.CLO.5.PRF.R.PRL.2016.4,0.8024076819419861,0.756263256072998,0.20849950625560643,0.6639501459406536,0.6639501459406536,moderately_skewed,iqr
SE.CLO.5.PRF.R.PRL.2016.5,0.8979071080684662,0.8198815584182739,0.10212376862774432,2.2920878468931116,2.2920878468931116,very_highly_skewed,mad
SE.CLO.5.PRF.R.PRL.2016.A,0.7820608615875244,0.7316581606864929,0.2094625898990715,0.7218859595689777,0.7218859595689777,moderately_skewed,iqr
SE.CLO.5.PRF.R.PRL.2016.F,0.8157467991113663,0.7770024538040161,0.18669891742422814,0.6225694156433644,0.6225694156433644,moderately_skewed,iqr
SE.CLO.5.PRF.R.PRL.2016.M,0.7488145977258682,0.6896138787269592,0.2325700555663596,0.7636501464654442,0.7636501464654442,moderately_skewed,iqr
SE.CLO.5.PRF.R.PRL.2016.R,0.7557835057377815,0.7082571983337402,0.23145829193667203,0.6160026543837716,0.6160026543837716,moderately_skewed,iqr
SE.CLO.5.PRF.R.PRL.2016.U,0.8012285828590393,0.7383759021759033,0.18943332229231868,0.9953794811159989,0.9953794811159989,moderately_skewed,iqr
SE.CLO.5.PRF.R.SPM.2019.1,0.18403391016181558,0.0474609844386578,0.25654577700492437,1.5970591367855913,1.5970591367855913,highly_skewed,mad
SE.CLO.5.PRF.R.SPM.2019.2,0.23723925168936452,0.0470309779047966,0.3310189411399783,1.7238434132758675,1.7238434132758675,highly_skewed,mad
SE.CLO.5.PRF.R.SPM.2019.3,0.273615927901119,0.073390856385231,0.35519427174208074,1.6911174034468544,1.6911174034468544,highly_skewed,mad
SE.CLO.5.PRF.R.SPM.2019.4,0.3160285707563162,0.107745997607708,0.3708755804428377,1.6847906748126573,1.6847906748126573,highly_skewed,mad
SE.CLO.5.PRF.R.SPM.2019.5,0.44006991262237233,0.2728816568851471,0.3350112061183681,1.4971581787459967,1.4971581787459967,highly_skewed,mad
SE.CLO.5.PRF.R.SPM.2019.A,0.28992866910994053,0.1074121072888374,0.32829768813059024,1.667845084688824,1.667845084688824,highly_skewed,mad
SE.CLO.5.PRF.R.SPM.2019.F,0.31631341700752574,0.1209324672818184,0.3431665770244801,1.708041774520801,1.708041774520801,highly_skewed,mad
SE.CLO.5.PRF.R.SPM.2019.M,0.2635003871594866,0.0832564830780029,0.3149035702921869,1.7171342698424374,1.7171342698424374,highly_skewed,mad
SE.CLO.5.PRF.R.SPM.2019.R,0.250120824513336,0.056415181607008,0.3214852443740929,1.807600625186932,1.807600625186932,highly_skewed,mad
SE.CLO.5.PRF.R.SPM.2019.U,0.32824859768152237,0.159552738070488,0.3308769652573467,1.5295340322028235,1.5295340322028235,highly_skewed,mad
SE.CLO.5.PRF.S.TMS.2011.1,0.4866476058959961,0.4866476058959961,,0.0,0.0,nearly_symmetric,zscore
SE.CLO.5.PRF.S.TMS.2011.2,0.6207982301712036,0.6207982301712036,,0.0,0.0,nearly_symmetric,zscore
SE.CLO.5.PRF.S.TMS.2011.3,0.7158883213996887,0.7158883213996887,,0.0,0.0,nearly_symmetric,zscore
SE.CLO.5.PRF.S.TMS.2011.4,0.775135338306427,0.775135338306427,,0.0,0.0,nearly_symmetric,zscore
SE.CLO.5.PRF.S.TMS.2011.5,0.9081435799598694,0.9081435799598694,,0.0,0.0,nearly_symmetric,zscore
SE.CLO.5.PRF.S.TMS.2011.A,0.8318126002947489,0.8624967336654663,0.11845576989895347,-0.7771035568016301,0.7771035568016301,moderately_skewed,iqr
SE.CLO.5.PRF.S.TMS.2011.F,0.8373195926348368,0.8704403042793274,0.12585189468991512,-0.7895164008320168,0.7895164008320168,moderately_skewed,iqr
SE.CLO.5.PRF.S.TMS.2011.M,0.8265812794367472,0.854842483997345,0.11146052515479767,-0.7606604541297904,0.7606604541297904,moderately_skewed,iqr
SE.CLO.5.PRF.S.TMS.2011.R,0.8887098431587219,0.8849151730537415,0.08823824247377747,0.129014472589076,0.129014472589076,nearly_symmetric,zscore
SE.CLO.5.PRF.S.TMS.2011.U,0.8226136565208435,0.8617385625839233,0.12701884507478772,-0.9240732595240507,0.9240732595240507,moderately_skewed,iqr
SE.CLO.5.PRF.S.TMS.2015.1,0.8891280591487885,0.817726194858551,0.10097748485797703,2.121320343559641,2.121320343559641,very_highly_skewed,mad
SE.CLO.5.PRF.S.TMS.2015.2,0.982616662979126,0.982616662979126,,0.0,0.0,nearly_symmetric,zscore
SE.CLO.5.PRF.S.TMS.2015.3,0.9380261301994324,0.9380261301994324,,0.0,0.0,nearly_symmetric,zscore
SE.CLO.5.PRF.S.TMS.2015.A,0.9291296005249023,0.881316602230072,0.06761779064627078,2.12132034355964,2.12132034355964,very_highly_skewed,mad
SE.CLO.5.PRF.S.TMS.2015.F,0.9378237724304199,0.8954747915267944,0.05989050314658637,2.121320343559643,2.121320343559643,very_highly_skewed,mad
SE.CLO.5.PRF.S.TMS.2015.M,0.9206805527210236,0.8675638437271118,0.07511837024781487,2.1213203435596446,2.1213203435596446,very_highly_skewed,mad
SE.CLO.5.PRF.S.TMS.2015.R,0.9440695345401764,0.9080461859703064,0.05094470810960358,2.121320343559643,2.121320343559643,very_highly_skewed,mad
SE.CLO.5.PRF.S.TMS.2015.U,0.9228751063346863,0.8708342909812927,0.07359682686972316,2.1213203435596424,2.1213203435596424,very_highly_skewed,mad
SE.CLO.5.PRF.S.TMS.2019.1,0.5757660120725632,0.7786303758621216,0.38221475547714634,-1.5922804722934478,1.5922804722934478,highly_skewed,mad
SE.CLO.5.PRF.S.TMS.2019.2,0.6727608988682429,0.883970320224762,0.4005446060787773,-1.5819168563336943,1.5819168563336943,highly_skewed,mad
SE.CLO.5.PRF.S.TMS.2019.3,0.9695351719856262,0.9695351719856262,,0.0,0.0,nearly_symmetric,zscore
SE.CLO.5.PRF.S.TMS.2019.4,0.7350880056619644,0.4922411739826202,0.34343728294026477,2.121320343559643,2.121320343559643,very_highly_skewed,mad
SE.CLO.5.PRF.S.TMS.2019.5,0.834377646446228,0.6747214198112488,0.22578800102450014,2.1213203435596433,2.1213203435596433,very_highly_skewed,mad
SE.CLO.5.PRF.S.TMS.2019.A,0.7577051073312759,0.8843822479248047,0.32092904180797577,-1.1841602730611513,1.1841602730611513,highly_skewed,mad
SE.CLO.5.PRF.S.TMS.2019.F,0.7711840197443962,0.8970421552658081,0.3104155092813036,-1.2163516167037631,1.2163516167037631,highly_skewed,mad
SE.CLO.5.PRF.S.TMS.2019.M,0.7444940581917763,0.8728180527687073,0.3314176870730472,-1.1615915466996243,1.1615915466996243,highly_skewed,mad
SE.CLO.5.PRF.S.TMS.2019.R,0.6941456906497478,0.7477347254753113,0.35374876296474245,-0.45446690224246433,0.45446690224246433,nearly_symmetric,zscore
SE.CLO.5.PRF.S.TMS.2019.U,0.7856770381331444,0.8797805905342102,0.2904133343627061,-0.972099500261276,0.972099500261276,moderately_skewed,iqr
SE.CLO.6.LDGAP.M.PSC.2014.1,0.2391915313899517,0.2320749014616013,0.07303356739685651,0.2923298223820583,0.2923298223820583,nearly_symmetric,zscore
SE.CLO.6.LDGAP.M.PSC.2014.2,0.23130464628338815,0.2437783181667328,0.06713296021018858,-0.5574164394489882,0.5574164394489882,moderately_skewed,iqr
SE.CLO.6.LDGAP.M.PSC.2014.3,0.21714461743831634,0.2089117616415024,0.06327056003301063,0.39036429229574743,0.39036429229574743,nearly_symmetric,zscore
SE.CLO.6.LDGAP.M.PSC.2014.4,0.20274252742528914,0.2045970857143402,0.06433828463010814,-0.08647533733825395,0.08647533733825395,nearly_symmetric,zscore
SE.CLO.6.LDGAP.M.PSC.2014.5,0.18395881578326226,0.1726415902376175,0.05646047348656718,0.6013353154930932,0.6013353154930932,moderately_skewed,iqr
SE.CLO.6.LDGAP.M.PSC.2014.A,0.2173957459628582,0.2167939245700836,0.06360385991111958,0.028386078782747286,0.028386078782747286,nearly_symmetric,zscore
SE.CLO.6.LDGAP.M.PSC.2014.F,0.22140887156128883,0.2127357572317123,0.06949589508862179,0.3744011492412529,0.3744011492412529,nearly_symmetric,zscore
SE.CLO.6.LDGAP.M.PSC.2014.M,0.2139783412218094,0.2151050716638565,0.06067411365118892,-0.05571060082680096,0.05571060082680096,nearly_symmetric,zscore
SE.CLO.6.LDGAP.M.PSC.2014.R,0.23857488483190536,0.2517576813697815,0.06770816907983838,-0.5841007097237371,0.5841007097237371,moderately_skewed,iqr
SE.CLO.6.LDGAP.M.PSC.2014.U,0.18407289311289787,0.1644138693809509,0.054810166891098244,1.0760242951462244,1.0760242951462244,highly_skewed,mad
SE.CLO.6.LDGAP.M.PSC.2019.1,0.24206919968128204,0.2648852169513702,0.05730282346762134,-1.1944970189634831,1.1944970189634831,highly_skewed,mad
SE.CLO.6.LDGAP.M.PSC.2019.2,0.22956681145089014,0.2522385120391846,0.055621541743784704,-1.2228194262968923,1.2228194262968923,highly_skewed,mad
SE.CLO.6.LDGAP.M.PSC.2019.3,0.21720015896218164,0.2317312806844711,0.05292850926652612,-0.8236272997478578,0.8236272997478578,moderately_skewed,iqr
SE.CLO.6.LDGAP.M.PSC.2019.4,0.20012404131037848,0.1975662857294083,0.050615192354617214,0.1516000707682894,0.1516000707682894,nearly_symmetric,zscore
SE.CLO.6.LDGAP.M.PSC.2019.5,0.18174301726477488,0.1789278537034988,0.04660640866463055,0.18120878492483897,0.18120878492483897,nearly_symmetric,zscore
SE.CLO.6.LDGAP.M.PSC.2019.A,0.2166744385446821,0.2283883094787598,0.050719003142791555,-0.6928687597289179,0.6928687597289179,moderately_skewed,iqr
SE.CLO.6.LDGAP.M.PSC.2019.F,0.21944412482636316,0.2307002693414688,0.05142052332663751,-0.6567111993553709,0.6567111993553709,moderately_skewed,iqr
SE.CLO.6.LDGAP.M.PSC.2019.M,0.21406700568539755,0.2264336943626404,0.05123841173299496,-0.7240674481687339,0.7240674481687339,moderately_skewed,iqr
SE.CLO.6.LDGAP.M.PSC.2019.R,0.23892041721514293,0.2561809420585632,0.05554815028816547,-0.9321925979827417,0.9321925979827417,moderately_skewed,iqr
SE.CLO.6.LDGAP.M.PSC.2019.U,0.1871885774391038,0.1897563189268112,0.043318682137608415,-0.17782684243836622,0.17782684243836622,nearly_symmetric,zscore
SE.CLO.6.LDGAP.M.TMS.2011.1,0.19306471943855286,0.1845543831586838,0.012035432987346604,2.121320343559643,2.121320343559643,very_highly_skewed,mad
SE.CLO.6.LDGAP.M.TMS.2011.2,0.1808789297938347,0.1804028302431107,6.733064416736009E-4,2.121320343559581,2.121320343559581,very_highly_skewed,mad
SE.CLO.6.LDGAP.M.TMS.2011.3,0.1642816737294197,0.1615094989538193,0.0039204471649226845,2.121320343559643,2.121320343559643,very_highly_skewed,mad
SE.CLO.6.LDGAP.M.TMS.2011.4,0.16635716706514359,0.1650151312351227,0.0018979252720061773,2.1213203435596206,2.1213203435596206,very_highly_skewed,mad
SE.CLO.6.LDGAP.M.TMS.2011.5,0.1292994245886803,0.118332251906395,0.015509924348175589,2.121320343559641,2.121320343559641,very_highly_skewed,mad
SE.CLO.6.LDGAP.M.TMS.2011.A,0.20024383564790085,0.1736064106225967,0.04637726053024779,1.7230917514800752,1.7230917514800752,highly_skewed,mad
SE.CLO.6.LDGAP.M.TMS.2011.F,0.19221560657024386,0.1782466918230057,0.04222880473344538,0.992373440504324,0.992373440504324,moderately_skewed,iqr
SE.CLO.6.LDGAP.M.TMS.2011.M,0.2059592753648758,0.1858388930559158,0.050879555476905945,1.1863536613301915,1.1863536613301915,highly_skewed,mad
SE.CLO.6.LDGAP.M.TMS.2011.R,0.21995835006237033,0.1897985190153122,0.05703449518280695,1.586399473707439,1.586399473707439,highly_skewed,mad
SE.CLO.6.LDGAP.M.TMS.2011.U,0.18412251273790994,0.1639219224452972,0.04321179988451977,1.4024357013545323,1.4024357013545323,highly_skewed,mad
SE.CLO.6.LDGAP.R.LLC.2006.1,0.18684634353433335,0.1602121889591217,0.047891887730013065,1.6683924462547626,1.6683924462547626,highly_skewed,mad
SE.CLO.6.LDGAP.R.LLC.2006.2,0.16099441636885917,0.1410612165927887,0.035629451299683326,1.6783755333538608,1.6783755333538608,highly_skewed,mad
SE.CLO.6.LDGAP.R.LLC.2006.3,0.14910480859024183,0.1402088105678558,0.030652074649053805,0.8706749664653418,0.8706749664653418,moderately_skewed,iqr
SE.CLO.6.LDGAP.R.LLC.2006.4,0.1373134596007211,0.1323945075273514,0.029316017990047075,0.50337178211308,0.50337178211308,moderately_skewed,iqr
SE.CLO.6.LDGAP.R.LLC.2006.5,0.12764430525047438,0.1196337714791298,0.02132851314834904,1.126735893256296,1.126735893256296,highly_skewed,mad
SE.CLO.6.LDGAP.R.LLC.2006.A,0.15342621107896168,0.1468299627304077,0.03185889782172703,0.6211371515861577,0.6211371515861577,moderately_skewed,iqr
SE.CLO.6.LDGAP.R.LLC.2006.F,0.1485212504863739,0.1460586041212082,0.030955701821344925,0.23866165716853277,0.23866165716853277,nearly_symmetric,zscore
SE.CLO.6.LDGAP.R.LLC.2006.M,0.15659601440032322,0.1477732807397842,0.03344049065769812,0.7915015737223927,0.7915015737223927,moderately_skewed,iqr
SE.CLO.6.LDGAP.R.LLC.2006.R,0.1742544189095497,0.1650645583868027,0.0375471082181022,0.7342664422542449,0.7342664422542449,moderately_skewed,iqr
SE.CLO.6.LDGAP.R.LLC.2006.U,0.13963160663843155,0.1341839730739594,0.026260426684809865,0.6223394954534326,0.6223394954534326,moderately_skewed,iqr
SE.CLO.6.LDGAP.R.LLC.2013.1,0.1584506129225095,0.1578966826200485,0.032333033713911837,0.05139607133951097,0.05139607133951097,nearly_symmetric,zscore
SE.CLO.6.LDGAP.R.LLC.2013.2,0.13664956440528234,0.1354911923408508,0.020804616706099247,0.16703581913507737,0.16703581913507737,nearly_symmetric,zscore
SE.CLO.6.LDGAP.R.LLC.2013.3,0.12987450659275054,0.1328531503677368,0.018292145947267368,-0.4885119193078414,0.4885119193078414,nearly_symmetric,zscore
SE.CLO.6.LDGAP.R.LLC.2013.4,0.11451556980609894,0.1180442199110985,0.01944803906706862,-0.5443196755463061,0.5443196755463061,moderately_skewed,iqr
SE.CLO.6.LDGAP.R.LLC.2013.5,0.10624761482079824,0.107581652700901,0.01724027079348122,-0.23213751618226017,0.23213751618226017,nearly_symmetric,zscore
SE.CLO.6.LDGAP.R.LLC.2013.A,0.13382562498251596,0.1357127279043198,0.019057734980349735,-0.2970609451358629,0.2970609451358629,nearly_symmetric,zscore
SE.CLO.6.LDGAP.R.LLC.2013.F,0.1297269562880198,0.1331398189067841,0.018688022744288334,-0.5478689744971637,0.5478689744971637,moderately_skewed,iqr
SE.CLO.6.LDGAP.R.LLC.2013.M,0.13731007725000383,0.1383360624313354,0.02015700873332699,-0.15269902318917514,0.15269902318917514,nearly_symmetric,zscore
SE.CLO.6.LDGAP.R.LLC.2013.R,0.1475020224849383,0.1432894617319107,0.029643458293336936,0.42632280397336036,0.42632280397336036,nearly_symmetric,zscore
SE.CLO.6.LDGAP.R.LLC.2013.U,0.12311232537031173,0.1228697001934052,0.013770735379617144,0.05285669288199035,0.05285669288199035,nearly_symmetric,zscore
SE.CLO.6.LDGAP.R.PRL.2011.1,0.18048369884490967,0.171720877289772,0.05139952409773584,0.5114534643438653,0.5114534643438653,moderately_skewed,iqr
SE.CLO.6.LDGAP.R.PRL.2011.2,0.17196803539991376,0.1593348383903503,0.04011705812671209,0.9447250820083151,0.9447250820083151,moderately_skewed,iqr
SE.CLO.6.LDGAP.R.PRL.2011.3,0.16726616397500038,0.1558095663785934,0.0325439303481261,1.0561045461185363,1.0561045461185363,highly_skewed,mad
SE.CLO.6.LDGAP.R.PRL.2011.4,0.1514215562492609,0.1441724300384521,0.036381202429714675,0.5977641523652352,0.5977641523652352,moderately_skewed,iqr
SE.CLO.6.LDGAP.R.PRL.2011.5,0.13642210699617863,0.1341740041971207,0.03956303246992681,0.1704699558179817,0.1704699558179817,nearly_symmetric,zscore
SE.CLO.6.LDGAP.R.PRL.2011.A,0.1664750911295414,0.1582429111003876,0.03892345035427219,0.6344900018543892,0.6344900018543892,moderately_skewed,iqr
SE.CLO.6.LDGAP.R.PRL.2011.F,0.15094517543911934,0.1354593485593796,0.035655579796658406,1.3029512043882998,1.3029512043882998,highly_skewed,mad
SE.CLO.6.LDGAP.R.PRL.2011.M,0.17706501856446266,0.1737060993909836,0.043036952549909815,0.23414198551236112,0.23414198551236112,nearly_symmetric,zscore
SE.CLO.6.LDGAP.R.PRL.2011.R,0.18986354395747185,0.1645393222570419,0.06046053352398494,1.256566237066882,1.256566237066882,highly_skewed,mad
SE.CLO.6.LDGAP.R.PRL.2011.U,0.156417453661561,0.1531379520893097,0.04541055106705863,0.21665680080000024,0.21665680080000024,nearly_symmetric,zscore
SE.CLO.6.LDGAP.R.PSC.2014.1,0.2381247892975807,0.22475266456604,0.06822544059423229,0.5879972902368256,0.5879972902368256,moderately_skewed,iqr
SE.CLO.6.LDGAP.R.PSC.2014.2,0.22281651496887206,0.2182344794273376,0.06285431835680053,0.2186978871773278,0.2186978871773278,nearly_symmetric,zscore
SE.CLO.6.LDGAP.R.PSC.2014.3,0.20386647433042526,0.1851670295000076,0.06344712266397179,0.8841746029738904,0.8841746029738904,moderately_skewed,iqr
SE.CLO.6.LDGAP.R.PSC.2014.4,0.188735169172287,0.1670106947422028,0.05750709665871764,1.1333109664191827,1.1333109664191827,highly_skewed,mad
SE.CLO.6.LDGAP.R.PSC.2014.5,0.1668828919529915,0.1414110958576202,0.05103733552528637,1.4972448600545372,1.4972448600545372,highly_skewed,mad
SE.CLO.6.LDGAP.R.PSC.2014.A,0.20864634960889816,0.1960242241621017,0.05841115872231039,0.6482729870230463,0.6482729870230463,moderately_skewed,iqr
SE.CLO.6.LDGAP.R.PSC.2014.F,0.20876723974943162,0.1961016803979874,0.06403279736892528,0.5933940045663574,0.5933940045663574,moderately_skewed,iqr
SE.CLO.6.LDGAP.R.PSC.2014.M,0.20914056599140168,0.1944153159856796,0.05498850394964183,0.8033633731447243,0.8033633731447243,moderately_skewed,iqr
SE.CLO.6.LDGAP.R.PSC.2014.R,0.23215921223163605,0.226529061794281,0.061409238161947495,0.27504740031983277,0.27504740031983277,nearly_symmetric,zscore
SE.CLO.6.LDGAP.R.PSC.2014.U,0.16558479741215706,0.1479195058345795,0.05107342157265069,1.037640970604395,1.037640970604395,highly_skewed,mad
SE.CLO.6.LDGAP.R.PSC.2019.1,0.22571187359946115,0.2450220882892609,0.05838920875585219,-0.9921464137599395,0.9921464137599395,moderately_skewed,iqr
SE.CLO.6.LDGAP.R.PSC.2019.2,0.21310554391571457,0.207484245300293,0.05635298938254202,0.2992546807372937,0.2992546807372937,nearly_symmetric,zscore
SE.CLO.6.LDGAP.R.PSC.2019.3,0.20032489193337305,0.2117384374141693,0.059601842482984384,-0.5744895630057758,0.5744895630057758,moderately_skewed,iqr
SE.CLO.6.LDGAP.R.PSC.2019.4,0.1784776055387088,0.1848326772451401,0.05281382348844643,-0.3609891096686948,0.3609891096686948,nearly_symmetric,zscore
SE.CLO.6.LDGAP.R.PSC.2019.5,0.16286095763955796,0.1594550162553787,0.04891331758180352,0.20889656759530423,0.20889656759530423,nearly_symmetric,zscore
SE.CLO.6.LDGAP.R.PSC.2019.A,0.2008068524301052,0.2067236453294754,0.05266627934412715,-0.3370349855574132,0.3370349855574132,nearly_symmetric,zscore
SE.CLO.6.LDGAP.R.PSC.2019.F,0.2022231263773782,0.2114994674921036,0.05369854519438098,-0.5182453871597305,0.5182453871597305,moderately_skewed,iqr
SE.CLO.6.LDGAP.R.PSC.2019.M,0.19980288882340705,0.2026996165513992,0.05230233211220198,-0.16615288139224427,0.16615288139224427,nearly_symmetric,zscore
SE.CLO.6.LDGAP.R.PSC.2019.R,0.2235543504357338,0.2484282106161118,0.057313767042749444,-1.3019835266712616,1.3019835266712616,highly_skewed,mad
SE.CLO.6.LDGAP.R.PSC.2019.U,0.16363176650234632,0.1618473082780838,0.045649414965057,0.11727148479088637,0.11727148479088637,nearly_symmetric,zscore
SE.CLO.6.LDGAP.R.SAC.2000.1,0.15088020723599654,0.1485782265663147,0.04405400529310246,0.15676082034081937,0.15676082034081937,nearly_symmetric,zscore
SE.CLO.6.LDGAP.R.SAC.2000.2,0.14408388275366563,0.1509175002574921,0.04061570663740879,-0.5047518363892566,0.5047518363892566,moderately_skewed,iqr
SE.CLO.6.LDGAP.R.SAC.2000.3,0.13997928511637908,0.1480182409286499,0.038347590867532165,-0.6289017612637444,0.6289017612637444,moderately_skewed,iqr
SE.CLO.6.LDGAP.R.SAC.2000.4,0.12712999662527671,0.1390160322189331,0.036807698441580605,-0.9687676298903609,0.9687676298903609,moderately_skewed,iqr
SE.CLO.6.LDGAP.R.SAC.2000.5,0.11318251204032165,0.1217614635825157,0.03309239370513655,-0.7777271978541501,0.7777271978541501,moderately_skewed,iqr
SE.CLO.6.LDGAP.R.SAC.2000.A,0.13937449741822022,0.1463819742202759,0.03818083694536493,-0.5506016129570237,0.5506016129570237,moderately_skewed,iqr
SE.CLO.6.LDGAP.R.SAC.2000.F,0.1348100436421541,0.1416080296039581,0.040989199935203585,-0.49754466829435856,0.49754466829435856,nearly_symmetric,zscore
SE.CLO.6.LDGAP.R.SAC.2000.M,0.14271856959049517,0.1483399718999863,0.03668673161912548,-0.45968136664651116,0.45968136664651116,nearly_symmetric,zscore
SE.CLO.6.LDGAP.R.SAC.2000.R,0.1454625244324024,0.1504761427640915,0.041423971472189874,-0.3630954363022628,0.3630954363022628,nearly_symmetric,zscore
SE.CLO.6.LDGAP.R.SAC.2000.U,0.12807332953581443,0.1346522867679596,0.036425669972579774,-0.54183963428244,0.54183963428244,moderately_skewed,iqr
SE.CLO.6.LDGAP.R.SAC.2007.1,0.1514425469296319,0.1519992798566818,0.03253684057016922,-0.051332543414831316,0.051332543414831316,nearly_symmetric,zscore
SE.CLO.6.LDGAP.R.SAC.2007.2,0.1426126823893615,0.1445213705301285,0.03271581758501158,-0.17502434128145833,0.17502434128145833,nearly_symmetric,zscore
SE.CLO.6.LDGAP.R.SAC.2007.3,0.13772469865424292,0.1421371102333069,0.031026313382303515,-0.4266454275145081,0.4266454275145081,nearly_symmetric,zscore
SE.CLO.6.LDGAP.R.SAC.2007.4,0.12893239222466946,0.1324975937604904,0.030053364611353807,-0.35588709436620375,0.35588709436620375,nearly_symmetric,zscore
SE.CLO.6.LDGAP.R.SAC.2007.5,0.11330398065703254,0.1113587692379951,0.02613992000938767,0.22324606406662817,0.22324606406662817,nearly_symmetric,zscore
SE.CLO.6.LDGAP.R.SAC.2007.A,0.13996797001787595,0.1426057815551758,0.030177030487175415,-0.26223370835850207,0.26223370835850207,nearly_symmetric,zscore
SE.CLO.6.LDGAP.R.SAC.2007.F,0.13429833416427886,0.1332173496484756,0.032669412980745174,0.09926574283171691,0.09926574283171691,nearly_symmetric,zscore
SE.CLO.6.LDGAP.R.SAC.2007.M,0.14400350834642137,0.1439210623502731,0.029006617701314734,0.008526950332219325,0.008526950332219325,nearly_symmetric,zscore
SE.CLO.6.LDGAP.R.SAC.2007.R,0.1444444539291518,0.147940382361412,0.031230868645639252,-0.335814716387818,0.335814716387818,nearly_symmetric,zscore
SE.CLO.6.LDGAP.R.SAC.2007.U,0.12544448780161993,0.1203090623021126,0.03141748842453725,0.4903726322849415,0.4903726322849415,nearly_symmetric,zscore
SE.CLO.6.LDGAP.S.TMS.2011.1,0.25226035714149475,0.1670292913913727,0.1205349291193356,2.121320343559642,2.121320343559642,very_highly_skewed,mad
SE.CLO.6.LDGAP.S.TMS.2011.2,0.2450736165046692,0.1620123386383057,0.11746638566665145,2.1213203435596424,2.1213203435596424,very_highly_skewed,mad
SE.CLO.6.LDGAP.S.TMS.2011.3,0.2252822294831276,0.135207012295723,0.12738559378012973,2.121320343559642,2.121320343559642,very_highly_skewed,mad
SE.CLO.6.LDGAP.S.TMS.2011.4,0.21464107185602188,0.1364659518003464,0.11055631502288123,2.1213203435596424,2.1213203435596424,very_highly_skewed,mad
SE.CLO.6.LDGAP.S.TMS.2011.5,0.15923480316996574,0.0938180312514305,0.09251328605386,2.1213203435596424,2.1213203435596424,very_highly_skewed,mad
SE.CLO.6.LDGAP.S.TMS.2011.A,0.25479784111181897,0.3016879260540009,0.09156456438328033,-1.5362957905605696,1.5362957905605696,highly_skewed,mad
SE.CLO.6.LDGAP.S.TMS.2011.F,0.24145988126595816,0.2828757464885712,0.0808300843770776,-1.5371454406532112,1.5371454406532112,highly_skewed,mad
SE.CLO.6.LDGAP.S.TMS.2011.M,0.2660274803638458,0.3143470287322998,0.10058906020642051,-1.441097519033281,1.441097519033281,highly_skewed,mad
SE.CLO.6.LDGAP.S.TMS.2011.R,0.2799066603183746,0.3359705805778503,0.10231188393189022,-1.6439122642917379,1.6439122642917379,highly_skewed,mad
SE.CLO.6.LDGAP.S.TMS.2011.U,0.23323451479276022,0.2748324871063232,0.0903134190184403,-1.3817870953950744,1.3817870953950744,highly_skewed,mad
SE.CLO.6.LDSEV.M.PSC.2014.1,0.074484917614609,0.0689479187130928,0.03582876353299111,0.4636218241037872,0.4636218241037872,nearly_symmetric,zscore
SE.CLO.6.LDSEV.M.PSC.2014.2,0.06989860367029906,0.0730277672410011,0.03101515376622639,-0.3026743243919861,0.3026743243919861,nearly_symmetric,zscore
SE.CLO.6.LDSEV.M.PSC.2014.3,0.06351839276030659,0.0575969740748405,0.030116155420455433,0.5898580283037215,0.5898580283037215,moderately_skewed,iqr
SE.CLO.6.LDSEV.M.PSC.2014.4,0.05744341015815735,0.0538952052593231,0.030397247595504773,0.35018350470905474,0.35018350470905474,nearly_symmetric,zscore
SE.CLO.6.LDSEV.M.PSC.2014.5,0.049618685990571974,0.0439263954758644,0.026277262548669696,0.6498725471305702,0.6498725471305702,moderately_skewed,iqr
SE.CLO.6.LDSEV.M.PSC.2014.A,0.06408303696662185,0.0620683841407299,0.03016305188337046,0.20037622522567144,0.20037622522567144,nearly_symmetric,zscore
SE.CLO.6.LDSEV.M.PSC.2014.F,0.06657758457586171,0.060232475399971,0.032408794984567245,0.5873506724559361,0.5873506724559361,moderately_skewed,iqr
SE.CLO.6.LDSEV.M.PSC.2014.M,0.06211426705121992,0.0572551004588604,0.029148948020267434,0.5001038036413095,0.5001038036413095,moderately_skewed,iqr
SE.CLO.6.LDSEV.M.PSC.2014.R,0.07355002658441662,0.0739130973815918,0.032019439294591036,-0.034017222522367475,0.034017222522367475,nearly_symmetric,zscore
SE.CLO.6.LDSEV.M.PSC.2014.U,0.04874757658690214,0.038370992988348,0.024861363048133456,1.2521337118722289,1.2521337118722289,highly_skewed,mad
SE.CLO.6.LDSEV.M.PSC.2019.1,0.07319887833935874,0.0810065269470215,0.026788951266876367,-0.8743509811057794,0.8743509811057794,moderately_skewed,iqr
SE.CLO.6.LDSEV.M.PSC.2019.2,0.06667867675423622,0.0762283056974411,0.02499102238958922,-1.1463671386869396,1.1463671386869396,highly_skewed,mad
SE.CLO.6.LDSEV.M.PSC.2019.3,0.06108653505465814,0.068304143846035,0.023750780745362653,-0.9116679828876069,0.9116679828876069,moderately_skewed,iqr
SE.CLO.6.LDSEV.M.PSC.2019.4,0.05312216388327734,0.0518955327570438,0.02162062384829479,0.17020292312198299,0.17020292312198299,nearly_symmetric,zscore
SE.CLO.6.LDSEV.M.PSC.2019.5,0.0459653205637421,0.0425870642066002,0.020099728450409658,0.5042241787708892,0.5042241787708892,moderately_skewed,iqr
SE.CLO.6.LDSEV.M.PSC.2019.A,0.06110401079058647,0.0672340914607048,0.02262447900178778,-0.8128470940215597,0.8128470940215597,moderately_skewed,iqr
SE.CLO.6.LDSEV.M.PSC.2019.F,0.062453598981457116,0.068284697830677,0.023462180936749646,-0.7455955008964787,0.7455955008964787,moderately_skewed,iqr
SE.CLO.6.LDSEV.M.PSC.2019.M,0.05991867024983678,0.0663458481431007,0.022376024512229444,-0.8617050660296509,0.8617050660296509,moderately_skewed,iqr
SE.CLO.6.LDSEV.M.PSC.2019.R,0.07155273309243577,0.0762608572840691,0.02620586772006668,-0.5389774811419237,0.5389774811419237,moderately_skewed,iqr
SE.CLO.6.LDSEV.M.PSC.2019.U,0.04732798798275845,0.0474270880222321,0.017600017125721987,-0.01689203574617188,0.01689203574617188,nearly_symmetric,zscore
SE.CLO.6.LDSEV.M.TMS.2011.1,0.055670404806733104,0.0509032867848873,0.006741722959927531,2.121320343559644,2.121320343559644,very_highly_skewed,mad
SE.CLO.6.LDSEV.M.TMS.2011.2,0.04928220622241495,0.0491123907268047,2.4015537699312577E-4,2.1213203435596424,2.1213203435596424,very_highly_skewed,mad
SE.CLO.6.LDSEV.M.TMS.2011.3,0.04144641384482385,0.0403711944818497,0.0015205898056442019,2.1213203435596495,2.1213203435596495,very_highly_skewed,mad
SE.CLO.6.LDSEV.M.TMS.2011.4,0.043028529733419446,0.0421724952757359,0.0012106155399147778,2.121320343559634,2.121320343559634,very_highly_skewed,mad
SE.CLO.6.LDSEV.M.TMS.2011.5,0.027120450511574704,0.0227490477263927,0.006182097105399907,2.1213203435596437,2.1213203435596437,very_highly_skewed,mad
SE.CLO.6.LDSEV.M.TMS.2011.A,0.06259401018420857,0.0466955080628395,0.028325009183320527,1.683865521646263,1.683865521646263,highly_skewed,mad
SE.CLO.6.LDSEV.M.TMS.2011.F,0.058961042513449996,0.0489681772887707,0.025859694802606192,1.1592787889753662,1.1592787889753662,highly_skewed,mad
SE.CLO.6.LDSEV.M.TMS.2011.M,0.06513362750411035,0.0511039681732655,0.03060775827191837,1.3751081545605983,1.3751081545605983,highly_skewed,mad
SE.CLO.6.LDSEV.M.TMS.2011.R,0.07343896850943567,0.0538403242826462,0.03704356988763339,1.5872102191748214,1.5872102191748214,highly_skewed,mad
SE.CLO.6.LDSEV.M.TMS.2011.U,0.05410965904593467,0.0419765934348106,0.024144428055350223,1.507560947392433,1.507560947392433,highly_skewed,mad
SE.CLO.6.LDSEV.R.LLC.2006.1,0.05285014637878963,0.0368445627391338,0.02522146934033518,1.9038046622516631,1.9038046622516631,highly_skewed,mad
SE.CLO.6.LDSEV.R.LLC.2006.2,0.03896489273756743,0.0297590307891369,0.015878307892260596,1.7393280211396427,1.7393280211396427,highly_skewed,mad
SE.CLO.6.LDSEV.R.LLC.2006.3,0.03456075715699365,0.0307011697441339,0.013173098033677923,0.8789703233800704,0.8789703233800704,moderately_skewed,iqr
SE.CLO.6.LDSEV.R.LLC.2006.4,0.02992343104311399,0.0265632439404726,0.01137433292925972,0.8862551650824805,0.8862551650824805,moderately_skewed,iqr
SE.CLO.6.LDSEV.R.LLC.2006.5,0.026969449328524724,0.0228929985314608,0.008469275197742893,1.443966821913044,1.443966821913044,highly_skewed,mad
SE.CLO.6.LDSEV.R.LLC.2006.A,0.03671373911201955,0.0317991599440575,0.013816815000187223,1.0670865538611007,1.0670865538611007,highly_skewed,mad
SE.CLO.6.LDSEV.R.LLC.2006.F,0.034626143301526704,0.0315427109599113,0.012929795277071618,0.7154248637834006,0.7154248637834006,moderately_skewed,iqr
SE.CLO.6.LDSEV.R.LLC.2006.M,0.03785665047665438,0.0321227088570595,0.014625651660357689,1.176140746289588,1.176140746289588,highly_skewed,mad
SE.CLO.6.LDSEV.R.LLC.2006.R,0.04625625250240167,0.0489484183490276,0.017720115841639666,-0.45578130594943495,0.45578130594943495,nearly_symmetric,zscore
SE.CLO.6.LDSEV.R.LLC.2006.U,0.030698597555359204,0.0271355696022511,0.010612355835309669,1.0072300651434385,1.0072300651434385,highly_skewed,mad
SE.CLO.6.LDSEV.R.LLC.2013.1,0.03600558340549467,0.0354909896850586,0.012618689658241729,0.12234084545378432,0.12234084545378432,nearly_symmetric,zscore
SE.CLO.6.LDSEV.R.LLC.2013.2,0.028083554282784463,0.0278613045811653,0.007895377248993066,0.08444803634209146,0.08444803634209146,nearly_symmetric,zscore
SE.CLO.6.LDSEV.R.LLC.2013.3,0.025305144550899657,0.0250348597764969,0.006587484145039512,0.12309013659165405,0.12309013659165405,nearly_symmetric,zscore
SE.CLO.6.LDSEV.R.LLC.2013.4,0.020686366160710654,0.0213796682655811,0.006164126367272081,-0.33742110247032364,0.33742110247032364,nearly_symmetric,zscore
SE.CLO.6.LDSEV.R.LLC.2013.5,0.01832205535223086,0.0188306029886007,0.004858836358435431,-0.3139934742730841,0.3139934742730841,nearly_symmetric,zscore
SE.CLO.6.LDSEV.R.LLC.2013.A,0.02722487611075243,0.0272254664450884,0.006937454300955398,-2.552813944543178E-4,2.552813944543178E-4,nearly_symmetric,zscore
SE.CLO.6.LDSEV.R.LLC.2013.F,0.025911670861144855,0.0262908041477203,0.006920618449305131,-0.1643494534567982,0.1643494534567982,nearly_symmetric,zscore
SE.CLO.6.LDSEV.R.LLC.2013.M,0.028335390364130318,0.0278886333107948,0.00721662910597981,0.1857198340560398,0.1857198340560398,nearly_symmetric,zscore
SE.CLO.6.LDSEV.R.LLC.2013.R,0.03225122541189193,0.0298246536403894,0.01103396359157066,0.659755241540664,0.659755241540664,moderately_skewed,iqr
SE.CLO.6.LDSEV.R.LLC.2013.U,0.02333761267364024,0.0228982623666525,0.004724545359162135,0.2789794193439544,0.2789794193439544,nearly_symmetric,zscore
SE.CLO.6.LDSEV.R.PRL.2011.1,0.05273584369570017,0.0437125414609909,0.029223718070316027,0.926299201182893,0.926299201182893,moderately_skewed,iqr
SE.CLO.6.LDSEV.R.PRL.2011.2,0.047698622569441795,0.037864588201046,0.022078376506974064,1.336244225016651,1.336244225016651,highly_skewed,mad
SE.CLO.6.LDSEV.R.PRL.2011.3,0.044719825033098445,0.0377512499690056,0.017442772431691348,1.1985322444667934,1.1985322444667934,highly_skewed,mad
SE.CLO.6.LDSEV.R.PRL.2011.4,0.03748923307284713,0.0325905196368694,0.017308990754522496,0.8490466322592127,0.8490466322592127,moderately_skewed,iqr
SE.CLO.6.LDSEV.R.PRL.2011.5,0.031362913781777024,0.0288757458329201,0.016537948234522145,0.4511747008008683,0.4511747008008683,nearly_symmetric,zscore
SE.CLO.6.LDSEV.R.PRL.2011.A,0.044989920686930425,0.0381719544529915,0.020611744490755788,0.9923419490761782,0.9923419490761782,moderately_skewed,iqr
SE.CLO.6.LDSEV.R.PRL.2011.F,0.03867743350565432,0.0299228373914957,0.01942804124632714,1.351849525614993,1.351849525614993,highly_skewed,mad
SE.CLO.6.LDSEV.R.PRL.2011.M,0.04925423441454767,0.0445258691906929,0.02221982366356983,0.638398210820244,0.638398210820244,moderately_skewed,iqr
SE.CLO.6.LDSEV.R.PRL.2011.R,0.05747759342193605,0.0407852977514267,0.03545709770432658,1.4123233500134311,1.4123233500134311,highly_skewed,mad
SE.CLO.6.LDSEV.R.PRL.2011.U,0.04110007686540485,0.0361064188182354,0.021955760564869427,0.6823254469935716,0.6823254469935716,moderately_skewed,iqr
SE.CLO.6.LDSEV.R.PSC.2014.1,0.07365263868123292,0.0648530945181847,0.03583334561006622,0.7367057705526893,0.7367057705526893,moderately_skewed,iqr
SE.CLO.6.LDSEV.R.PSC.2014.2,0.06551709715276957,0.0603479743003845,0.031797818203673896,0.487686559430782,0.487686559430782,nearly_symmetric,zscore
SE.CLO.6.LDSEV.R.PSC.2014.3,0.057682259939610944,0.0451930724084377,0.03218056209631354,1.1642917386397003,1.1642917386397003,highly_skewed,mad
SE.CLO.6.LDSEV.R.PSC.2014.4,0.05057468190789223,0.0411561615765095,0.028089413065339682,1.0059149661981905,1.0059149661981905,highly_skewed,mad
SE.CLO.6.LDSEV.R.PSC.2014.5,0.04234935473650694,0.0317744463682175,0.0235339435143712,1.3480411850863556,1.3480411850863556,highly_skewed,mad
SE.CLO.6.LDSEV.R.PSC.2014.A,0.05981302484869957,0.0522495172917843,0.029449880404914808,0.7704792806886593,0.7704792806886593,moderately_skewed,iqr
SE.CLO.6.LDSEV.R.PSC.2014.F,0.060427524335682395,0.0511338487267494,0.03248658471663621,0.8582320077653857,0.8582320077653857,moderately_skewed,iqr
SE.CLO.6.LDSEV.R.PSC.2014.M,0.05968900956213474,0.0512404963374138,0.027593999368153675,0.9185163533566719,0.9185163533566719,moderately_skewed,iqr
SE.CLO.6.LDSEV.R.PSC.2014.R,0.06990737840533258,0.0650967657566071,0.03181609985962212,0.45360173025141665,0.45360173025141665,nearly_symmetric,zscore
SE.CLO.6.LDSEV.R.PSC.2014.U,0.04103862512856722,0.0346635058522224,0.02261715649498384,0.8456128352508058,0.8456128352508058,moderately_skewed,iqr
SE.CLO.6.LDSEV.R.PSC.2019.1,0.06691423976527792,0.0737136900424957,0.026165201321354473,-0.7795984667240229,0.7795984667240229,moderately_skewed,iqr
SE.CLO.6.LDSEV.R.PSC.2019.2,0.06133679433592728,0.0582269392907619,0.02488964618004503,0.3748371940689139,0.3748371940689139,nearly_symmetric,zscore
SE.CLO.6.LDSEV.R.PSC.2019.3,0.056877037310706716,0.0655331686139107,0.025796593236697148,-1.0066598202072055,1.0066598202072055,highly_skewed,mad
SE.CLO.6.LDSEV.R.PSC.2019.4,0.046675869330231635,0.0445292294025421,0.020875452387047685,0.30849246587174783,0.30849246587174783,nearly_symmetric,zscore
SE.CLO.6.LDSEV.R.PSC.2019.5,0.04172779593084539,0.0364234484732151,0.01992072041176264,0.7988186192048883,0.7988186192048883,moderately_skewed,iqr
SE.CLO.6.LDSEV.R.PSC.2019.A,0.05648822097906044,0.0610060431063175,0.02253972684021188,-0.6013145801568093,0.6013145801568093,moderately_skewed,iqr
SE.CLO.6.LDSEV.R.PSC.2019.F,0.0573695163641657,0.0649795606732368,0.023735830227091175,-0.9618426113090356,0.9618426113090356,moderately_skewed,iqr
SE.CLO.6.LDSEV.R.PSC.2019.M,0.05587496322446634,0.0576544888317585,0.021906148001160645,-0.24370221645510762,0.24370221645510762,nearly_symmetric,zscore
SE.CLO.6.LDSEV.R.PSC.2019.R,0.06622162128665617,0.0753800943493843,0.026275850264680288,-1.045652906049497,1.045652906049497,highly_skewed,mad
SE.CLO.6.LDSEV.R.PSC.2019.U,0.04084543052262494,0.0396126955747604,0.017415725299263864,0.21234859760620625,0.21234859760620625,nearly_symmetric,zscore
SE.CLO.6.LDSEV.R.SAC.2000.1,0.03228248046854368,0.0306590665131807,0.01437912371853421,0.33870227153072974,0.33870227153072974,nearly_symmetric,zscore
SE.CLO.6.LDSEV.R.SAC.2000.2,0.029565801700720425,0.0285062063485384,0.012540383298451585,0.253483963041112,0.253483963041112,nearly_symmetric,zscore
SE.CLO.6.LDSEV.R.SAC.2000.3,0.028572232605746158,0.0298536587506533,0.011815457420576344,-0.3253601022696515,0.3253601022696515,nearly_symmetric,zscore
SE.CLO.6.LDSEV.R.SAC.2000.4,0.024746837524267352,0.0255405064672232,0.010845949690552772,-0.21952958448087628,0.21952958448087628,nearly_symmetric,zscore
SE.CLO.6.LDSEV.R.SAC.2000.5,0.020076595354252127,0.0222196336835623,0.009067542030181472,-0.7090251102813857,0.7090251102813857,moderately_skewed,iqr
SE.CLO.6.LDSEV.R.SAC.2000.A,0.02837379656445521,0.0278022456914186,0.01178020728022858,0.14555368834533497,0.14555368834533497,nearly_symmetric,zscore
SE.CLO.6.LDSEV.R.SAC.2000.F,0.02693586946966557,0.0259880870580673,0.012338958073779754,0.23043657477343368,0.23043657477343368,nearly_symmetric,zscore
SE.CLO.6.LDSEV.R.SAC.2000.M,0.0294276949448081,0.0295753143727779,0.011583669252992205,-0.03823126111745676,0.03823126111745676,nearly_symmetric,zscore
SE.CLO.6.LDSEV.R.SAC.2000.R,0.030266826614164397,0.0302000902593136,0.013133260875053102,0.01524442912214504,0.01524442912214504,nearly_symmetric,zscore
SE.CLO.6.LDSEV.R.SAC.2000.U,0.02528690292428319,0.0274303667247295,0.010470802849224255,-0.6141259169840381,0.6141259169840381,moderately_skewed,iqr
SE.CLO.6.LDSEV.R.SAC.2007.1,0.031862246404801085,0.0307746697217226,0.010196149184289027,0.3199963035322111,0.3199963035322111,nearly_symmetric,zscore
SE.CLO.6.LDSEV.R.SAC.2007.2,0.02902526767658336,0.0285872090607882,0.010168137208013114,0.1292445037375998,0.1292445037375998,nearly_symmetric,zscore
SE.CLO.6.LDSEV.R.SAC.2007.3,0.027485787735453692,0.0269904918968678,0.00952476160654401,0.15600259378006812,0.15600259378006812,nearly_symmetric,zscore
SE.CLO.6.LDSEV.R.SAC.2007.4,0.025001154913167872,0.0238516237586737,0.008981066515298479,0.38398484830372154,0.38398484830372154,nearly_symmetric,zscore
SE.CLO.6.LDSEV.R.SAC.2007.5,0.020444692112505436,0.0200777109712362,0.0070439382895671,0.15629657423863733,0.15629657423863733,nearly_symmetric,zscore
SE.CLO.6.LDSEV.R.SAC.2007.A,0.028316579958690056,0.0278432741761208,0.009172928073009508,0.1547943400849009,0.1547943400849009,nearly_symmetric,zscore
SE.CLO.6.LDSEV.R.SAC.2007.F,0.02659337974286504,0.0261984895914793,0.009780258111112806,0.12112875148061146,0.12112875148061146,nearly_symmetric,zscore
SE.CLO.6.LDSEV.R.SAC.2007.M,0.02953997021540999,0.0282046515494585,0.008962475015602713,0.44696983711313326,0.44696983711313326,nearly_symmetric,zscore
SE.CLO.6.LDSEV.R.SAC.2007.R,0.02951143369344728,0.0295700002461672,0.00959229600662648,-0.018316746901720776,0.018316746901720776,nearly_symmetric,zscore
SE.CLO.6.LDSEV.R.SAC.2007.U,0.024374477398980948,0.0206781402230263,0.009169204379064929,1.209375543333106,1.209375543333106,highly_skewed,mad
SE.CLO.6.LDSEV.S.TMS.2011.1,0.10149476490914824,0.0435086898505688,0.08200469377662731,2.121320343559643,2.121320343559643,very_highly_skewed,mad
SE.CLO.6.LDSEV.S.TMS.2011.2,0.09694373048841956,0.0400493480265141,0.08046080730046865,2.1213203435596433,2.1213203435596433,very_highly_skewed,mad
SE.CLO.6.LDSEV.S.TMS.2011.3,0.08585237432271241,0.0291390512138605,0.08020475070778582,2.121320343559643,2.121320343559643,very_highly_skewed,mad
SE.CLO.6.LDSEV.S.TMS.2011.4,0.08002220839262005,0.0317159295082092,0.06831539474611088,2.1213203435596424,2.1213203435596424,very_highly_skewed,mad
SE.CLO.6.LDSEV.S.TMS.2011.5,0.05081150587648155,0.0156696867197752,0.049698037257876755,2.121320343559643,2.121320343559643,very_highly_skewed,mad
SE.CLO.6.LDSEV.S.TMS.2011.A,0.10442658637960754,0.1343920230865479,0.05950199863745445,-1.5108116059858614,1.5108116059858614,highly_skewed,mad
SE.CLO.6.LDSEV.S.TMS.2011.F,0.09601877629756927,0.1229927465319633,0.05195458175504906,-1.5575509987686107,1.5575509987686107,highly_skewed,mad
SE.CLO.6.LDSEV.S.TMS.2011.M,0.11150694514314334,0.1420558542013168,0.06611313354102709,-1.3862106099939766,1.3862106099939766,highly_skewed,mad
SE.CLO.6.LDSEV.S.TMS.2011.R,0.1216409144302209,0.1601874232292175,0.07061963892161215,-1.6374981260573955,1.6374981260573955,highly_skewed,mad
SE.CLO.6.LDSEV.S.TMS.2011.U,0.09076225198805331,0.1140436232089996,0.053754381310599376,-1.2993194593622255,1.2993194593622255,highly_skewed,mad
SE.CLO.6.PRF.M.PSC.2014.1,0.08894107691012325,0.0216264091432095,0.1203129136264245,1.6784898413131606,1.6784898413131606,highly_skewed,mad
SE.CLO.6.PRF.M.PSC.2014.2,0.11478199614211917,0.067888617515564,0.13335005541735961,1.054968709531947,1.054968709531947,highly_skewed,mad
SE.CLO.6.PRF.M.PSC.2014.3,0.13293741815723478,0.0829850137233734,0.12380396128935701,1.210439567045314,1.210439567045314,highly_skewed,mad
SE.CLO.6.PRF.M.PSC.2014.4,0.16571652009151877,0.1041440069675446,0.14087841987148364,1.311184065951557,1.311184065951557,highly_skewed,mad
SE.CLO.6.PRF.M.PSC.2014.5,0.2451993491500616,0.2417101860046387,0.157120502522746,0.06662077366226207,0.06662077366226207,nearly_symmetric,zscore
SE.CLO.6.PRF.M.PSC.2014.A,0.14662095308303832,0.1077125519514084,0.12787135194315283,0.9128331062518347,0.9128331062518347,moderately_skewed,iqr
SE.CLO.6.PRF.M.PSC.2014.F,0.14912781110033393,0.1103515774011612,0.15468381644537774,0.7520418345677193,0.7520418345677193,moderately_skewed,iqr
SE.CLO.6.PRF.M.PSC.2014.M,0.14578515365719796,0.1047713905572891,0.11616257200126756,1.059216296436549,1.059216296436549,highly_skewed,mad
SE.CLO.6.PRF.M.PSC.2014.R,0.09112026060465724,0.031540472060442,0.1233573164436986,1.4489563390771716,1.4489563390771716,highly_skewed,mad
SE.CLO.6.PRF.M.PSC.2014.U,0.21230274215340614,0.1827940195798874,0.14323641442629678,0.6180423328462187,0.6180423328462187,moderately_skewed,iqr
SE.CLO.6.PRF.M.PSC.2019.1,0.07347367384604045,0.0520805492997169,0.062819209429186,1.021652042777105,1.021652042777105,highly_skewed,mad
SE.CLO.6.PRF.M.PSC.2019.2,0.08959269064611622,0.0496360994875431,0.07639612324013037,1.5690557110986043,1.5690557110986043,highly_skewed,mad
SE.CLO.6.PRF.M.PSC.2019.3,0.10742921408798015,0.0739249512553215,0.08705406210640886,1.1546019343142893,1.1546019343142893,highly_skewed,mad
SE.CLO.6.PRF.M.PSC.2019.4,0.14388668883059705,0.0794561803340912,0.10622389577236416,1.8196614244288094,1.8196614244288094,highly_skewed,mad
SE.CLO.6.PRF.M.PSC.2019.5,0.22716954616563662,0.2494405657052994,0.1452138292422847,-0.46010121052253833,0.46010121052253833,nearly_symmetric,zscore
SE.CLO.6.PRF.M.PSC.2019.A,0.12538280471095017,0.0790778398513794,0.0869658966983888,1.597349074206533,1.597349074206533,highly_skewed,mad
SE.CLO.6.PRF.M.PSC.2019.F,0.12006115407816001,0.085827074944973,0.0817217705745644,1.2567304486612128,1.2567304486612128,highly_skewed,mad
SE.CLO.6.PRF.M.PSC.2019.M,0.13163313229701348,0.0806023105978966,0.09544269148879546,1.6040250197190111,1.6040250197190111,highly_skewed,mad
SE.CLO.6.PRF.M.PSC.2019.R,0.0775039128826133,0.0634346827864647,0.061390279473882634,0.6875305121619826,0.6875305121619826,moderately_skewed,iqr
SE.CLO.6.PRF.M.PSC.2019.U,0.18976359495094844,0.1897832155227661,0.12624341839422537,-4.662557161531678E-4,4.662557161531678E-4,nearly_symmetric,zscore
SE.CLO.6.PRF.M.TMS.2011.1,0.4036344587802887,0.362788051366806,0.0577655433383642,2.1213203435596424,2.1213203435596424,very_highly_skewed,mad
SE.CLO.6.PRF.M.TMS.2011.2,0.4387676268815994,0.3904010653495789,0.06840064728393627,2.1213203435596415,2.1213203435596415,very_highly_skewed,mad
SE.CLO.6.PRF.M.TMS.2011.3,0.4868427664041519,0.4181486070156097,0.09714821186309545,2.1213203435596437,2.1213203435596437,very_highly_skewed,mad
SE.CLO.6.PRF.M.TMS.2011.4,0.5687627494335175,0.5121622085571289,0.08004525254504144,2.1213203435596424,2.1213203435596424,very_highly_skewed,mad
SE.CLO.6.PRF.M.TMS.2011.5,0.8204671144485474,0.7744104862213135,0.06513390827612968,2.121320343559643,2.121320343559643,very_highly_skewed,mad
SE.CLO.6.PRF.M.TMS.2011.A,0.46717195709546405,0.4911326766014099,0.14181789840231787,-0.5068623871009411,0.5068623871009411,moderately_skewed,iqr
SE.CLO.6.PRF.M.TMS.2011.F,0.47675882776578266,0.4666282832622528,0.15603633407006884,0.19477279885941207,0.19477279885941207,nearly_symmetric,zscore
SE.CLO.6.PRF.M.TMS.2011.M,0.4581836760044098,0.5170857310295105,0.13220068483084224,-1.3366509054125324,1.3366509054125324,highly_skewed,mad
SE.CLO.6.PRF.M.TMS.2011.R,0.3761989176273346,0.3645666837692261,0.1469616691931644,0.2374544448624751,0.2374544448624751,nearly_symmetric,zscore
SE.CLO.6.PRF.M.TMS.2011.U,0.5263685286045074,0.5964031219482422,0.15951630058622687,-1.3171304704225646,1.3171304704225646,highly_skewed,mad
SE.CLO.6.PRF.R.LLC.2006.1,0.19275306351482868,0.1906789392232895,0.1179046632154081,0.052774612173307325,0.052774612173307325,nearly_symmetric,zscore
SE.CLO.6.PRF.R.LLC.2006.2,0.2840787276093449,0.2424475401639938,0.15474242154601892,0.8071061644780522,0.8071061644780522,moderately_skewed,iqr
SE.CLO.6.PRF.R.LLC.2006.3,0.3419013156422547,0.2935024201869965,0.14976368562745535,0.9695052960098651,0.9695052960098651,moderately_skewed,iqr
SE.CLO.6.PRF.R.LLC.2006.4,0.41594398074916433,0.4307935237884521,0.1571863628816511,-0.283412812035131,0.283412812035131,nearly_symmetric,zscore
SE.CLO.6.PRF.R.LLC.2006.5,0.6057629021150726,0.6134978532791138,0.16560680329840377,-0.14012017036710295,0.14012017036710295,nearly_symmetric,zscore
SE.CLO.6.PRF.R.LLC.2006.A,0.3938321684797605,0.3353063762187958,0.17590712913173556,0.998125417938039,0.998125417938039,moderately_skewed,iqr
SE.CLO.6.PRF.R.LLC.2006.F,0.40792159487803775,0.3388849496841431,0.18088589598910873,1.144975590546618,1.144975590546618,highly_skewed,mad
SE.CLO.6.PRF.R.LLC.2006.M,0.3809699003895124,0.3405951857566833,0.172966637440775,0.7002746060780713,0.7002746060780713,moderately_skewed,iqr
SE.CLO.6.PRF.R.LLC.2006.R,0.2615784655014674,0.2069696933031082,0.15656572009538294,1.0463741136646734,1.0463741136646734,highly_skewed,mad
SE.CLO.6.PRF.R.LLC.2006.U,0.4547175824642181,0.4630416333675385,0.16360428943066985,-0.15263751822682836,0.15263751822682836,nearly_symmetric,zscore
SE.CLO.6.PRF.R.LLC.2013.1,0.27058504621187845,0.1981869488954544,0.16305040933001796,1.3320683636535107,1.3320683636535107,highly_skewed,mad
SE.CLO.6.PRF.R.LLC.2013.2,0.36179178953170776,0.3554258942604065,0.15765222956410518,0.12113806361449668,0.12113806361449668,nearly_symmetric,zscore
SE.CLO.6.PRF.R.LLC.2013.3,0.4330871174732844,0.4711431860923767,0.15964710229617324,-0.715128581823396,0.715128581823396,moderately_skewed,iqr
SE.CLO.6.PRF.R.LLC.2013.4,0.5104269981384277,0.4878223240375519,0.1651762243149399,0.4105555904542728,0.4105555904542728,nearly_symmetric,zscore
SE.CLO.6.PRF.R.LLC.2013.5,0.6781996051470439,0.6728559732437134,0.13101526758049242,0.12235898919293997,0.12235898919293997,nearly_symmetric,zscore
SE.CLO.6.PRF.R.LLC.2013.A,0.45065071880817414,0.4630499184131622,0.1499832161924193,-0.24801174264220235,0.24801174264220235,nearly_symmetric,zscore
SE.CLO.6.PRF.R.LLC.2013.F,0.47228462795416515,0.4788790047168732,0.15363317716666253,-0.1287686074907071,0.1287686074907071,nearly_symmetric,zscore
SE.CLO.6.PRF.R.LLC.2013.M,0.4285322328408559,0.4071762263774872,0.14876046522842876,0.43067907385021054,0.43067907385021054,nearly_symmetric,zscore
SE.CLO.6.PRF.R.LLC.2013.R,0.32741666783889134,0.3379209041595459,0.15450907878234396,-0.20395376899732504,0.20395376899732504,nearly_symmetric,zscore
SE.CLO.6.PRF.R.LLC.2013.U,0.5041345526774724,0.5311139822006226,0.1309232568413647,-0.6182116953256105,0.6182116953256105,moderately_skewed,iqr
SE.CLO.6.PRF.R.LLC.2019.A,0.6025848490397135,0.6210017776489258,0.1524023159811031,-0.3625324554417376,0.3625324554417376,nearly_symmetric,zscore
SE.CLO.6.PRF.R.PRL.2011.1,0.4791484773159027,0.4657485485076904,0.12663879101548162,0.3174365934978215,0.3174365934978215,nearly_symmetric,zscore
SE.CLO.6.PRF.R.PRL.2011.2,0.5444781556725502,0.5276885628700256,0.08889889241996744,0.5665849937660241,0.5665849937660241,moderately_skewed,iqr
SE.CLO.6.PRF.R.PRL.2011.3,0.5911802053451538,0.5409075617790222,0.07579030997073727,1.989936850193986,1.989936850193986,highly_skewed,mad
SE.CLO.6.PRF.R.PRL.2011.4,0.6671079844236374,0.6185325384140015,0.07661768934823239,1.9019933812748133,1.9019933812748133,highly_skewed,mad
SE.CLO.6.PRF.R.PRL.2011.5,0.8278866857290268,0.8372209072113037,0.09798499691643899,-0.2857852255760262,0.2857852255760262,nearly_symmetric,zscore
SE.CLO.6.PRF.R.PRL.2011.A,0.6218623667955399,0.583711564540863,0.07872235906964133,1.4538741993590503,1.4538741993590503,highly_skewed,mad
SE.CLO.6.PRF.R.PRL.2011.F,0.6918185353279114,0.6774373054504395,0.05767642842959253,0.7480298417763968,0.7480298417763968,moderately_skewed,iqr
SE.CLO.6.PRF.R.PRL.2011.M,0.547626867890358,0.484807550907135,0.10742955695029026,1.7542467482842923,1.7542467482842923,highly_skewed,mad
SE.CLO.6.PRF.R.PRL.2011.R,0.49929798394441605,0.4494250118732452,0.08456332654205391,1.7693120922709455,1.7693120922709455,highly_skewed,mad
SE.CLO.6.PRF.R.PRL.2011.U,0.6756373345851898,0.6120103597640991,0.10610026625624733,1.7990616913464414,1.7990616913464414,highly_skewed,mad
SE.CLO.6.PRF.R.PSC.2014.1,0.0685111670405604,0.0508674457669258,0.04983903799862189,1.062042245325189,1.062042245325189,highly_skewed,mad
SE.CLO.6.PRF.R.PSC.2014.2,0.10777548133628445,0.0625023320317268,0.09550407387668636,1.4221325059812766,1.4221325059812766,highly_skewed,mad
SE.CLO.6.PRF.R.PSC.2014.3,0.15377012006938456,0.1272312998771667,0.11649241521102513,0.6834475912653111,0.6834475912653111,moderately_skewed,iqr
SE.CLO.6.PRF.R.PSC.2014.4,0.20787044567987323,0.2301755100488663,0.13790589432777325,-0.48522358984842157,0.48522358984842157,nearly_symmetric,zscore
SE.CLO.6.PRF.R.PSC.2014.5,0.3422914043068886,0.4017333388328552,0.16742598354326005,-1.0651023204640366,1.0651023204640366,highly_skewed,mad
SE.CLO.6.PRF.R.PSC.2014.A,0.1707001466304064,0.1713960468769073,0.10339929052628057,-0.02019066793279481,0.02019066793279481,nearly_symmetric,zscore
SE.CLO.6.PRF.R.PSC.2014.F,0.17491521090269088,0.1788471192121506,0.10400472393421764,-0.11341528040437743,0.11341528040437743,nearly_symmetric,zscore
SE.CLO.6.PRF.R.PSC.2014.M,0.16780816446989774,0.1640146672725677,0.10578270539297607,0.1075836692747868,0.1075836692747868,nearly_symmetric,zscore
SE.CLO.6.PRF.R.PSC.2014.R,0.0725471536628902,0.0646965801715851,0.04973559146703498,0.4735385622090275,0.4735385622090275,nearly_symmetric,zscore
SE.CLO.6.PRF.R.PSC.2014.U,0.2927943389862776,0.3025138378143311,0.1566107884300517,-0.1861844690040866,0.1861844690040866,nearly_symmetric,zscore
SE.CLO.6.PRF.R.PSC.2019.1,0.14788300071709923,0.0859704241156578,0.16451805382931842,1.1289808351186825,1.1289808351186825,highly_skewed,mad
SE.CLO.6.PRF.R.PSC.2019.2,0.18596373545005918,0.110902450978756,0.20257822735939515,1.1115896133023693,1.1115896133023693,highly_skewed,mad
SE.CLO.6.PRF.R.PSC.2019.3,0.2457640455769641,0.189008042216301,0.2121597459224049,0.8025462574991157,0.8025462574991157,moderately_skewed,iqr
SE.CLO.6.PRF.R.PSC.2019.4,0.3116603276825377,0.2785556018352509,0.22842625067275235,0.43477567595389777,0.43477567595389777,nearly_symmetric,zscore
SE.CLO.6.PRF.R.PSC.2019.5,0.44126054857458386,0.4712905883789063,0.21271751146572945,-0.4235199950967911,0.4235199950967911,nearly_symmetric,zscore
SE.CLO.6.PRF.R.PSC.2019.A,0.26082364336720537,0.2203130125999451,0.19491037027523317,0.6235270710848555,0.6235270710848555,moderately_skewed,iqr
SE.CLO.6.PRF.R.PSC.2019.F,0.27255844617528574,0.2257802337408066,0.203340195159396,0.6901470572182284,0.6901470572182284,moderately_skewed,iqr
SE.CLO.6.PRF.R.PSC.2019.M,0.24916759878396988,0.2102032750844955,0.18652562464955635,0.6266858578709561,0.6266858578709561,moderately_skewed,iqr
SE.CLO.6.PRF.R.PSC.2019.R,0.16173890292910592,0.1150555685162544,0.1527232414927107,0.9170182735103812,0.9170182735103812,moderately_skewed,iqr
SE.CLO.6.PRF.R.PSC.2019.U,0.382160523640258,0.3590084910392761,0.21374973610226675,0.3249412096102655,0.3249412096102655,nearly_symmetric,zscore
SE.CLO.6.PRF.R.SAC.2000.1,0.27301417678021467,0.2906977832317352,0.20593811091634734,-0.2576056423869544,0.2576056423869544,nearly_symmetric,zscore
SE.CLO.6.PRF.R.SAC.2000.2,0.32750712077204996,0.4495985805988312,0.23112578911075043,-1.5847404172834774,1.5847404172834774,highly_skewed,mad
SE.CLO.6.PRF.R.SAC.2000.3,0.3704204742725079,0.4653961956501007,0.23481566754206679,-1.2134078067075071,1.2134078067075071,highly_skewed,mad
SE.CLO.6.PRF.R.SAC.2000.4,0.44572063707388365,0.5221684575080872,0.24141809820142673,-0.949984541387855,0.949984541387855,moderately_skewed,iqr
SE.CLO.6.PRF.R.SAC.2000.5,0.6371962588567001,0.7337282299995422,0.24151852732917825,-1.1990629316558439,1.1990629316558439,highly_skewed,mad
SE.CLO.6.PRF.R.SAC.2000.A,0.4032576112793042,0.5083557367324829,0.21869807980288095,-1.4416879043644109,1.4416879043644109,highly_skewed,mad
SE.CLO.6.PRF.R.SAC.2000.F,0.42803721215862495,0.5259541869163513,0.23424259424523536,-1.2540457264815073,1.2540457264815073,highly_skewed,mad
SE.CLO.6.PRF.R.SAC.2000.M,0.37773509667469907,0.4334264993667603,0.20967807213769085,-0.7968129732062296,0.7968129732062296,moderately_skewed,iqr
SE.CLO.6.PRF.R.SAC.2000.R,0.33084667645967925,0.4363016784191132,0.23876094020661906,-1.3250283132765595,1.3250283132765595,highly_skewed,mad
SE.CLO.6.PRF.R.SAC.2000.U,0.5099412443546149,0.540880024433136,0.22358335292234774,-0.4151308182045165,0.4151308182045165,nearly_symmetric,zscore
SE.CLO.6.PRF.R.SAC.2007.1,0.3021274988672563,0.2066228538751602,0.2162242712223778,1.3250775842903435,1.3250775842903435,highly_skewed,mad
SE.CLO.6.PRF.R.SAC.2007.2,0.35256832146218847,0.2180428057909012,0.24015163871254316,1.6805071544689107,1.6805071544689107,highly_skewed,mad
SE.CLO.6.PRF.R.SAC.2007.3,0.400467950584633,0.2745988368988037,0.25797170348088627,1.4637548845951849,1.4637548845951849,highly_skewed,mad
SE.CLO.6.PRF.R.SAC.2007.4,0.5035031142511538,0.4708047211170197,0.25421771439489665,0.38587074718964387,0.38587074718964387,nearly_symmetric,zscore
SE.CLO.6.PRF.R.SAC.2007.5,0.6976113032017436,0.8285091519355774,0.24275772570516196,-1.617635628529664,1.617635628529664,highly_skewed,mad
SE.CLO.6.PRF.R.SAC.2007.A,0.4429125615528652,0.3697580993175507,0.22833271317692616,0.9611561289331754,0.9611561289331754,moderately_skewed,iqr
SE.CLO.6.PRF.R.SAC.2007.F,0.465217523542898,0.4141794145107269,0.24957369530925946,0.613503466007432,0.613503466007432,moderately_skewed,iqr
SE.CLO.6.PRF.R.SAC.2007.M,0.4200788880033152,0.3280139267444611,0.21543003443534856,1.2820630349917599,1.2820630349917599,highly_skewed,mad
SE.CLO.6.PRF.R.SAC.2007.R,0.3618631229868957,0.2244161814451218,0.24716379699986596,1.6682897318717973,1.6682897318717973,highly_skewed,mad
SE.CLO.6.PRF.R.SAC.2007.U,0.5737700004662786,0.6212030649185181,0.2294969036561515,-0.6200484237030108,0.6200484237030108,moderately_skewed,iqr
SE.CLO.6.PRF.S.TMS.2011.1,0.3543303981423378,0.2414712756872177,0.15960690161355676,2.1213203435596424,2.1213203435596424,very_highly_skewed,mad
SE.CLO.6.PRF.S.TMS.2011.2,0.42765484750270844,0.2847015559673309,0.20216648367520587,2.121320343559643,2.121320343559643,very_highly_skewed,mad
SE.CLO.6.PRF.S.TMS.2011.3,0.5039782375097275,0.3732394278049469,0.18489259781301592,2.1213203435596424,2.1213203435596424,very_highly_skewed,mad
SE.CLO.6.PRF.S.TMS.2011.4,0.5938156843185425,0.4768153429031372,0.16546346963194866,2.1213203435596424,2.1213203435596424,very_highly_skewed,mad
SE.CLO.6.PRF.S.TMS.2011.5,0.8375143706798553,0.7830740213394165,0.0769902803775778,2.1213203435596424,2.1213203435596424,very_highly_skewed,mad
SE.CLO.6.PRF.S.TMS.2011.A,0.4771883388360341,0.4314322769641876,0.15911413482544234,0.8627026490520836,0.8627026490520836,moderately_skewed,iqr
SE.CLO.6.PRF.S.TMS.2011.F,0.4906671444574992,0.4525289237499237,0.13725015223910095,0.8336213858867481,0.8336213858867481,moderately_skewed,iqr
SE.CLO.6.PRF.S.TMS.2011.M,0.46623507142066956,0.4090049564838409,0.17822460277735971,0.9633369475086648,0.9633369475086648,moderately_skewed,iqr
SE.CLO.6.PRF.S.TMS.2011.R,0.37661246458689374,0.3590686619281769,0.13184466579719645,0.3991925472139179,0.3991925472139179,nearly_symmetric,zscore
SE.CLO.6.PRF.S.TMS.2011.U,0.5415524343649546,0.4795433878898621,0.2002442341222439,0.9290012281288095,0.9290012281288095,moderately_skewed,iqr
SE.CLO.8.LDGAP.M.TMS.2003.1,0.19413364354683005,0.1573281139135361,0.09705605205429041,1.1376579467514085,1.1376579467514085,highly_skewed,mad
SE.CLO.8.LDGAP.M.TMS.2003.2,0.17080415493768195,0.1395015716552734,0.0956850422718932,0.9814255981659354,0.9814255981659354,moderately_skewed,iqr
SE.CLO.8.LDGAP.M.TMS.2003.3,0.15932806694637175,0.1210403963923454,0.08902005859068435,1.2903048310743201,1.2903048310743201,highly_skewed,mad
SE.CLO.8.LDGAP.M.TMS.2003.4,0.1484869236693434,0.1230913773179054,0.08215671960097401,0.9273330218677669,0.9273330218677669,moderately_skewed,iqr
SE.CLO.8.LDGAP.M.TMS.2003.5,0.13228568920622702,0.1091775223612785,0.06379366267936425,1.0866988604068721,1.0866988604068721,highly_skewed,mad
SE.CLO.8.LDGAP.M.TMS.2003.A,0.16592986493006998,0.1333757489919662,0.08421663630421877,1.1596562401462123,1.1596562401462123,highly_skewed,mad
SE.CLO.8.LDGAP.M.TMS.2003.F,0.16283659377823706,0.129729375243187,0.08604532721022655,1.1542945889727025,1.1542945889727025,highly_skewed,mad
SE.CLO.8.LDGAP.M.TMS.2003.M,0.1687517533807651,0.1371851116418839,0.08351899979619802,1.1338728366925979,1.1338728366925979,highly_skewed,mad
SE.CLO.8.LDGAP.M.TMS.2003.R,0.18488440122455357,0.1602819412946701,0.10227636582258093,0.7216464839754304,0.7216464839754304,moderately_skewed,iqr
SE.CLO.8.LDGAP.M.TMS.2003.U,0.16342441057381424,0.1346331685781479,0.08352756368832148,1.0340745278923478,1.0340745278923478,highly_skewed,mad
SE.CLO.8.LDGAP.M.TMS.2007.1,0.21964422370428624,0.208070382475853,0.07960819974788509,0.43615511712689076,0.43615511712689076,nearly_symmetric,zscore
SE.CLO.8.LDGAP.M.TMS.2007.2,0.19478649856603664,0.1804437041282654,0.08123659812547952,0.5296674689263977,0.5296674689263977,moderately_skewed,iqr
SE.CLO.8.LDGAP.M.TMS.2007.3,0.1819231612202914,0.1687968820333481,0.07619265959473974,0.5168324320253618,0.5168324320253618,moderately_skewed,iqr
SE.CLO.8.LDGAP.M.TMS.2007.4,0.16811315715312958,0.145077109336853,0.06949166496866596,0.9944810428702614,0.9944810428702614,moderately_skewed,iqr
SE.CLO.8.LDGAP.M.TMS.2007.5,0.14952533627333847,0.1288666725158691,0.0605338309538066,1.023824038490179,1.023824038490179,highly_skewed,mad
SE.CLO.8.LDGAP.M.TMS.2007.A,0.18667249904668076,0.1776569485664368,0.07076617728869561,0.3821974349468275,0.3821974349468275,nearly_symmetric,zscore
SE.CLO.8.LDGAP.M.TMS.2007.F,0.1797118676786727,0.1708900928497314,0.06843567380648605,0.3867182569380307,0.3867182569380307,nearly_symmetric,zscore
SE.CLO.8.LDGAP.M.TMS.2007.M,0.19298189180962583,0.1797104030847549,0.07574047480479303,0.5256696142614261,0.5256696142614261,moderately_skewed,iqr
SE.CLO.8.LDGAP.M.TMS.2007.R,0.20884453557258428,0.2007381319999695,0.07813962639904629,0.3112276298027084,0.3112276298027084,nearly_symmetric,zscore
SE.CLO.8.LDGAP.M.TMS.2007.U,0.18331653672329923,0.1725070476531982,0.0694158149400765,0.4671625225216637,0.4671625225216637,nearly_symmetric,zscore
SE.CLO.8.LDGAP.M.TMS.2011.1,0.2064824761136582,0.1970027983188629,0.07528121557856217,0.37777064525090503,0.37777064525090503,nearly_symmetric,zscore
SE.CLO.8.LDGAP.M.TMS.2011.2,0.18145877593442014,0.1687125116586685,0.07224661864894555,0.5292814188725088,0.5292814188725088,moderately_skewed,iqr
SE.CLO.8.LDGAP.M.TMS.2011.3,0.16821888893058426,0.1602100431919098,0.06773506469155283,0.354713431299339,0.354713431299339,nearly_symmetric,zscore
SE.CLO.8.LDGAP.M.TMS.2011.4,0.15108115127996394,0.1427655667066574,0.06153721666345346,0.4053929487313861,0.4053929487313861,nearly_symmetric,zscore
SE.CLO.8.LDGAP.M.TMS.2011.5,0.13377001626711144,0.119779996573925,0.053210516212093224,0.7887549692671597,0.7887549692671597,moderately_skewed,iqr
SE.CLO.8.LDGAP.M.TMS.2011.A,0.17514069025453768,0.1682959198951721,0.06421615832736778,0.31976860050417283,0.31976860050417283,nearly_symmetric,zscore
SE.CLO.8.LDGAP.M.TMS.2011.F,0.16714225572190786,0.153091087937355,0.062238986022890117,0.6772845453837472,0.6772845453837472,moderately_skewed,iqr
SE.CLO.8.LDGAP.M.TMS.2011.M,0.18239010380286919,0.1697366833686829,0.0691517046561723,0.5489418010922549,0.5489418010922549,moderately_skewed,iqr
SE.CLO.8.LDGAP.M.TMS.2011.R,0.19086467283112662,0.1928322464227676,0.07449436038254358,-0.0792371495588565,0.0792371495588565,nearly_symmetric,zscore
SE.CLO.8.LDGAP.M.TMS.2011.U,0.17112772166728973,0.1691668033599854,0.06252561305665348,0.09408552166586048,0.09408552166586048,nearly_symmetric,zscore
SE.CLO.8.LDGAP.M.TMS.2015.1,0.18090939258827882,0.1691791713237762,0.063653791975182,0.552844735585091,0.552844735585091,moderately_skewed,iqr
SE.CLO.8.LDGAP.M.TMS.2015.2,0.15986321472069798,0.1242305934429169,0.06283318751626861,1.7012962107909217,1.7012962107909217,highly_skewed,mad
SE.CLO.8.LDGAP.M.TMS.2015.3,0.1440466169048758,0.1108823120594025,0.05744094841043424,1.7320903865568291,1.7320903865568291,highly_skewed,mad
SE.CLO.8.LDGAP.M.TMS.2015.4,0.13477888308903752,0.1172447577118874,0.051583877786464574,1.0197445091119732,1.0197445091119732,highly_skewed,mad
SE.CLO.8.LDGAP.M.TMS.2015.5,0.12183642891400001,0.110022060573101,0.04608561224369015,0.7690709376992111,0.7690709376992111,moderately_skewed,iqr
SE.CLO.8.LDGAP.M.TMS.2015.A,0.15426863927175016,0.1373284459114075,0.05464167015133601,0.9300700351997826,0.9300700351997826,moderately_skewed,iqr
SE.CLO.8.LDGAP.M.TMS.2015.F,0.1479973999016425,0.1332759112119675,0.05023043942708513,0.879237103492485,0.879237103492485,moderately_skewed,iqr
SE.CLO.8.LDGAP.M.TMS.2015.M,0.1600496646235971,0.1345020234584808,0.05993734992129992,1.278717253865645,1.278717253865645,highly_skewed,mad
SE.CLO.8.LDGAP.M.TMS.2015.R,0.16220336746085773,0.1518019586801529,0.06089764632629757,0.5124044724966572,0.5124044724966572,moderately_skewed,iqr
SE.CLO.8.LDGAP.M.TMS.2015.U,0.15062272965031512,0.124275803565979,0.05297566618324332,1.492020468031597,1.492020468031597,highly_skewed,mad
SE.CLO.8.LDGAP.M.TMS.2019.1,0.17321530729532242,0.1590415835380554,0.05973966311972422,0.7117745405859491,0.7117745405859491,moderately_skewed,iqr
SE.CLO.8.LDGAP.M.TMS.2019.2,0.15132975365434373,0.137425035238266,0.055969647419125315,0.7452995895410827,0.7452995895410827,moderately_skewed,iqr
SE.CLO.8.LDGAP.M.TMS.2019.3,0.13761959544249944,0.1254051625728607,0.05062831007101597,0.7237709210028332,0.7237709210028332,moderately_skewed,iqr
SE.CLO.8.LDGAP.M.TMS.2019.4,0.12182342562647093,0.1135525926947594,0.046022634649465335,0.5391368613318372,0.5391368613318372,moderately_skewed,iqr
SE.CLO.8.LDGAP.M.TMS.2019.5,0.11506673250169981,0.1159362569451332,0.040443946754060996,-0.0644984859208436,0.0644984859208436,nearly_symmetric,zscore
SE.CLO.8.LDGAP.M.TMS.2019.A,0.14727015161153043,0.12653449177742,0.04476413651888702,1.3896611068569311,1.3896611068569311,highly_skewed,mad
SE.CLO.8.LDGAP.M.TMS.2019.F,0.13903856300043338,0.1256767064332962,0.04187962385137131,0.9571616460470899,0.9571616460470899,moderately_skewed,iqr
SE.CLO.8.LDGAP.M.TMS.2019.M,0.1543904705481096,0.1322024166584015,0.04934668370378572,1.3489085116375856,1.3489085116375856,highly_skewed,mad
SE.CLO.8.LDGAP.M.TMS.2019.R,0.155912492304079,0.1615512818098068,0.05358773579901428,-0.3156761200105522,0.3156761200105522,nearly_symmetric,zscore
SE.CLO.8.LDGAP.M.TMS.2019.U,0.1434087401086634,0.1338227838277817,0.04337961281617816,0.6629351203411384,0.6629351203411384,moderately_skewed,iqr
SE.CLO.8.LDGAP.S.TMS.2003.1,0.183889452368021,0.1508230417966843,0.10565371756062998,0.93890905123224,0.93890905123224,moderately_skewed,iqr
SE.CLO.8.LDGAP.S.TMS.2003.2,0.16268433500891147,0.1342016458511353,0.10267329450467376,0.8322326451640141,0.8322326451640141,moderately_skewed,iqr
SE.CLO.8.LDGAP.S.TMS.2003.3,0.14961129402660805,0.1171779632568359,0.09519819045277095,1.022078170252493,1.022078170252493,highly_skewed,mad
SE.CLO.8.LDGAP.S.TMS.2003.4,0.14015023321237252,0.1151161193847656,0.08844759283809765,0.8491168507015763,0.8491168507015763,moderately_skewed,iqr
SE.CLO.8.LDGAP.S.TMS.2003.5,0.12639684667405876,0.1082567125558853,0.06798737767441414,0.8004486158465345,0.8004486158465345,moderately_skewed,iqr
SE.CLO.8.LDGAP.S.TMS.2003.A,0.15771871594631154,0.1304731070995331,0.09091078054228988,0.8990883815183278,0.8990883815183278,moderately_skewed,iqr
SE.CLO.8.LDGAP.S.TMS.2003.F,0.15697078682158305,0.1270713955163956,0.09320716062451082,0.9623528204760516,0.9623528204760516,moderately_skewed,iqr
SE.CLO.8.LDGAP.S.TMS.2003.M,0.15825382474323976,0.1349879652261734,0.08990775590222227,0.7763243320977371,0.7763243320977371,moderately_skewed,iqr
SE.CLO.8.LDGAP.S.TMS.2003.R,0.17123865317553283,0.1463598757982254,0.11453793006793574,0.6516298320360192,0.6516298320360192,moderately_skewed,iqr
SE.CLO.8.LDGAP.S.TMS.2003.U,0.15583741745871046,0.1275253295898438,0.08987386348051762,0.9450607809356277,0.9450607809356277,moderately_skewed,iqr
SE.CLO.8.LDGAP.S.TMS.2007.1,0.19473802217322847,0.1799594908952713,0.06884263843644073,0.6440135770624849,0.6440135770624849,moderately_skewed,iqr
SE.CLO.8.LDGAP.S.TMS.2007.2,0.1732364454023216,0.1601965129375458,0.07260440897205865,0.5388074629101716,0.5388074629101716,moderately_skewed,iqr
SE.CLO.8.LDGAP.S.TMS.2007.3,0.16217072291866594,0.1481774896383286,0.07040510885624794,0.5962592846312544,0.5962592846312544,moderately_skewed,iqr
SE.CLO.8.LDGAP.S.TMS.2007.4,0.15042291160510934,0.1333030462265015,0.06547494214150862,0.7844160598847406,0.7844160598847406,moderately_skewed,iqr
SE.CLO.8.LDGAP.S.TMS.2007.5,0.13644597549801288,0.1176511198282242,0.0578106719118392,0.9753314594812537,0.9753314594812537,moderately_skewed,iqr
SE.CLO.8.LDGAP.S.TMS.2007.A,0.16776503781054883,0.1523309946060181,0.06457883638458521,0.7169861243372355,0.7169861243372355,moderately_skewed,iqr
SE.CLO.8.LDGAP.S.TMS.2007.F,0.15847370678440054,0.1461590826511383,0.06142754791281058,0.6014218970977698,0.6014218970977698,moderately_skewed,iqr
SE.CLO.8.LDGAP.S.TMS.2007.M,0.17539778082294666,0.1582075357437134,0.07138104089942653,0.7224710453628881,0.7224710453628881,moderately_skewed,iqr
SE.CLO.8.LDGAP.S.TMS.2007.R,0.18183364909748698,0.1781613081693649,0.06759207212930017,0.16299282500603363,0.16299282500603363,nearly_symmetric,zscore
SE.CLO.8.LDGAP.S.TMS.2007.U,0.16511283466156493,0.1491854637861252,0.06395523070669756,0.7471181340186344,0.7471181340186344,moderately_skewed,iqr
SE.CLO.8.LDGAP.S.TMS.2011.1,0.19499189994837107,0.1752978563308716,0.07419105404021603,0.7963511452536084,0.7963511452536084,moderately_skewed,iqr
SE.CLO.8.LDGAP.S.TMS.2011.2,0.17004247323462837,0.1570349186658859,0.0711014911822094,0.548830454289986,0.548830454289986,moderately_skewed,iqr
SE.CLO.8.LDGAP.S.TMS.2011.3,0.15797822530332364,0.1423267871141434,0.06629717082970654,0.7082400950132456,0.7082400950132456,moderately_skewed,iqr
SE.CLO.8.LDGAP.S.TMS.2011.4,0.14127068996037306,0.1201333403587341,0.06213874954792772,1.0204912275553126,1.0204912275553126,highly_skewed,mad
SE.CLO.8.LDGAP.S.TMS.2011.5,0.12704268989986495,0.1139768734574318,0.052273377783075635,0.7498549163966649,0.7498549163966649,moderately_skewed,iqr
SE.CLO.8.LDGAP.S.TMS.2011.A,0.16547250924141785,0.1501955837011337,0.06349726871876255,0.7217755589432163,0.7217755589432163,moderately_skewed,iqr
SE.CLO.8.LDGAP.S.TMS.2011.F,0.15434735954592102,0.1396994143724442,0.06321792684415058,0.6951166815192148,0.6951166815192148,moderately_skewed,iqr
SE.CLO.8.LDGAP.S.TMS.2011.M,0.17459401645158468,0.1578328758478165,0.06651434846563316,0.7559785665988316,0.7559785665988316,moderately_skewed,iqr
SE.CLO.8.LDGAP.S.TMS.2011.R,0.17197645279682344,0.1642968058586121,0.07344367038237372,0.31369538987751006,0.31369538987751006,nearly_symmetric,zscore
SE.CLO.8.LDGAP.S.TMS.2011.U,0.16182169396626322,0.1463228613138199,0.06073539542193277,0.7655584957390286,0.7655584957390286,moderately_skewed,iqr
SE.CLO.8.LDGAP.S.TMS.2015.1,0.181531561209875,0.1588027030229568,0.06576898378612604,1.0367588281809295,1.0367588281809295,highly_skewed,mad
SE.CLO.8.LDGAP.S.TMS.2015.2,0.16012559896882841,0.1308655738830566,0.06302946014803809,1.3926832793926083,1.3926832793926083,highly_skewed,mad
SE.CLO.8.LDGAP.S.TMS.2015.3,0.14557566449922674,0.1276488751173019,0.05725874301840114,0.9392516375794552,0.9392516375794552,moderately_skewed,iqr
SE.CLO.8.LDGAP.S.TMS.2015.4,0.1340859896119903,0.1192224472761154,0.05082454416617361,0.8773443567311344,0.8773443567311344,moderately_skewed,iqr
SE.CLO.8.LDGAP.S.TMS.2015.5,0.12172957969939008,0.1071956381201744,0.0486364049066311,0.8964853553906976,0.8964853553906976,moderately_skewed,iqr
SE.CLO.8.LDGAP.S.TMS.2015.A,0.15526430812828682,0.131150871515274,0.05532120726552547,1.307641561252023,1.307641561252023,highly_skewed,mad
SE.CLO.8.LDGAP.S.TMS.2015.F,0.142111185061581,0.1275953203439713,0.04699498072423857,0.9266435155780058,0.9266435155780058,moderately_skewed,iqr
SE.CLO.8.LDGAP.S.TMS.2015.M,0.1663243253441418,0.1345462650060654,0.06447079653405317,1.4787188330126202,1.4787188330126202,highly_skewed,mad
SE.CLO.8.LDGAP.S.TMS.2015.R,0.15977481052731024,0.1564730554819107,0.06218613336464289,0.1592841458419158,0.1592841458419158,nearly_symmetric,zscore
SE.CLO.8.LDGAP.S.TMS.2015.U,0.15271211722317865,0.1361596435308456,0.05434972007037958,0.9136647072458856,0.9136647072458856,moderately_skewed,iqr
SE.CLO.8.LDGAP.S.TMS.2019.1,0.17983547810997283,0.1743427217006683,0.06027580280965269,0.2733811655723763,0.2733811655723763,nearly_symmetric,zscore
SE.CLO.8.LDGAP.S.TMS.2019.2,0.1560493012269338,0.1492388546466827,0.05767209285874842,0.35426735407008914,0.35426735407008914,nearly_symmetric,zscore
SE.CLO.8.LDGAP.S.TMS.2019.3,0.14157551952770778,0.1308016031980515,0.0505009775073064,0.6400222448029357,0.6400222448029357,moderately_skewed,iqr
SE.CLO.8.LDGAP.S.TMS.2019.4,0.1266745084098407,0.1196930631995201,0.048554003324332524,0.4313616632403556,0.4313616632403556,nearly_symmetric,zscore
SE.CLO.8.LDGAP.S.TMS.2019.5,0.11878699152952149,0.1141273677349091,0.04093714499136843,0.34147157518641347,0.34147157518641347,nearly_symmetric,zscore
SE.CLO.8.LDGAP.S.TMS.2019.A,0.15625568705074716,0.1495909094810486,0.0488986603119129,0.4088932617285742,0.4088932617285742,nearly_symmetric,zscore
SE.CLO.8.LDGAP.S.TMS.2019.F,0.14148718412175323,0.131991520524025,0.04638327840535326,0.6141650994186074,0.6141650994186074,moderately_skewed,iqr
SE.CLO.8.LDGAP.S.TMS.2019.M,0.16782366213473407,0.1610098481178284,0.053482854049627694,0.38220552014200737,0.38220552014200737,nearly_symmetric,zscore
SE.CLO.8.LDGAP.S.TMS.2019.R,0.16465210818475293,0.1547720432281494,0.05291099795054874,0.5601896773429356,0.5601896773429356,moderately_skewed,iqr
SE.CLO.8.LDGAP.S.TMS.2019.U,0.15293775340824417,0.1458324939012527,0.04807840265261915,0.44335454892266946,0.44335454892266946,nearly_symmetric,zscore
SE.CLO.8.LDSEV.M.TMS.2003.1,0.060426336854858244,0.0376300066709518,0.06102244336442077,1.1207186533535893,1.1207186533535893,highly_skewed,mad
SE.CLO.8.LDSEV.M.TMS.2003.2,0.049978193138604576,0.0288970470428467,0.056615471669113446,1.117069882538417,1.117069882538417,highly_skewed,mad
SE.CLO.8.LDSEV.M.TMS.2003.3,0.044449667000900146,0.0234425440430641,0.04973581379046993,1.2671225032932687,1.2671225032932687,highly_skewed,mad
SE.CLO.8.LDSEV.M.TMS.2003.4,0.03965214067948577,0.0233969930559397,0.04471757589603289,1.0905207157028478,1.0905207157028478,highly_skewed,mad
SE.CLO.8.LDSEV.M.TMS.2003.5,0.031871125344996865,0.0190411414951086,0.032025857402209416,1.201839846667444,1.201839846667444,highly_skewed,mad
SE.CLO.8.LDSEV.M.TMS.2003.A,0.047086015951050365,0.0280503630638123,0.04884483430930945,1.1691504223370874,1.1691504223370874,highly_skewed,mad
SE.CLO.8.LDSEV.M.TMS.2003.F,0.04596160844211345,0.0264612976461649,0.04994848327114769,1.1712254017858879,1.1712254017858879,highly_skewed,mad
SE.CLO.8.LDSEV.M.TMS.2003.M,0.04815340355929473,0.0299928039312363,0.04836810805416964,1.1263992137786052,1.1263992137786052,highly_skewed,mad
SE.CLO.8.LDSEV.M.TMS.2003.R,0.057098462525755164,0.036272369325161,0.06446326324004212,0.9692075216411534,0.9692075216411534,moderately_skewed,iqr
SE.CLO.8.LDSEV.M.TMS.2003.U,0.04592756100970765,0.0288299005478621,0.04774881213457579,1.0742252862955404,1.0742252862955404,highly_skewed,mad
SE.CLO.8.LDSEV.M.TMS.2007.1,0.07191779176988032,0.0604137554764748,0.0456444174487383,0.7561079932496882,0.7561079932496882,moderately_skewed,iqr
SE.CLO.8.LDSEV.M.TMS.2007.2,0.06005860524980918,0.0461260266602039,0.04387291735827052,0.9527001687052506,0.9527001687052506,moderately_skewed,iqr
SE.CLO.8.LDSEV.M.TMS.2007.3,0.05373565451768429,0.0442427359521389,0.039094051896776484,0.7284677416357653,0.7284677416357653,moderately_skewed,iqr
SE.CLO.8.LDSEV.M.TMS.2007.4,0.04692733285786665,0.0331466533243656,0.03464547639691879,1.1932882124888289,1.1932882124888289,highly_skewed,mad
SE.CLO.8.LDSEV.M.TMS.2007.5,0.0385927878441694,0.0276739690452814,0.0285173291545965,1.148650920957099,1.148650920957099,highly_skewed,mad
SE.CLO.8.LDSEV.M.TMS.2007.A,0.05574251410174877,0.0468413084745407,0.03738998576381503,0.7141916835782062,0.7141916835782062,moderately_skewed,iqr
SE.CLO.8.LDSEV.M.TMS.2007.F,0.051681023487385284,0.0443872101604939,0.034965063357876636,0.6258086752685631,0.6258086752685631,moderately_skewed,iqr
SE.CLO.8.LDSEV.M.TMS.2007.M,0.059519333606387705,0.0512786023318768,0.04186711667915655,0.5904919130922763,0.5904919130922763,moderately_skewed,iqr
SE.CLO.8.LDSEV.M.TMS.2007.R,0.06680168895873913,0.0546582415699959,0.04338286369885508,0.8397403735058439,0.8397403735058439,moderately_skewed,iqr
SE.CLO.8.LDSEV.M.TMS.2007.U,0.05400487709235638,0.0461571142077446,0.036211793727206086,0.6501552734778548,0.6501552734778548,moderately_skewed,iqr
SE.CLO.8.LDSEV.M.TMS.2011.1,0.06526692373383987,0.054919108748436,0.04015718984387054,0.7730482405991854,0.7730482405991854,moderately_skewed,iqr
SE.CLO.8.LDSEV.M.TMS.2011.2,0.05306145458139088,0.0422943010926247,0.03566858144541888,0.9055998068139378,0.9055998068139378,moderately_skewed,iqr
SE.CLO.8.LDSEV.M.TMS.2011.3,0.04692853599982826,0.0393594689667225,0.032483316960081624,0.699041945969431,0.699041945969431,moderately_skewed,iqr
SE.CLO.8.LDSEV.M.TMS.2011.4,0.039425623480622715,0.0336132757365704,0.02900309949201092,0.6012130957575788,0.6012130957575788,moderately_skewed,iqr
SE.CLO.8.LDSEV.M.TMS.2011.5,0.03224015662348584,0.0234323348850012,0.023659158311888164,1.1168387677670153,1.1168387677670153,highly_skewed,mad
SE.CLO.8.LDSEV.M.TMS.2011.A,0.050249352168880004,0.0426797270774841,0.031758667839461435,0.715044956828164,0.715044956828164,moderately_skewed,iqr
SE.CLO.8.LDSEV.M.TMS.2011.F,0.04591979855965626,0.0356131941080093,0.02996987115860792,1.0316965725780278,1.0316965725780278,highly_skewed,mad
SE.CLO.8.LDSEV.M.TMS.2011.M,0.05422187667634142,0.0448845401406288,0.03573792522986145,0.7838174551815318,0.7838174551815318,moderately_skewed,iqr
SE.CLO.8.LDSEV.M.TMS.2011.R,0.058006026768790825,0.0502172596752644,0.03730769028831148,0.6263132641020114,0.6263132641020114,moderately_skewed,iqr
SE.CLO.8.LDSEV.M.TMS.2011.U,0.048207936636907485,0.0414819456636906,0.030460899633353435,0.66242209398033,0.66242209398033,moderately_skewed,iqr
SE.CLO.8.LDSEV.M.TMS.2015.1,0.05075034173205495,0.0422795489430428,0.0312980574469771,0.8119474638350405,0.8119474638350405,moderately_skewed,iqr
SE.CLO.8.LDSEV.M.TMS.2015.2,0.04173650302212028,0.0239736270159483,0.028818865850730426,1.8490883123065482,1.8490883123065482,highly_skewed,mad
SE.CLO.8.LDSEV.M.TMS.2015.3,0.035187078311162835,0.0198887251317501,0.02497422398037285,1.8376971222131653,1.8376971222131653,highly_skewed,mad
SE.CLO.8.LDSEV.M.TMS.2015.4,0.03121117562712991,0.0223523564636707,0.02143612579596104,1.2397976081753135,1.2397976081753135,highly_skewed,mad
SE.CLO.8.LDSEV.M.TMS.2015.5,0.026075766545117774,0.0198801849037409,0.01810369740295582,1.0266822577964616,1.0266822577964616,highly_skewed,mad
SE.CLO.8.LDSEV.M.TMS.2015.A,0.0392377280137118,0.0313194170594215,0.024653438504198117,0.9635545507709117,0.9635545507709117,moderately_skewed,iqr
SE.CLO.8.LDSEV.M.TMS.2015.F,0.03596378375283059,0.0269647091627121,0.02155597296200092,1.2524242732140385,1.2524242732140385,highly_skewed,mad
SE.CLO.8.LDSEV.M.TMS.2015.M,0.04231890093754319,0.030967777594924,0.02817385461731365,1.2086869365376358,1.2086869365376358,highly_skewed,mad
SE.CLO.8.LDSEV.M.TMS.2015.R,0.04275428706949407,0.0355411097407341,0.028023950251153243,0.7721799315351484,0.7721799315351484,moderately_skewed,iqr
SE.CLO.8.LDSEV.M.TMS.2015.U,0.03761559442671783,0.0266853682696819,0.02362797516193567,1.3877904579793663,1.3877904579793663,highly_skewed,mad
SE.CLO.8.LDSEV.M.TMS.2019.1,0.04712912466909203,0.0367688313126564,0.027356215475924005,1.1361542351010114,1.1361542351010114,highly_skewed,mad
SE.CLO.8.LDSEV.M.TMS.2019.2,0.03790868925196783,0.0283191166818142,0.02407644872627503,1.1948904108547,1.1948904108547,highly_skewed,mad
SE.CLO.8.LDSEV.M.TMS.2019.3,0.0317211524317307,0.0248064938932657,0.020385242137647967,1.017597705012516,1.017597705012516,highly_skewed,mad
SE.CLO.8.LDSEV.M.TMS.2019.4,0.025950149477769937,0.0208926983177662,0.017469708614082684,0.8684949368749328,0.8684949368749328,moderately_skewed,iqr
SE.CLO.8.LDSEV.M.TMS.2019.5,0.02357985697952765,0.0214806906878948,0.014332189852979004,0.43939544057809055,0.43939544057809055,nearly_symmetric,zscore
SE.CLO.8.LDSEV.M.TMS.2019.A,0.03548949781918165,0.025093337520957,0.01879081357993932,1.6597727800338626,1.6597727800338626,highly_skewed,mad
SE.CLO.8.LDSEV.M.TMS.2019.F,0.03182131538844922,0.0251439921557903,0.016263486288230287,1.2317143657245053,1.2317143657245053,highly_skewed,mad
SE.CLO.8.LDSEV.M.TMS.2019.M,0.03875471329824492,0.0279466938227415,0.02184427905527979,1.4843272393864295,1.4843272393864295,highly_skewed,mad
SE.CLO.8.LDSEV.M.TMS.2019.R,0.03929890526999388,0.0397775992751122,0.021977324505300475,-0.06534380538489107,0.06534380538489107,nearly_symmetric,zscore
SE.CLO.8.LDSEV.M.TMS.2019.U,0.03387434633843828,0.0273765176534653,0.01803646466604113,1.0807819833795405,1.0807819833795405,highly_skewed,mad
SE.CLO.8.LDSEV.S.TMS.2003.1,0.05943769495934249,0.035300649702549,0.07692648112239142,0.9413031080308097,0.9413031080308097,moderately_skewed,iqr
SE.CLO.8.LDSEV.S.TMS.2003.2,0.04958869118000502,0.0278886407613754,0.07066162347264986,0.9212943045539619,0.9212943045539619,moderately_skewed,iqr
SE.CLO.8.LDSEV.S.TMS.2003.3,0.04341288911097724,0.0219549927860498,0.06214149590163631,1.035921135157083,1.035921135157083,highly_skewed,mad
SE.CLO.8.LDSEV.S.TMS.2003.4,0.03914493406140853,0.0219267904758453,0.05576817606312341,0.9262348960135004,0.9262348960135004,moderately_skewed,iqr
SE.CLO.8.LDSEV.S.TMS.2003.5,0.03165533678079753,0.0201939940452576,0.039224428829995876,0.8765972949063183,0.8765972949063183,moderately_skewed,iqr
SE.CLO.8.LDSEV.S.TMS.2003.A,0.04657231194331595,0.0267349276691675,0.0612988436950758,0.9708527801679564,0.9708527801679564,moderately_skewed,iqr
SE.CLO.8.LDSEV.S.TMS.2003.F,0.046467656856807676,0.0255577228963375,0.06398246928978142,0.9804217089106476,0.9804217089106476,moderately_skewed,iqr
SE.CLO.8.LDSEV.S.TMS.2003.M,0.04667248463501101,0.0280186869204044,0.05963571553169287,0.9383872172050932,0.9383872172050932,moderately_skewed,iqr
SE.CLO.8.LDSEV.S.TMS.2003.R,0.05586578799411655,0.0335259772837162,0.08334996002546803,0.8040727567322516,0.8040727567322516,moderately_skewed,iqr
SE.CLO.8.LDSEV.S.TMS.2003.U,0.04555080156854313,0.0254032090306282,0.059778573537976706,1.0111110726880448,1.0111110726880448,highly_skewed,mad
SE.CLO.8.LDSEV.S.TMS.2007.1,0.05958775710314512,0.0487172268331051,0.04300490894586116,0.7583225173473745,0.7583225173473745,moderately_skewed,iqr
SE.CLO.8.LDSEV.S.TMS.2007.2,0.05053485460255457,0.0402020439505577,0.043826960136733296,0.7072913991588814,0.7072913991588814,moderately_skewed,iqr
SE.CLO.8.LDSEV.S.TMS.2007.3,0.04582642735508473,0.0342500060796738,0.04111078577956258,0.8447725619367206,0.8447725619367206,moderately_skewed,iqr
SE.CLO.8.LDSEV.S.TMS.2007.4,0.0404339610275043,0.0275341458618641,0.03728452846358584,1.0379491733338306,1.0379491733338306,highly_skewed,mad
SE.CLO.8.LDSEV.S.TMS.2007.5,0.03445048921782038,0.0239324979484081,0.03084135616063988,1.023105911552178,1.023105911552178,highly_skewed,mad
SE.CLO.8.LDSEV.S.TMS.2007.A,0.04774156535797296,0.0389447472989559,0.038413495381347515,0.6870099665511211,0.6870099665511211,moderately_skewed,iqr
SE.CLO.8.LDSEV.S.TMS.2007.F,0.042837521635947076,0.0342161580920219,0.03531166627559719,0.7324517180784926,0.7324517180784926,moderately_skewed,iqr
SE.CLO.8.LDSEV.S.TMS.2007.M,0.0519008398888276,0.0404814928770065,0.04423930229461374,0.7743802288589506,0.7743802288589506,moderately_skewed,iqr
SE.CLO.8.LDSEV.S.TMS.2007.R,0.053672384232455905,0.0444617308676243,0.039057211528873766,0.7074739596826412,0.7074739596826412,moderately_skewed,iqr
SE.CLO.8.LDSEV.S.TMS.2007.U,0.04650911306367909,0.0374223776161671,0.037735890072997755,0.7223946828815423,0.7223946828815423,moderately_skewed,iqr
SE.CLO.8.LDSEV.S.TMS.2011.1,0.06117868151417688,0.0456787534058094,0.043563154390459664,1.067410865345552,1.067410865345552,highly_skewed,mad
SE.CLO.8.LDSEV.S.TMS.2011.2,0.0492366975369422,0.0356697179377079,0.03910745455974866,1.0407463041482208,1.0407463041482208,highly_skewed,mad
SE.CLO.8.LDSEV.S.TMS.2011.3,0.04395354124962501,0.0306445844471455,0.03645541022780282,1.0952248283023895,1.0952248283023895,highly_skewed,mad
SE.CLO.8.LDSEV.S.TMS.2011.4,0.03692345039330814,0.0244461800903082,0.03315767699602509,1.1289032978241238,1.1289032978241238,highly_skewed,mad
SE.CLO.8.LDSEV.S.TMS.2011.5,0.03035353114338299,0.0218264441937208,0.026136829207737043,0.9787438501306036,0.9787438501306036,moderately_skewed,iqr
SE.CLO.8.LDSEV.S.TMS.2011.A,0.04728470389780246,0.0367115549743176,0.03539840651657436,0.896069905169398,0.896069905169398,moderately_skewed,iqr
SE.CLO.8.LDSEV.S.TMS.2011.F,0.04189044930727074,0.03166763484478,0.03621084365366999,0.84694086889533,0.84694086889533,moderately_skewed,iqr
SE.CLO.8.LDSEV.S.TMS.2011.M,0.05164960063503762,0.0393271706998348,0.036449878414171605,1.0141951472528279,1.0141951472528279,highly_skewed,mad
SE.CLO.8.LDSEV.S.TMS.2011.R,0.05078770431120775,0.0405386127531528,0.04122192013598422,0.7458962263944702,0.7458962263944702,moderately_skewed,iqr
SE.CLO.8.LDSEV.S.TMS.2011.U,0.0453229938437672,0.0336508601903915,0.032113786979108515,1.0903852909937677,1.0903852909937677,highly_skewed,mad
SE.CLO.8.LDSEV.S.TMS.2015.1,0.0540004792787573,0.038970947265625,0.035956381869595586,1.2539803421523743,1.2539803421523743,highly_skewed,mad
SE.CLO.8.LDSEV.S.TMS.2015.2,0.044241675778346895,0.0321443192660809,0.03198547560349511,1.134642172800216,1.134642172800216,highly_skewed,mad
SE.CLO.8.LDSEV.S.TMS.2015.3,0.037528267458957786,0.0278533939272165,0.02732658218655743,1.0621387042504618,1.0621387042504618,highly_skewed,mad
SE.CLO.8.LDSEV.S.TMS.2015.4,0.03237318305079551,0.0243215523660183,0.02273273983803516,1.0625596486138031,1.0625596486138031,highly_skewed,mad
SE.CLO.8.LDSEV.S.TMS.2015.5,0.027736935586504197,0.019619295373559,0.02070308144923401,1.1762944901970918,1.1762944901970918,highly_skewed,mad
SE.CLO.8.LDSEV.S.TMS.2015.A,0.041811090921435284,0.030950415879488,0.027559698107638024,1.1822344714585942,1.1822344714585942,highly_skewed,mad
SE.CLO.8.LDSEV.S.TMS.2015.F,0.03495666023124666,0.0288819260895252,0.022402725185359355,0.8134814972008085,0.8134814972008085,moderately_skewed,iqr
SE.CLO.8.LDSEV.S.TMS.2015.M,0.04759241131079546,0.0303296390920877,0.033412973106274405,1.549946378354409,1.549946378354409,highly_skewed,mad
SE.CLO.8.LDSEV.S.TMS.2015.R,0.044341120586702316,0.0361866839230061,0.03084580497194888,0.7930838573781926,0.7930838573781926,moderately_skewed,iqr
SE.CLO.8.LDSEV.S.TMS.2015.U,0.04061574907973409,0.0326472446322441,0.026890750501420944,0.8889864692027376,0.8889864692027376,moderately_skewed,iqr
SE.CLO.8.LDSEV.S.TMS.2019.1,0.052394921492253034,0.0461960732936859,0.03306021277030063,0.5625052907223712,0.5625052907223712,moderately_skewed,iqr
SE.CLO.8.LDSEV.S.TMS.2019.2,0.04219730380212977,0.0348873995244503,0.02928600187405965,0.7488121091893686,0.7488121091893686,moderately_skewed,iqr
SE.CLO.8.LDSEV.S.TMS.2019.3,0.0351977146097592,0.0273930057883263,0.023605366341223743,0.9918984575727141,0.9918984575727141,moderately_skewed,iqr
SE.CLO.8.LDSEV.S.TMS.2019.4,0.02913267105551703,0.0237949658185244,0.02074966832531076,0.771728755367374,0.771728755367374,moderately_skewed,iqr
SE.CLO.8.LDSEV.S.TMS.2019.5,0.026032050805432454,0.0229962691664696,0.01629366972072815,0.558949891153284,0.558949891153284,moderately_skewed,iqr
SE.CLO.8.LDSEV.S.TMS.2019.A,0.041463782813287144,0.0368115641176701,0.024095848678028685,0.5792141324151502,0.5792141324151502,moderately_skewed,iqr
SE.CLO.8.LDSEV.S.TMS.2019.F,0.03473501356149261,0.0281166266649961,0.022422270452463297,0.8855107127346358,0.8855107127346358,moderately_skewed,iqr
SE.CLO.8.LDSEV.S.TMS.2019.M,0.04678558939221231,0.0403768755495548,0.026978648297565966,0.7126428765412657,0.7126428765412657,moderately_skewed,iqr
SE.CLO.8.LDSEV.S.TMS.2019.R,0.04505746709483285,0.0389144010841846,0.026326535814602037,0.7000236628824889,0.7000236628824889,moderately_skewed,iqr
SE.CLO.8.LDSEV.S.TMS.2019.U,0.03994030852548101,0.0347754508256912,0.02325332581481597,0.6663379347438108,0.6663379347438108,moderately_skewed,iqr
SE.CLO.8.PRF.M.TMS.2003.1,0.32665759718814946,0.3210316002368927,0.24378971391251603,0.0692317595476032,0.0692317595476032,nearly_symmetric,zscore
SE.CLO.8.PRF.M.TMS.2003.2,0.4164962884463856,0.4370447993278503,0.2788030143912031,-0.22110784124412666,0.22110784124412666,nearly_symmetric,zscore
SE.CLO.8.PRF.M.TMS.2003.3,0.47199833220498555,0.5247002243995667,0.2936469025006917,-0.5384210602506556,0.5384210602506556,moderately_skewed,iqr
SE.CLO.8.PRF.M.TMS.2003.4,0.5311516027735628,0.6074186563491821,0.3013545484721518,-0.7592424334952476,0.7592424334952476,moderately_skewed,iqr
SE.CLO.8.PRF.M.TMS.2003.5,0.6231314252414133,0.7167412638664246,0.2697359978526818,-1.0411273174906777,1.0411273174906777,highly_skewed,mad
SE.CLO.8.PRF.M.TMS.2003.A,0.4724924305615866,0.5206778645515442,0.27276504739443375,-0.5299663697777092,0.5299663697777092,moderately_skewed,iqr
SE.CLO.8.PRF.M.TMS.2003.F,0.47862174015735154,0.5390990972518921,0.2759301052723552,-0.6575290909433033,0.6575290909433033,moderately_skewed,iqr
SE.CLO.8.PRF.M.TMS.2003.M,0.46655281349692657,0.5087108016014099,0.27090224571116306,-0.4668620002814485,0.4668620002814485,nearly_symmetric,zscore
SE.CLO.8.PRF.M.TMS.2003.R,0.384928161253265,0.4040689170360565,0.23688959858121436,-0.2424009652272178,0.2424009652272178,nearly_symmetric,zscore
SE.CLO.8.PRF.M.TMS.2003.U,0.48143486816274084,0.5545799732208252,0.27698241985994765,-0.7922355335230573,0.7922355335230573,moderately_skewed,iqr
SE.CLO.8.PRF.M.TMS.2007.1,0.2522835973650217,0.2064276337623596,0.21460864836221633,0.6410174606561025,0.6410174606561025,moderately_skewed,iqr
SE.CLO.8.PRF.M.TMS.2007.2,0.33136087753202603,0.273674875497818,0.2569590833545613,0.6734846802976507,0.6734846802976507,moderately_skewed,iqr
SE.CLO.8.PRF.M.TMS.2007.3,0.3903794263732498,0.3653052747249603,0.2782898252588927,0.27030256990132157,0.27030256990132157,nearly_symmetric,zscore
SE.CLO.8.PRF.M.TMS.2007.4,0.4547466817109481,0.4786659479141235,0.28751581704286217,-0.24957861222232725,0.24957861222232725,nearly_symmetric,zscore
SE.CLO.8.PRF.M.TMS.2007.5,0.5543248348909876,0.6400396227836609,0.28227227928153853,-0.9109798678514368,0.9109798678514368,moderately_skewed,iqr
SE.CLO.8.PRF.M.TMS.2007.A,0.40183055892269665,0.4214674830436707,0.25906968834820787,-0.227393535455765,0.227393535455765,nearly_symmetric,zscore
SE.CLO.8.PRF.M.TMS.2007.F,0.40698313384138524,0.4268028438091278,0.2639163287079852,-0.22529538128357832,0.22529538128357832,nearly_symmetric,zscore
SE.CLO.8.PRF.M.TMS.2007.M,0.39699294140681307,0.4163756966590881,0.2558212375016813,-0.2273003849277481,0.2273003849277481,nearly_symmetric,zscore
SE.CLO.8.PRF.M.TMS.2007.R,0.2911625956510042,0.2519671618938446,0.21750554174671974,0.5406128980768933,0.5406128980768933,moderately_skewed,iqr
SE.CLO.8.PRF.M.TMS.2007.U,0.41394196862870075,0.4236654937267303,0.2620625410006084,-0.11131150290579263,0.11131150290579263,nearly_symmetric,zscore
SE.CLO.8.PRF.M.TMS.2011.1,0.29459608591308717,0.1917072832584381,0.2338754742891082,1.3197895542581997,1.3197895542581997,highly_skewed,mad
SE.CLO.8.PRF.M.TMS.2011.2,0.3850877100699826,0.2824586927890778,0.26400481854480057,1.1662175468606728,1.1662175468606728,highly_skewed,mad
SE.CLO.8.PRF.M.TMS.2011.3,0.45106045519442933,0.352367490530014,0.2700119598704538,1.096539924140022,1.096539924140022,highly_skewed,mad
SE.CLO.8.PRF.M.TMS.2011.4,0.5385556100426536,0.4967966377735138,0.26439934532349635,0.47381704615849707,0.47381704615849707,nearly_symmetric,zscore
SE.CLO.8.PRF.M.TMS.2011.5,0.6442357166425178,0.6651323437690735,0.2332916329539391,-0.2687189445497369,0.2687189445497369,nearly_symmetric,zscore
SE.CLO.8.PRF.M.TMS.2011.A,0.46180662953932033,0.4039900302886963,0.24649087093218666,0.7036763556228854,0.7036763556228854,moderately_skewed,iqr
SE.CLO.8.PRF.M.TMS.2011.F,0.4673974118930729,0.4154576659202576,0.24707058106174837,0.6306669019388558,0.6306669019388558,moderately_skewed,iqr
SE.CLO.8.PRF.M.TMS.2011.M,0.45638453303591203,0.3999187648296356,0.24766979723731064,0.6839643206737769,0.6839643206737769,moderately_skewed,iqr
SE.CLO.8.PRF.M.TMS.2011.R,0.3820920441713598,0.2862937748432159,0.2591614832954463,1.108941052234985,1.108941052234985,highly_skewed,mad
SE.CLO.8.PRF.M.TMS.2011.U,0.4747928577034097,0.4260820746421814,0.24582855834065234,0.5944482210288385,0.5944482210288385,moderately_skewed,iqr
SE.CLO.8.PRF.M.TMS.2015.1,0.373107327367453,0.3354494273662567,0.2463480536770194,0.4585938403706886,0.4585938403706886,nearly_symmetric,zscore
SE.CLO.8.PRF.M.TMS.2015.2,0.4655530320151764,0.5248377919197083,0.26503779780393616,-0.6710525109522858,0.6710525109522858,moderately_skewed,iqr
SE.CLO.8.PRF.M.TMS.2015.3,0.5397894711178892,0.619884192943573,0.2674161563914904,-0.8985401956240874,0.8985401956240874,moderately_skewed,iqr
SE.CLO.8.PRF.M.TMS.2015.4,0.6040613462819773,0.65086829662323,0.25489452536865265,-0.5508978696999011,0.5508978696999011,moderately_skewed,iqr
SE.CLO.8.PRF.M.TMS.2015.5,0.6870870458729127,0.7455529570579529,0.23030640082662518,-0.7615842761016447,0.7615842761016447,moderately_skewed,iqr
SE.CLO.8.PRF.M.TMS.2015.A,0.5337975901715896,0.5899362564086914,0.24789721724909414,-0.6793783350221168,0.6793783350221168,moderately_skewed,iqr
SE.CLO.8.PRF.M.TMS.2015.F,0.5368399593759986,0.5900554656982422,0.24631074930094513,-0.648150839619561,0.648150839619561,moderately_skewed,iqr
SE.CLO.8.PRF.M.TMS.2015.M,0.5307475262705017,0.5898173451423645,0.2507086868033965,-0.7068341303807892,0.7068341303807892,moderately_skewed,iqr
SE.CLO.8.PRF.M.TMS.2015.R,0.48259532699982327,0.5376009941101074,0.2610329604759346,-0.632169213535261,0.632169213535261,moderately_skewed,iqr
SE.CLO.8.PRF.M.TMS.2015.U,0.5549042621517882,0.6109858751296997,0.2434608171173001,-0.6910550984172275,0.6910550984172275,moderately_skewed,iqr
SE.CLO.8.PRF.M.TMS.2019.1,0.3882636715258871,0.4031793773174286,0.24394933180937214,-0.1834279153082123,0.1834279153082123,nearly_symmetric,zscore
SE.CLO.8.PRF.M.TMS.2019.2,0.48118119012741817,0.4814168214797974,0.25831481478004503,-0.002736560261708847,0.002736560261708847,nearly_symmetric,zscore
SE.CLO.8.PRF.M.TMS.2019.3,0.5588050424343064,0.5940088629722595,0.25515540153205785,-0.41391035024038203,0.41391035024038203,nearly_symmetric,zscore
SE.CLO.8.PRF.M.TMS.2019.4,0.6393938007808867,0.6599681973457336,0.2428638295026221,-0.25414731300642046,0.25414731300642046,nearly_symmetric,zscore
SE.CLO.8.PRF.M.TMS.2019.5,0.7312033275763193,0.8125970959663391,0.20304499597293987,-1.2025970105788855,1.2025970105788855,highly_skewed,mad
SE.CLO.8.PRF.M.TMS.2019.A,0.5486701930111105,0.5525173544883728,0.22956533520092054,-0.05027537986815589,0.05027537986815589,nearly_symmetric,zscore
SE.CLO.8.PRF.M.TMS.2019.F,0.5566578448721857,0.5934246778488159,0.22905139387849616,-0.48155349357271837,0.48155349357271837,nearly_symmetric,zscore
SE.CLO.8.PRF.M.TMS.2019.M,0.5411460889559804,0.5675027966499329,0.23218135724930422,-0.3405532813599504,0.3405532813599504,nearly_symmetric,zscore
SE.CLO.8.PRF.M.TMS.2019.R,0.4633195711480033,0.5356935262680054,0.23814025786484183,-0.9117394400540004,0.9117394400540004,moderately_skewed,iqr
SE.CLO.8.PRF.M.TMS.2019.U,0.56939048974803,0.5849215388298035,0.22759275018898137,-0.2047215792534337,0.2047215792534337,nearly_symmetric,zscore
SE.CLO.8.PRF.S.TMS.2003.1,0.3826096788929451,0.3882117867469788,0.2432619940519294,-0.06908733782110425,0.06908733782110425,nearly_symmetric,zscore
SE.CLO.8.PRF.S.TMS.2003.2,0.4735606628945907,0.4893914461135864,0.2761185390219982,-0.17199985855786196,0.17199985855786196,nearly_symmetric,zscore
SE.CLO.8.PRF.S.TMS.2003.3,0.527513564888226,0.5842776298522949,0.2881963152646322,-0.5908895633722395,0.5908895633722395,moderately_skewed,iqr
SE.CLO.8.PRF.S.TMS.2003.4,0.5796146681937187,0.6135796904563904,0.2849662986107476,-0.35756883282257773,0.35756883282257773,nearly_symmetric,zscore
SE.CLO.8.PRF.S.TMS.2003.5,0.6674895426663368,0.7130752801895142,0.24878195906526665,-0.5497071133427913,0.5497071133427913,moderately_skewed,iqr
SE.CLO.8.PRF.S.TMS.2003.A,0.5249292528985635,0.5534733533859253,0.2645875280396779,-0.32364451225850605,0.32364451225850605,nearly_symmetric,zscore
SE.CLO.8.PRF.S.TMS.2003.F,0.5150626625703729,0.5360405445098877,0.261695524836272,-0.2404842263081049,0.2404842263081049,nearly_symmetric,zscore
SE.CLO.8.PRF.S.TMS.2003.M,0.5350715833027726,0.5901126265525818,0.26975579434904595,-0.6121207892786513,0.6121207892786513,moderately_skewed,iqr
SE.CLO.8.PRF.S.TMS.2003.R,0.4593009636650095,0.4812397062778473,0.2597274139362997,-0.2534050096639215,0.2534050096639215,nearly_symmetric,zscore
SE.CLO.8.PRF.S.TMS.2003.U,0.5314806239355517,0.5307313203811646,0.26633262698901655,0.008440237640333297,0.008440237640333297,nearly_symmetric,zscore
SE.CLO.8.PRF.S.TMS.2007.1,0.3134889395340629,0.2798786759376526,0.19741862595370208,0.5107460874176963,0.5107460874176963,moderately_skewed,iqr
SE.CLO.8.PRF.S.TMS.2007.2,0.4073615483129802,0.3733962178230286,0.2376846599634722,0.4287024307143521,0.4287024307143521,nearly_symmetric,zscore
SE.CLO.8.PRF.S.TMS.2007.3,0.46422361695896025,0.4647838175296783,0.2530461192429345,-0.006641483841689236,0.006641483841689236,nearly_symmetric,zscore
SE.CLO.8.PRF.S.TMS.2007.4,0.528346480153825,0.5480453372001648,0.251903178539018,-0.23460033923258217,0.23460033923258217,nearly_symmetric,zscore
SE.CLO.8.PRF.S.TMS.2007.5,0.6278481985563817,0.6517473459243774,0.23858221922298134,-0.3005146080772178,0.3005146080772178,nearly_symmetric,zscore
SE.CLO.8.PRF.S.TMS.2007.A,0.4735053687336597,0.476730614900589,0.2328827886423221,-0.041547675365775846,0.041547675365775846,nearly_symmetric,zscore
SE.CLO.8.PRF.S.TMS.2007.F,0.4857635613768659,0.5112639665603638,0.23227617226966535,-0.32935455584173373,0.32935455584173373,nearly_symmetric,zscore
SE.CLO.8.PRF.S.TMS.2007.M,0.46164659331453606,0.4513711333274841,0.23923866930093096,0.12885199558763802,0.12885199558763802,nearly_symmetric,zscore
SE.CLO.8.PRF.S.TMS.2007.R,0.3843052855931049,0.3736985623836517,0.22669918903440728,0.14036296187866001,0.14036296187866001,nearly_symmetric,zscore
SE.CLO.8.PRF.S.TMS.2007.U,0.4835543632507324,0.4972525537014008,0.23418134640394125,-0.17548183056869449,0.17548183056869449,nearly_symmetric,zscore
SE.CLO.8.PRF.S.TMS.2011.1,0.35197921577644975,0.2977465987205505,0.21815781237725165,0.7457805402189809,0.7457805402189809,moderately_skewed,iqr
SE.CLO.8.PRF.S.TMS.2011.2,0.4492490197482862,0.3907438516616821,0.24785237904149424,0.7081453280318458,0.7081453280318458,moderately_skewed,iqr
SE.CLO.8.PRF.S.TMS.2011.3,0.5172305063001419,0.4581914246082306,0.2516453446064428,0.7038367642077143,0.7038367642077143,moderately_skewed,iqr
SE.CLO.8.PRF.S.TMS.2011.4,0.6004914086508123,0.5975303649902344,0.24608201372871885,0.03609825377780979,0.03609825377780979,nearly_symmetric,zscore
SE.CLO.8.PRF.S.TMS.2011.5,0.6969641113751813,0.7224557995796204,0.2142043462282666,-0.35701920133693993,0.35701920133693993,nearly_symmetric,zscore
SE.CLO.8.PRF.S.TMS.2011.A,0.5223560923416364,0.471502810716629,0.23034385955837297,0.6623134871818062,0.6623134871818062,moderately_skewed,iqr
SE.CLO.8.PRF.S.TMS.2011.F,0.5348416334508281,0.5202428102493286,0.2271763263774618,0.19278623923044308,0.19278623923044308,nearly_symmetric,zscore
SE.CLO.8.PRF.S.TMS.2011.M,0.5101844186061307,0.4731133282184601,0.23836589775566583,0.46656536111138597,0.46656536111138597,nearly_symmetric,zscore
SE.CLO.8.PRF.S.TMS.2011.R,0.4597183655326565,0.3647841513156891,0.25555939789855897,1.1144283677016291,1.1144283677016291,highly_skewed,mad
SE.CLO.8.PRF.S.TMS.2011.U,0.5335170599190813,0.5030227899551392,0.23017833401927548,0.3974431837019266,0.3974431837019266,nearly_symmetric,zscore
SE.CLO.8.PRF.S.TMS.2015.1,0.4177079099942656,0.3811828792095184,0.21875899691813547,0.5008941067472856,0.5008941067472856,moderately_skewed,iqr
SE.CLO.8.PRF.S.TMS.2015.2,0.5188023005338276,0.5329805016517639,0.23924488311772388,-0.17778688847810895,0.17778688847810895,nearly_symmetric,zscore
SE.CLO.8.PRF.S.TMS.2015.3,0.5965302831986371,0.6060289740562439,0.23718691382655235,-0.12014184135663869,0.12014184135663869,nearly_symmetric,zscore
SE.CLO.8.PRF.S.TMS.2015.4,0.6536043847308439,0.6735517382621765,0.2220170013862196,-0.26953818950962605,0.26953818950962605,nearly_symmetric,zscore
SE.CLO.8.PRF.S.TMS.2015.5,0.7297640092232648,0.7876834869384766,0.20418234414489306,-0.8509963673564834,0.8509963673564834,moderately_skewed,iqr
SE.CLO.8.PRF.S.TMS.2015.A,0.5831650828613955,0.5962919592857361,0.219947147788343,-0.17904587383382753,0.17904587383382753,nearly_symmetric,zscore
SE.CLO.8.PRF.S.TMS.2015.F,0.6009147623006035,0.6249947547912598,0.20973690768740763,-0.34443140345921136,0.34443140345921136,nearly_symmetric,zscore
SE.CLO.8.PRF.S.TMS.2015.M,0.5654657579520169,0.5920146107673645,0.23390787075959518,-0.3405039693080766,0.3405039693080766,nearly_symmetric,zscore
SE.CLO.8.PRF.S.TMS.2015.R,0.5385706248608503,0.5704148411750793,0.24007138922963517,-0.3979343363207162,0.3979343363207162,nearly_symmetric,zscore
SE.CLO.8.PRF.S.TMS.2015.U,0.6022134234800058,0.628835141658783,0.21426014006184899,-0.37274854069113017,0.37274854069113017,nearly_symmetric,zscore
SE.CLO.8.PRF.S.TMS.2019.1,0.4250481128692627,0.3675377368927002,0.2042940656348102,0.8445234441518181,0.8445234441518181,moderately_skewed,iqr
SE.CLO.8.PRF.S.TMS.2019.2,0.5246036641654515,0.5207065343856812,0.22190634311646482,0.052686143059799004,0.052686143059799004,nearly_symmetric,zscore
SE.CLO.8.PRF.S.TMS.2019.3,0.6032717334372657,0.6216884851455688,0.22024517423112372,-0.25085796007920796,0.25085796007920796,nearly_symmetric,zscore
SE.CLO.8.PRF.S.TMS.2019.4,0.6890437432697841,0.7085548639297485,0.20880250404491055,-0.2803288315321329,0.2803288315321329,nearly_symmetric,zscore
SE.CLO.8.PRF.S.TMS.2019.5,0.7707963415554592,0.7784172296524048,0.18140572450677142,-0.12603055583278147,0.12603055583278147,nearly_symmetric,zscore
SE.CLO.8.PRF.S.TMS.2019.A,0.5868658694353971,0.5856947898864746,0.20135607829040283,0.017447889711581146,0.017447889711581146,nearly_symmetric,zscore
SE.CLO.8.PRF.S.TMS.2019.F,0.6138607651898356,0.6301877498626709,0.19465723505045454,-0.25162668115475023,0.25162668115475023,nearly_symmetric,zscore
SE.CLO.8.PRF.S.TMS.2019.M,0.5601873659726345,0.5700820684432983,0.21351690870886414,-0.1390246214760748,0.1390246214760748,nearly_symmetric,zscore
SE.CLO.8.PRF.S.TMS.2019.R,0.5132176760704287,0.528376042842865,0.2214771971359897,-0.20532633113189833,0.20532633113189833,nearly_symmetric,zscore
SE.CLO.8.PRF.S.TMS.2019.U,0.6042111177336086,0.6005896329879761,0.19777002469671007,0.0549347872791071,0.0549347872791071,nearly_symmetric,zscore
SE.CLO.9.LDGAP.M.TMS.2007.1,0.2077244073152542,0.2077244073152542,,0.0,0.0,nearly_symmetric,zscore
SE.CLO.9.LDGAP.M.TMS.2007.2,0.1512272953987122,0.1512272953987122,,0.0,0.0,nearly_symmetric,zscore
SE.CLO.9.LDGAP.M.TMS.2007.3,0.1667517423629761,0.1667517423629761,,0.0,0.0,nearly_symmetric,zscore
SE.CLO.9.LDGAP.M.TMS.2007.4,0.1306871771812439,0.1306871771812439,,0.0,0.0,nearly_symmetric,zscore
SE.CLO.9.LDGAP.M.TMS.2007.5,0.1160012632608414,0.1160012632608414,,0.0,0.0,nearly_symmetric,zscore
SE.CLO.9.LDGAP.M.TMS.2007.A,0.1649101823568344,0.1649101823568344,,0.0,0.0,nearly_symmetric,zscore
SE.CLO.9.LDGAP.M.TMS.2007.F,0.159448429942131,0.159448429942131,,0.0,0.0,nearly_symmetric,zscore
SE.CLO.9.LDGAP.M.TMS.2007.M,0.1703995168209076,0.1703995168209076,,0.0,0.0,nearly_symmetric,zscore
SE.CLO.9.LDGAP.M.TMS.2007.R,0.1736033707857132,0.1736033707857132,,0.0,0.0,nearly_symmetric,zscore
SE.CLO.9.LDGAP.M.TMS.2007.U,0.1636674553155899,0.1636674553155899,,0.0,0.0,nearly_symmetric,zscore
SE.CLO.9.LDGAP.M.TMS.2011.1,0.2352395330866178,0.1901338547468185,0.0801491544489797,1.688315191216849,1.688315191216849,highly_skewed,mad
SE.CLO.9.LDGAP.M.TMS.2011.2,0.21748811875780424,0.1758778691291809,0.08704568216824692,1.4340831822604359,1.4340831822604359,highly_skewed,mad
SE.CLO.9.LDGAP.M.TMS.2011.3,0.20350982000430426,0.1580964475870132,0.0902282328882599,1.509949966775867,1.509949966775867,highly_skewed,mad
SE.CLO.9.LDGAP.M.TMS.2011.4,0.19010656947890917,0.1579454094171524,0.08384740492538754,1.1507032360885476,1.1507032360885476,highly_skewed,mad
SE.CLO.9.LDGAP.M.TMS.2011.5,0.15868264312545458,0.1386778205633163,0.06551112341329977,0.9160958408206902,0.9160958408206902,moderately_skewed,iqr
SE.CLO.9.LDGAP.M.TMS.2011.A,0.20715542634328207,0.1681477278470993,0.07731591228697324,1.513570648357534,1.513570648357534,highly_skewed,mad
SE.CLO.9.LDGAP.M.TMS.2011.F,0.20442192504803344,0.1589423716068268,0.08328743991165258,1.6381660964528102,1.6381660964528102,highly_skewed,mad
SE.CLO.9.LDGAP.M.TMS.2011.M,0.20869545390208563,0.176189199090004,0.07201532668969601,1.3541390273273306,1.3541390273273306,highly_skewed,mad
SE.CLO.9.LDGAP.M.TMS.2011.R,0.22397991567850112,0.1868102699518204,0.10787027610246092,1.0337318231588195,1.0337318231588195,highly_skewed,mad
SE.CLO.9.LDGAP.M.TMS.2011.U,0.20176196098327637,0.1611500531435013,0.0728388610461103,1.6726747476487536,1.6726747476487536,highly_skewed,mad
SE.CLO.9.LDGAP.M.TMS.2015.1,0.20074997221430144,0.1736561954021454,0.06535952942536126,1.2436033605365695,1.2436033605365695,highly_skewed,mad
SE.CLO.9.LDGAP.M.TMS.2015.2,0.1787907804052035,0.1482963711023331,0.07235867487258414,1.2643021457994266,1.2643021457994266,highly_skewed,mad
SE.CLO.9.LDGAP.M.TMS.2015.3,0.16575213025013605,0.139378547668457,0.06882246868722433,1.1496354207317834,1.1496354207317834,highly_skewed,mad
SE.CLO.9.LDGAP.M.TMS.2015.4,0.15102118626236916,0.1260517090559006,0.06137413794201029,1.2205211206417812,1.2205211206417812,highly_skewed,mad
SE.CLO.9.LDGAP.M.TMS.2015.5,0.12824679290254912,0.1031693369150162,0.046350982763380226,1.6231018950915614,1.6231018950915614,highly_skewed,mad
SE.CLO.9.LDGAP.M.TMS.2015.A,0.17157820363839468,0.1500242054462433,0.060983327715118385,1.0603225012337893,1.0603225012337893,highly_skewed,mad
SE.CLO.9.LDGAP.M.TMS.2015.F,0.1647059184809526,0.1460621356964111,0.05796366415802063,0.9649381067619246,0.9649381067619246,moderately_skewed,iqr
SE.CLO.9.LDGAP.M.TMS.2015.M,0.1783057041466236,0.1533928960561752,0.06470761857684902,1.1550173830394217,1.1550173830394217,highly_skewed,mad
SE.CLO.9.LDGAP.M.TMS.2015.R,0.18177084376414618,0.1499015837907791,0.07065179737788084,1.353225020005413,1.353225020005413,highly_skewed,mad
SE.CLO.9.LDGAP.M.TMS.2015.U,0.16077415893475214,0.134716272354126,0.05183821204798862,1.5080315592194815,1.5080315592194815,highly_skewed,mad
SE.CLO.9.LDGAP.M.TMS.2019.1,0.2184624969959259,0.1874141097068787,0.04390905039398296,2.1213203435596437,2.1213203435596437,very_highly_skewed,mad
SE.CLO.9.LDGAP.M.TMS.2019.2,0.19737151265144345,0.1529939770698547,0.06275931268417739,2.121320343559643,2.121320343559643,very_highly_skewed,mad
SE.CLO.9.LDGAP.M.TMS.2019.3,0.1795502528548241,0.1291395574808121,0.0712914890865864,2.1213203435596424,2.1213203435596424,very_highly_skewed,mad
SE.CLO.9.LDGAP.M.TMS.2019.4,0.1508190743625164,0.0981991961598396,0.07441574540464593,2.1213203435596424,2.1213203435596424,very_highly_skewed,mad
SE.CLO.9.LDGAP.M.TMS.2019.5,0.1391288973391056,0.1017655208706856,0.05283979373769132,2.1213203435596424,2.1213203435596424,very_highly_skewed,mad
SE.CLO.9.LDGAP.M.TMS.2019.A,0.15827082097530365,0.1463004648685455,0.06018649487956249,0.5966632280569764,0.5966632280569764,moderately_skewed,iqr
SE.CLO.9.LDGAP.M.TMS.2019.F,0.15274704247713092,0.1433486640453339,0.06208073815437324,0.45416881521736374,0.45416881521736374,nearly_symmetric,zscore
SE.CLO.9.LDGAP.M.TMS.2019.M,0.16347062836090723,0.1491570472717285,0.05906417384443287,0.7270184355856122,0.7270184355856122,moderately_skewed,iqr
SE.CLO.9.LDGAP.M.TMS.2019.R,0.17028002440929413,0.1584298759698868,0.06964262396155647,0.510469641951547,0.510469641951547,moderately_skewed,iqr
SE.CLO.9.LDGAP.M.TMS.2019.U,0.14835365364948908,0.1335906535387039,0.05306948306306839,0.8345474230401301,0.8345474230401301,moderately_skewed,iqr
SE.CLO.9.LDGAP.S.TMS.2007.1,0.2814282774925232,0.2814282774925232,,0.0,0.0,nearly_symmetric,zscore
SE.CLO.9.LDGAP.S.TMS.2007.2,0.2006916552782059,0.2006916552782059,,0.0,0.0,nearly_symmetric,zscore
SE.CLO.9.LDGAP.S.TMS.2007.3,0.2140922695398331,0.2140922695398331,,0.0,0.0,nearly_symmetric,zscore
SE.CLO.9.LDGAP.S.TMS.2007.4,0.1733275651931763,0.1733275651931763,,0.0,0.0,nearly_symmetric,zscore
SE.CLO.9.LDGAP.S.TMS.2007.5,0.1525484770536423,0.1525484770536423,,0.0,0.0,nearly_symmetric,zscore
SE.CLO.9.LDGAP.S.TMS.2007.A,0.2175211161375046,0.2175211161375046,,0.0,0.0,nearly_symmetric,zscore
SE.CLO.9.LDGAP.S.TMS.2007.F,0.2108495831489563,0.2108495831489563,,0.0,0.0,nearly_symmetric,zscore
SE.CLO.9.LDGAP.S.TMS.2007.M,0.2245301306247711,0.2245301306247711,,0.0,0.0,nearly_symmetric,zscore
SE.CLO.9.LDGAP.S.TMS.2007.R,0.2326013743877411,0.2326013743877411,,0.0,0.0,nearly_symmetric,zscore
SE.CLO.9.LDGAP.S.TMS.2007.U,0.2156367003917694,0.2156367003917694,,0.0,0.0,nearly_symmetric,zscore
SE.CLO.9.LDGAP.S.TMS.2011.1,0.24597169210513434,0.2259386330842972,0.1013470545133936,0.5930036876855551,0.5930036876855551,moderately_skewed,iqr
SE.CLO.9.LDGAP.S.TMS.2011.2,0.22733997429410616,0.2124333381652832,0.10327945738070117,0.4329990640987356,0.4329990640987356,nearly_symmetric,zscore
SE.CLO.9.LDGAP.S.TMS.2011.3,0.20829951390624044,0.1902475953102112,0.10245111966859924,0.52860091683982,0.52860091683982,moderately_skewed,iqr
SE.CLO.9.LDGAP.S.TMS.2011.4,0.19560846189657846,0.1851129680871964,0.09410015357773123,0.3346060578119761,0.3346060578119761,nearly_symmetric,zscore
SE.CLO.9.LDGAP.S.TMS.2011.5,0.1605136493841807,0.1607680171728134,0.06674337977040515,-0.011433394121231578,0.011433394121231578,nearly_symmetric,zscore
SE.CLO.9.LDGAP.S.TMS.2011.A,0.21513455361127853,0.1984302550554276,0.0900897334878052,0.5562553437272206,0.5562553437272206,moderately_skewed,iqr
SE.CLO.9.LDGAP.S.TMS.2011.F,0.21016834552089372,0.1848335117101669,0.08948759342974798,0.8493300413967173,0.8493300413967173,moderately_skewed,iqr
SE.CLO.9.LDGAP.S.TMS.2011.M,0.21880455439289412,0.2100544422864914,0.09189310869892194,0.28566164199771094,0.28566164199771094,nearly_symmetric,zscore
SE.CLO.9.LDGAP.S.TMS.2011.R,0.2675502896308899,0.2156244218349457,0.11365573069902866,1.3706093166595064,1.3706093166595064,highly_skewed,mad
SE.CLO.9.LDGAP.S.TMS.2011.U,0.20807489876945814,0.1927008777856827,0.08296493441412552,0.5559223698183702,0.5559223698183702,moderately_skewed,iqr
SE.CLO.9.LDGAP.S.TMS.2015.1,0.23041285326083502,0.1940906494855881,0.08195608826429984,1.3295731120589211,1.3295731120589211,highly_skewed,mad
SE.CLO.9.LDGAP.S.TMS.2015.2,0.2049792818725109,0.1682364195585251,0.08822838370488828,1.2493551656874589,1.2493551656874589,highly_skewed,mad
SE.CLO.9.LDGAP.S.TMS.2015.3,0.18980831031998,0.1558235883712769,0.08534905571106852,1.194555288241898,1.194555288241898,highly_skewed,mad
SE.CLO.9.LDGAP.S.TMS.2015.4,0.17401947950323424,0.1334346234798431,0.07443580464870876,1.635698957575324,1.635698957575324,highly_skewed,mad
SE.CLO.9.LDGAP.S.TMS.2015.5,0.14637813841303188,0.115722693502903,0.05097394546180638,1.8041831743099999,1.8041831743099999,highly_skewed,mad
SE.CLO.9.LDGAP.S.TMS.2015.A,0.19688314571976662,0.1634202748537064,0.07536255144300917,1.332075555776489,1.332075555776489,highly_skewed,mad
SE.CLO.9.LDGAP.S.TMS.2015.F,0.1854851171374321,0.1442830115556717,0.07226572457968451,1.7104418099203516,1.7104418099203516,highly_skewed,mad
SE.CLO.9.LDGAP.S.TMS.2015.M,0.2075757992764314,0.1787232011556625,0.07999746347001167,1.0820067363105117,1.0820067363105117,highly_skewed,mad
SE.CLO.9.LDGAP.S.TMS.2015.R,0.2098307808240255,0.1680689603090286,0.08647101638153815,1.4488723133794412,1.4488723133794412,highly_skewed,mad
SE.CLO.9.LDGAP.S.TMS.2015.U,0.1836035524805387,0.1620666682720184,0.06309917847974593,1.023953943335413,1.023953943335413,highly_skewed,mad
SE.CLO.9.LDGAP.S.TMS.2019.1,0.25676582008600235,0.1879596263170242,0.09730665240336006,2.121320343559642,2.121320343559642,very_highly_skewed,mad
SE.CLO.9.LDGAP.S.TMS.2019.2,0.22869601100683212,0.146785631775856,0.11583876920756991,2.121320343559643,2.121320343559643,very_highly_skewed,mad
SE.CLO.9.LDGAP.S.TMS.2019.3,0.2115013599395752,0.1334039270877838,0.11044644872552548,2.1213203435596424,2.1213203435596424,very_highly_skewed,mad
SE.CLO.9.LDGAP.S.TMS.2019.4,0.18064770102500916,0.1052228808403015,0.10666680364476552,2.121320343559643,2.121320343559643,very_highly_skewed,mad
SE.CLO.9.LDGAP.S.TMS.2019.5,0.16265999898314476,0.1063515916466713,0.07963211333086943,2.1213203435596433,2.1213203435596433,very_highly_skewed,mad
SE.CLO.9.LDGAP.S.TMS.2019.A,0.1934616367022197,0.1506362557411194,0.0801217000250908,1.603512442235592,1.603512442235592,highly_skewed,mad
SE.CLO.9.LDGAP.S.TMS.2019.F,0.1799105728665988,0.1441779434680939,0.08322399043699463,1.2880647471076232,1.2880647471076232,highly_skewed,mad
SE.CLO.9.LDGAP.S.TMS.2019.M,0.20587748289108276,0.1636674255132675,0.0793640641111965,1.5955605796097474,1.5955605796097474,highly_skewed,mad
SE.CLO.9.LDGAP.S.TMS.2019.R,0.2069388578335444,0.1619803756475449,0.09476880036450294,1.423205169203747,1.423205169203747,highly_skewed,mad
SE.CLO.9.LDGAP.S.TMS.2019.U,0.18131031592686972,0.1420536786317825,0.07069501994646199,1.6658869602759843,1.6658869602759843,highly_skewed,mad
SE.CLO.9.LDSEV.M.TMS.2007.1,0.0627585276961327,0.0627585276961327,,0.0,0.0,nearly_symmetric,zscore
SE.CLO.9.LDSEV.M.TMS.2007.2,0.0378455109894276,0.0378455109894276,,0.0,0.0,nearly_symmetric,zscore
SE.CLO.9.LDSEV.M.TMS.2007.3,0.0439155660569668,0.0439155660569668,,0.0,0.0,nearly_symmetric,zscore
SE.CLO.9.LDSEV.M.TMS.2007.4,0.0291489623486996,0.0291489623486996,,0.0,0.0,nearly_symmetric,zscore
SE.CLO.9.LDSEV.M.TMS.2007.5,0.0249564182013273,0.0249564182013273,,0.0,0.0,nearly_symmetric,zscore
SE.CLO.9.LDSEV.M.TMS.2007.A,0.0441265627741814,0.0441265627741814,,0.0,0.0,nearly_symmetric,zscore
SE.CLO.9.LDSEV.M.TMS.2007.F,0.0411568395793438,0.0411568395793438,,0.0,0.0,nearly_symmetric,zscore
SE.CLO.9.LDSEV.M.TMS.2007.M,0.0471067614853382,0.0471067614853382,,0.0,0.0,nearly_symmetric,zscore
SE.CLO.9.LDSEV.M.TMS.2007.R,0.0476738139986992,0.0476738139986992,,0.0,0.0,nearly_symmetric,zscore
SE.CLO.9.LDSEV.M.TMS.2007.U,0.0436123311519623,0.0436123311519623,,0.0,0.0,nearly_symmetric,zscore
SE.CLO.9.LDSEV.M.TMS.2011.1,0.07705930868784584,0.0532988347113132,0.043868257837035365,1.6248974872537396,1.6248974872537396,highly_skewed,mad
SE.CLO.9.LDSEV.M.TMS.2011.2,0.0685622924938798,0.0463368073105812,0.04376420635634499,1.523538551276138,1.523538551276138,highly_skewed,mad
SE.CLO.9.LDSEV.M.TMS.2011.3,0.06237186895062528,0.0391655266284943,0.04401610860603407,1.5816715555097713,1.5816715555097713,highly_skewed,mad
SE.CLO.9.LDSEV.M.TMS.2011.4,0.05604134965687991,0.0394250340759754,0.038013892194398255,1.3113349847943037,1.3113349847943037,highly_skewed,mad
SE.CLO.9.LDSEV.M.TMS.2011.5,0.041386453745265804,0.0313806533813477,0.026975343395860704,1.1127717876006875,1.1127717876006875,highly_skewed,mad
SE.CLO.9.LDSEV.M.TMS.2011.A,0.0634520472958684,0.0436151698231697,0.03831086521224946,1.5533617444658556,1.5533617444658556,highly_skewed,mad
SE.CLO.9.LDSEV.M.TMS.2011.F,0.06258153977493446,0.0394271090626717,0.04196983795382257,1.655076491198642,1.655076491198642,highly_skewed,mad
SE.CLO.9.LDSEV.M.TMS.2011.M,0.06363341895242533,0.047273613512516,0.035042050255312006,1.400586323064475,1.400586323064475,highly_skewed,mad
SE.CLO.9.LDSEV.M.TMS.2011.R,0.07474525291472671,0.05116892978549,0.05518567492240544,1.281654514276749,1.281654514276749,highly_skewed,mad
SE.CLO.9.LDSEV.M.TMS.2011.U,0.06026975748439628,0.0408142693340778,0.03507855322439576,1.6638788971023997,1.6638788971023997,highly_skewed,mad
SE.CLO.9.LDSEV.M.TMS.2015.1,0.05890151113271711,0.0437914244830608,0.03138378932028091,1.4443845351611349,1.4443845351611349,highly_skewed,mad
SE.CLO.9.LDSEV.M.TMS.2015.2,0.04984103515744209,0.0347601138055325,0.033660897315864684,1.3440748067760353,1.3440748067760353,highly_skewed,mad
SE.CLO.9.LDSEV.M.TMS.2015.3,0.04464640887454152,0.0299122910946608,0.03082458555028857,1.43399667994006,1.43399667994006,highly_skewed,mad
SE.CLO.9.LDSEV.M.TMS.2015.4,0.038053298679490886,0.0253942105919123,0.026115246221931076,1.4542181199441724,1.4542181199441724,highly_skewed,mad
SE.CLO.9.LDSEV.M.TMS.2015.5,0.02841656313588223,0.0183062106370926,0.01815871791045539,1.670330341929313,1.670330341929313,highly_skewed,mad
SE.CLO.9.LDSEV.M.TMS.2015.A,0.04657177068293094,0.0343570709228516,0.027692849756976813,1.323233238970145,1.323233238970145,highly_skewed,mad
SE.CLO.9.LDSEV.M.TMS.2015.F,0.04318931791931391,0.0325606167316437,0.025648186131746475,1.2432108609638897,1.2432108609638897,highly_skewed,mad
SE.CLO.9.LDSEV.M.TMS.2015.M,0.0499048043663303,0.0358815342187881,0.030208001638621203,1.3926710858238296,1.3926710858238296,highly_skewed,mad
SE.CLO.9.LDSEV.M.TMS.2015.R,0.05173253423223894,0.0363222509622574,0.03277637750658026,1.4104929625204377,1.4104929625204377,highly_skewed,mad
SE.CLO.9.LDSEV.M.TMS.2015.U,0.041272817490001515,0.0307747777551413,0.022674925872485124,1.3889403379614647,1.3889403379614647,highly_skewed,mad
SE.CLO.9.LDSEV.M.TMS.2019.1,0.0638061016798019,0.0504117980599403,0.018942405837751315,2.121320343559642,2.121320343559642,very_highly_skewed,mad
SE.CLO.9.LDSEV.M.TMS.2019.2,0.0537730064243078,0.035403985530138,0.02597771847604969,2.1213203435596424,2.1213203435596424,very_highly_skewed,mad
SE.CLO.9.LDSEV.M.TMS.2019.3,0.04707507230341435,0.0276780240237713,0.027431568747076914,2.121320343559643,2.121320343559643,very_highly_skewed,mad
SE.CLO.9.LDSEV.M.TMS.2019.4,0.03556082118302585,0.0160676334053278,0.02756753052910603,2.121320343559643,2.121320343559643,very_highly_skewed,mad
SE.CLO.9.LDSEV.M.TMS.2019.5,0.03106006514281035,0.0181510280817747,0.018256135288893534,2.1213203435596433,2.1213203435596433,very_highly_skewed,mad
SE.CLO.9.LDSEV.M.TMS.2019.A,0.039030772944291435,0.0341428518295288,0.023339296920861573,0.628286421566575,0.628286421566575,moderately_skewed,iqr
SE.CLO.9.LDSEV.M.TMS.2019.F,0.03688507806509733,0.0330134704709053,0.023574477244334598,0.4926863345556208,0.4926863345556208,nearly_symmetric,zscore
SE.CLO.9.LDSEV.M.TMS.2019.M,0.041079933444658906,0.0352344736456871,0.023390188461847802,0.7497322830690032,0.7497322830690032,moderately_skewed,iqr
SE.CLO.9.LDSEV.M.TMS.2019.R,0.044422245273987436,0.0396819859743118,0.02808000489952467,0.506437871001498,0.506437871001498,moderately_skewed,iqr
SE.CLO.9.LDSEV.M.TMS.2019.U,0.03471265298624834,0.0289533045142889,0.019858496196920705,0.8700580972771482,0.8700580972771482,moderately_skewed,iqr
SE.CLO.9.LDSEV.S.TMS.2007.1,0.1140350475907326,0.1140350475907326,,0.0,0.0,nearly_symmetric,zscore
SE.CLO.9.LDSEV.S.TMS.2007.2,0.0649705305695534,0.0649705305695534,,0.0,0.0,nearly_symmetric,zscore
SE.CLO.9.LDSEV.S.TMS.2007.3,0.071636974811554,0.071636974811554,,0.0,0.0,nearly_symmetric,zscore
SE.CLO.9.LDSEV.S.TMS.2007.4,0.0504074357450008,0.0504074357450008,,0.0,0.0,nearly_symmetric,zscore
SE.CLO.9.LDSEV.S.TMS.2007.5,0.042695190757513,0.042695190757513,,0.0,0.0,nearly_symmetric,zscore
SE.CLO.9.LDSEV.S.TMS.2007.A,0.076045498251915,0.076045498251915,,0.0,0.0,nearly_symmetric,zscore
SE.CLO.9.LDSEV.S.TMS.2007.F,0.0719949975609779,0.0719949975609779,,0.0,0.0,nearly_symmetric,zscore
SE.CLO.9.LDSEV.S.TMS.2007.M,0.0802948400378227,0.0802948400378227,,0.0,0.0,nearly_symmetric,zscore
SE.CLO.9.LDSEV.S.TMS.2007.R,0.0839517936110497,0.0839517936110497,,0.0,0.0,nearly_symmetric,zscore
SE.CLO.9.LDSEV.S.TMS.2007.U,0.0750303640961647,0.0750303640961647,,0.0,0.0,nearly_symmetric,zscore
SE.CLO.9.LDSEV.S.TMS.2011.1,0.09026656796534854,0.0731166824698448,0.06461622882625041,0.7962342807850423,0.7962342807850423,moderately_skewed,iqr
SE.CLO.9.LDSEV.S.TMS.2011.2,0.08026235147068897,0.065820001065731,0.05902735973751987,0.7340164189545094,0.7340164189545094,moderately_skewed,iqr
SE.CLO.9.LDSEV.S.TMS.2011.3,0.07107092595348755,0.0549649856984615,0.05539831619171139,0.8721893387132835,0.8721893387132835,moderately_skewed,iqr
SE.CLO.9.LDSEV.S.TMS.2011.4,0.06449757330119611,0.0533694364130497,0.04874615946686906,0.6848623774582565,0.6848623774582565,moderately_skewed,iqr
SE.CLO.9.LDSEV.S.TMS.2011.5,0.04549336743851501,0.0416156500577927,0.030169187304797535,0.38559713341423074,0.38559713341423074,nearly_symmetric,zscore
SE.CLO.9.LDSEV.S.TMS.2011.A,0.07351929042488337,0.0594788081943989,0.05159789230311364,0.8163404513504053,0.8163404513504053,moderately_skewed,iqr
SE.CLO.9.LDSEV.S.TMS.2011.F,0.07076153407494228,0.0526233315467834,0.05005426256311647,1.0871123616267833,1.0871123616267833,highly_skewed,mad
SE.CLO.9.LDSEV.S.TMS.2011.M,0.07562069594860076,0.0653395354747772,0.05374249286573115,0.5739123694639405,0.5739123694639405,moderately_skewed,iqr
SE.CLO.9.LDSEV.S.TMS.2011.R,0.10354005359113215,0.068260557949543,0.07559785554805383,1.400019698409185,1.400019698409185,highly_skewed,mad
SE.CLO.9.LDSEV.S.TMS.2011.U,0.06877987273037432,0.0565921068191528,0.045376272832574956,0.8057801016088815,0.8057801016088815,moderately_skewed,iqr
SE.CLO.9.LDSEV.S.TMS.2015.1,0.08047888831545912,0.055173471570015,0.047461212917587314,1.5995429861464976,1.5995429861464976,highly_skewed,mad
SE.CLO.9.LDSEV.S.TMS.2015.2,0.06869344599545003,0.0443410091102123,0.0495361659249034,1.474827720144263,1.474827720144263,highly_skewed,mad
SE.CLO.9.LDSEV.S.TMS.2015.3,0.06177863540748755,0.0387849099934101,0.04591266067784804,1.5024434485783225,1.5024434485783225,highly_skewed,mad
SE.CLO.9.LDSEV.S.TMS.2015.4,0.0528906829034289,0.0308253895491362,0.040030386569778406,1.6536407897907677,1.6536407897907677,highly_skewed,mad
SE.CLO.9.LDSEV.S.TMS.2015.5,0.03799026117970548,0.0231221411377192,0.02559362964928792,1.742791496836395,1.742791496836395,highly_skewed,mad
SE.CLO.9.LDSEV.S.TMS.2015.A,0.06409186994036037,0.041960846632719,0.04178255089957,1.5890142773357425,1.5890142773357425,highly_skewed,mad
SE.CLO.9.LDSEV.S.TMS.2015.F,0.057989475006858505,0.0337461605668068,0.03889109027691039,1.870092681956382,1.870092681956382,highly_skewed,mad
SE.CLO.9.LDSEV.S.TMS.2015.M,0.0699106293419997,0.0485296659171581,0.04564077968409103,1.4053855065250564,1.4053855065250564,highly_skewed,mad
SE.CLO.9.LDSEV.S.TMS.2015.R,0.07200677786022425,0.0443661324679852,0.048900805580570854,1.6957171807751052,1.6957171807751052,highly_skewed,mad
SE.CLO.9.LDSEV.S.TMS.2015.U,0.05604699440300464,0.0413413718342781,0.03390980823562822,1.301006110079593,1.301006110079593,highly_skewed,mad
SE.CLO.9.LDSEV.S.TMS.2019.1,0.0925556384027004,0.0521592870354652,0.05712906797393295,2.1213203435596424,2.1213203435596424,very_highly_skewed,mad
SE.CLO.9.LDSEV.S.TMS.2019.2,0.0780540946871042,0.0343853123486042,0.06175698423542539,2.121320343559642,2.121320343559642,very_highly_skewed,mad
SE.CLO.9.LDSEV.S.TMS.2019.3,0.06946620438247919,0.0296829957515001,0.05626195320064901,2.1213203435596424,2.1213203435596424,very_highly_skewed,mad
SE.CLO.9.LDSEV.S.TMS.2019.4,0.05421864986419675,0.019012413918972,0.049789136353844,2.1213203435596424,2.1213203435596424,very_highly_skewed,mad
SE.CLO.9.LDSEV.S.TMS.2019.5,0.04500199016183615,0.0206692274659872,0.034411723014475704,2.1213203435596424,2.1213203435596424,very_highly_skewed,mad
SE.CLO.9.LDSEV.S.TMS.2019.A,0.059757119665543236,0.036831196397543,0.04169453976150594,1.649562993078031,1.649562993078031,highly_skewed,mad
SE.CLO.9.LDSEV.S.TMS.2019.F,0.0533989320198695,0.0346355512738228,0.04154741024903198,1.3548411778433678,1.3548411778433678,highly_skewed,mad
SE.CLO.9.LDSEV.S.TMS.2019.M,0.06568900992472966,0.0430554263293743,0.042906171865916026,1.5825404092972775,1.5825404092972775,highly_skewed,mad
SE.CLO.9.LDSEV.S.TMS.2019.R,0.0676292342444261,0.0415897630155087,0.05098158405465667,1.5322869058560933,1.5322869058560933,highly_skewed,mad
SE.CLO.9.LDSEV.S.TMS.2019.U,0.052925919493039465,0.0329811163246632,0.03550544171113029,1.6852180010021347,1.6852180010021347,highly_skewed,mad
SE.CLO.9.PRF.M.TMS.2007.1,0.3817862868309021,0.3817862868309021,,0.0,0.0,nearly_symmetric,zscore
SE.CLO.9.PRF.M.TMS.2007.2,0.585232138633728,0.585232138633728,,0.0,0.0,nearly_symmetric,zscore
SE.CLO.9.PRF.M.TMS.2007.3,0.6174032092094421,0.6174032092094421,,0.0,0.0,nearly_symmetric,zscore
SE.CLO.9.PRF.M.TMS.2007.4,0.689254105091095,0.689254105091095,,0.0,0.0,nearly_symmetric,zscore
SE.CLO.9.PRF.M.TMS.2007.5,0.752130389213562,0.752130389213562,,0.0,0.0,nearly_symmetric,zscore
SE.CLO.9.PRF.M.TMS.2007.A,0.6014041304588318,0.6014041304588318,,0.0,0.0,nearly_symmetric,zscore
SE.CLO.9.PRF.M.TMS.2007.F,0.6074798107147217,0.6074798107147217,,0.0,0.0,nearly_symmetric,zscore
SE.CLO.9.PRF.M.TMS.2007.M,0.5951216220855713,0.5951216220855713,,0.0,0.0,nearly_symmetric,zscore
SE.CLO.9.PRF.M.TMS.2007.R,0.6144393682479858,0.6144393682479858,,0.0,0.0,nearly_symmetric,zscore
SE.CLO.9.PRF.M.TMS.2007.U,0.597051203250885,0.597051203250885,,0.0,0.0,nearly_symmetric,zscore
SE.CLO.9.PRF.M.TMS.2011.1,0.17837855033576488,0.0945716351270676,0.16287315715316059,1.5436598026380983,1.5436598026380983,highly_skewed,mad
SE.CLO.9.PRF.M.TMS.2011.2,0.26096547379468876,0.1010845527052879,0.2412434979933702,1.98821011657435,1.98821011657435,highly_skewed,mad
SE.CLO.9.PRF.M.TMS.2011.3,0.3277810998260975,0.1260346323251724,0.30841500790686904,1.9624187766035601,1.9624187766035601,highly_skewed,mad
SE.CLO.9.PRF.M.TMS.2011.4,0.37492774489025277,0.1396820992231369,0.3362922580379898,2.0985821711114827,2.0985821711114827,very_highly_skewed,mad
SE.CLO.9.PRF.M.TMS.2011.5,0.5141124688088894,0.3381099998950958,0.3057967913943475,1.7266610428900027,1.7266610428900027,highly_skewed,mad
SE.CLO.9.PRF.M.TMS.2011.A,0.33069390306870144,0.1518480479717255,0.2679905972923481,2.002076082936689,2.002076082936689,very_highly_skewed,mad
SE.CLO.9.PRF.M.TMS.2011.F,0.32928672184546787,0.1649511009454727,0.2675456217074092,1.8427020392026567,1.8427020392026567,highly_skewed,mad
SE.CLO.9.PRF.M.TMS.2011.M,0.33169121108949184,0.1379555016756058,0.26933446931518873,2.1579381566698035,2.1579381566698035,very_highly_skewed,mad
SE.CLO.9.PRF.M.TMS.2011.R,0.31506666243076326,0.4007507860660553,0.3106848788803179,-0.8273732916525296,0.8273732916525296,moderately_skewed,iqr
SE.CLO.9.PRF.M.TMS.2011.U,0.34275259512166184,0.1460837423801422,0.27097423065904247,2.1773530154125385,2.1773530154125385,very_highly_skewed,mad
SE.CLO.9.PRF.M.TMS.2015.1,0.279537383466959,0.3367021679878235,0.18906529663524843,-0.9070641551603547,0.9070641551603547,moderately_skewed,iqr
SE.CLO.9.PRF.M.TMS.2015.2,0.3708012144391735,0.4462244808673859,0.2486881299121683,-0.9098536362171817,0.9098536362171817,moderately_skewed,iqr
SE.CLO.9.PRF.M.TMS.2015.3,0.4546628041813771,0.5324968695640564,0.2919868110522634,-0.7997011759077117,0.7997011759077117,moderately_skewed,iqr
SE.CLO.9.PRF.M.TMS.2015.4,0.5150217513243357,0.5574474334716797,0.28500892640223474,-0.4465721409104399,0.4465721409104399,nearly_symmetric,zscore
SE.CLO.9.PRF.M.TMS.2015.5,0.6233042528231939,0.6472081542015076,0.23033290057759256,-0.3113393872743046,0.3113393872743046,nearly_symmetric,zscore
SE.CLO.9.PRF.M.TMS.2015.A,0.44855279723803204,0.5040721297264099,0.2460800436614501,-0.6768447980864282,0.6768447980864282,moderately_skewed,iqr
SE.CLO.9.PRF.M.TMS.2015.F,0.45912495255470276,0.5213002562522888,0.24422220242674375,-0.7637549298930264,0.7637549298930264,moderately_skewed,iqr
SE.CLO.9.PRF.M.TMS.2015.M,0.43802600478132564,0.4884599149227142,0.24841365797638282,-0.6090717058663102,0.6090717058663102,moderately_skewed,iqr
SE.CLO.9.PRF.M.TMS.2015.R,0.4104171084860961,0.5019696354866028,0.25922205165556556,-1.0595455874505002,1.0595455874505002,highly_skewed,mad
SE.CLO.9.PRF.M.TMS.2015.U,0.4729555572072665,0.5051113963127136,0.22988934489390841,-0.4196258741824686,0.4196258741824686,nearly_symmetric,zscore
SE.CLO.9.PRF.M.TMS.2019.1,0.4435863755643368,0.2863230407238007,0.4968142669180665,0.9496305479476392,0.9496305479476392,moderately_skewed,iqr
SE.CLO.9.PRF.M.TMS.2019.2,0.48229099561770755,0.4036713540554047,0.4832199963782303,0.4880984364361753,0.4880984364361753,nearly_symmetric,zscore
SE.CLO.9.PRF.M.TMS.2019.3,0.5289920667807261,0.5086089968681335,0.46115437226850553,0.1326003035317069,0.1326003035317069,nearly_symmetric,zscore
SE.CLO.9.PRF.M.TMS.2019.4,0.6035268704096476,0.6861311197280884,0.41540988053664085,-0.596549960812654,0.596549960812654,moderately_skewed,iqr
SE.CLO.9.PRF.M.TMS.2019.5,0.7060773273309072,0.7796571254730225,0.33679562813071073,-0.6554105100814329,0.6554105100814329,moderately_skewed,iqr
SE.CLO.9.PRF.M.TMS.2019.A,0.5834617167711258,0.5326715707778931,0.3578989217592928,0.42573595145440507,0.42573595145440507,nearly_symmetric,zscore
SE.CLO.9.PRF.M.TMS.2019.F,0.5898389220237732,0.5275159478187561,0.3544435339115225,0.5274998828493882,0.5274998828493882,moderately_skewed,iqr
SE.CLO.9.PRF.M.TMS.2019.M,0.5761226359754801,0.537524402141571,0.36168149565118723,0.3201565545764105,0.3201565545764105,nearly_symmetric,zscore
SE.CLO.9.PRF.M.TMS.2019.R,0.37958282728989917,0.4380214214324951,0.289780937248918,-0.6049941866161951,0.6049941866161951,moderately_skewed,iqr
SE.CLO.9.PRF.M.TMS.2019.U,0.6126103214919567,0.5872693061828613,0.33744148833764404,0.2252925279040302,0.2252925279040302,nearly_symmetric,zscore
SE.CLO.9.PRF.S.TMS.2007.1,0.2548381388187408,0.2548381388187408,,0.0,0.0,nearly_symmetric,zscore
SE.CLO.9.PRF.S.TMS.2007.2,0.4116911888122559,0.4116911888122559,,0.0,0.0,nearly_symmetric,zscore
SE.CLO.9.PRF.S.TMS.2007.3,0.4605340361595154,0.4605340361595154,,0.0,0.0,nearly_symmetric,zscore
SE.CLO.9.PRF.S.TMS.2007.4,0.568598210811615,0.568598210811615,,0.0,0.0,nearly_symmetric,zscore
SE.CLO.9.PRF.S.TMS.2007.5,0.7024630308151245,0.7024630308151245,,0.0,0.0,nearly_symmetric,zscore
SE.CLO.9.PRF.S.TMS.2007.A,0.4754572510719299,0.4754572510719299,,0.0,0.0,nearly_symmetric,zscore
SE.CLO.9.PRF.S.TMS.2007.F,0.4718513786792755,0.4718513786792755,,0.0,0.0,nearly_symmetric,zscore
SE.CLO.9.PRF.S.TMS.2007.M,0.4791858792304993,0.4791858792304993,,0.0,0.0,nearly_symmetric,zscore
SE.CLO.9.PRF.S.TMS.2007.R,0.5036051869392395,0.5036051869392395,,0.0,0.0,nearly_symmetric,zscore
SE.CLO.9.PRF.S.TMS.2007.U,0.468814492225647,0.468814492225647,,0.0,0.0,nearly_symmetric,zscore
SE.CLO.9.PRF.S.TMS.2011.1,0.21457749418914318,0.1899652034044266,0.17601932750147153,0.41948161830996916,0.41948161830996916,nearly_symmetric,zscore
SE.CLO.9.PRF.S.TMS.2011.2,0.309421982926627,0.1885770112276077,0.2815875800165582,1.2874677039226647,1.2874677039226647,highly_skewed,mad
SE.CLO.9.PRF.S.TMS.2011.3,0.3716036317249139,0.226362869143486,0.33660416841662055,1.2944649194153264,1.2944649194153264,highly_skewed,mad
SE.CLO.9.PRF.S.TMS.2011.4,0.4265787291030089,0.2705081403255463,0.3451858520483318,1.3564048571342673,1.3564048571342673,highly_skewed,mad
SE.CLO.9.PRF.S.TMS.2011.5,0.56039892633756,0.4412688314914703,0.28955196436125025,1.2342872041178168,1.2342872041178168,highly_skewed,mad
SE.CLO.9.PRF.S.TMS.2011.A,0.3759902243812879,0.2633036375045776,0.28273065905002154,1.1956954430269988,1.1956954430269988,highly_skewed,mad
SE.CLO.9.PRF.S.TMS.2011.F,0.3773740505178769,0.2717298865318298,0.28453834606869205,1.1138480852827792,1.1138480852827792,highly_skewed,mad
SE.CLO.9.PRF.S.TMS.2011.M,0.37502141793568927,0.2543696761131287,0.2817239397104122,1.2847868940060267,1.2847868940060267,highly_skewed,mad
SE.CLO.9.PRF.S.TMS.2011.R,0.3608207441866398,0.3214695453643799,0.3575787327307134,0.3301471414847368,0.3301471414847368,nearly_symmetric,zscore
SE.CLO.9.PRF.S.TMS.2011.U,0.38653407245874405,0.2565533220767975,0.2819810743215783,1.3828667476496657,1.3828667476496657,highly_skewed,mad
SE.CLO.9.PRF.S.TMS.2015.1,0.2842215069880088,0.303977757692337,0.176792093004062,-0.3352454915029643,0.3352454915029643,nearly_symmetric,zscore
SE.CLO.9.PRF.S.TMS.2015.2,0.3851501053820054,0.4171906113624573,0.2451608512076575,-0.392075314912079,0.392075314912079,nearly_symmetric,zscore
SE.CLO.9.PRF.S.TMS.2015.3,0.46714595705270767,0.4887420237064362,0.275216797781812,-0.23540786929927435,0.23540786929927435,nearly_symmetric,zscore
SE.CLO.9.PRF.S.TMS.2015.4,0.5201571409900984,0.4909324944019318,0.25023760391060823,0.3503627688020029,0.3503627688020029,nearly_symmetric,zscore
SE.CLO.9.PRF.S.TMS.2015.5,0.6423380672931671,0.5772241950035095,0.2028302765547116,0.9630791821963579,0.9630791821963579,moderately_skewed,iqr
SE.CLO.9.PRF.S.TMS.2015.A,0.4596985454360644,0.4557811915874481,0.22670229421899407,0.05183918224707699,0.05183918224707699,nearly_symmetric,zscore
SE.CLO.9.PRF.S.TMS.2015.F,0.4740084608395894,0.4919242560863495,0.2272962826048611,-0.2364639893108869,0.2364639893108869,nearly_symmetric,zscore
SE.CLO.9.PRF.S.TMS.2015.M,0.4458192860086759,0.4230282306671143,0.2267533302238187,0.30153103355613964,0.30153103355613964,nearly_symmetric,zscore
SE.CLO.9.PRF.S.TMS.2015.R,0.4182453118264675,0.4189687967300415,0.24531673748869967,-0.008847560639118438,0.008847560639118438,nearly_symmetric,zscore
SE.CLO.9.PRF.S.TMS.2015.U,0.48723649233579636,0.4736900329589844,0.20494411830126044,0.19829492286622993,0.19829492286622993,nearly_symmetric,zscore
SE.CLO.9.PRF.S.TMS.2019.1,0.46615494166811305,0.3514528274536133,0.48673808609664143,0.7069640787780418,0.7069640787780418,moderately_skewed,iqr
SE.CLO.9.PRF.S.TMS.2019.2,0.5188648713131746,0.5067827701568604,0.4752092864519684,0.07627440056899296,0.07627440056899296,nearly_symmetric,zscore
SE.CLO.9.PRF.S.TMS.2019.3,0.5733273650209109,0.625552773475647,0.45503866139758326,-0.34431409604406077,0.34431409604406077,nearly_symmetric,zscore
SE.CLO.9.PRF.S.TMS.2019.4,0.6549930920203527,0.7782028913497925,0.4203791777715929,-0.8792761809652528,0.8792761809652528,moderately_skewed,iqr
SE.CLO.9.PRF.S.TMS.2019.5,0.7547720770041147,0.867939829826355,0.31732564893248255,-1.0698891174061913,1.0698891174061913,highly_skewed,mad
SE.CLO.9.PRF.S.TMS.2019.A,0.6059035807847977,0.6257679462432861,0.3466629278029647,-0.17190501664872787,0.17190501664872787,nearly_symmetric,zscore
SE.CLO.9.PRF.S.TMS.2019.F,0.618538748472929,0.6317625045776367,0.34452427251034723,-0.11514796337878253,0.11514796337878253,nearly_symmetric,zscore
SE.CLO.9.PRF.S.TMS.2019.M,0.5928294844925404,0.6060312390327454,0.3498161955067545,-0.11321735279649245,0.11321735279649245,nearly_symmetric,zscore
SE.CLO.9.PRF.S.TMS.2019.R,0.40029824525117874,0.5605589151382446,0.27926952745086947,-1.7215698900259688,1.7215698900259688,highly_skewed,mad
SE.CLO.9.PRF.S.TMS.2019.U,0.6376477256417274,0.6678521037101746,0.325611557744889,-0.2782859884732199,0.2782859884732199,nearly_symmetric,zscore
SE.LPV.POP.0516,7614105.5676470585,1817737.5,2.1971370823911678E7,0.7914437538879653,0.7914437538879653,moderately_skewed,iqr
SE.LPV.POP.0516.FE,3428352.0132890367,887169.5,9560207.225171287,0.7974249260826585,0.7974249260826585,moderately_skewed,iqr
SE.LPV.POP.0516.MA,3614336.353820598,930568.0,1.0390520066286461E7,0.774870267330065,0.774870267330065,moderately_skewed,iqr
SE.LPV.POP.10,641494.4867647059,150035.0,1844688.5638482752,0.7992560311743683,0.7992560311743683,moderately_skewed,iqr
SE.LPV.POP.10.FE,288799.1096345515,73904.0,797666.9122574135,0.8082137029843472,0.8082137029843472,moderately_skewed,iqr
SE.LPV.POP.10.MA,304644.0548172757,76625.5,867634.5944448895,0.7884144648352621,0.7884144648352621,moderately_skewed,iqr
SE.LPV.POP.1014,3139562.817647059,762570.0,9100437.701655883,0.783586316034409,0.783586316034409,moderately_skewed,iqr
SE.LPV.POP.1014.FE,1414165.1860465116,372406.0,3987346.6178462985,0.7837988160225717,0.7837988160225717,moderately_skewed,iqr
SE.LPV.POP.1014.MA,1491120.2990033221,390164.0,4339508.479160633,0.7611158989252216,0.7611158989252216,moderately_skewed,iqr
SE.LPV.POP.9PLUS,2172465.3212121213,491852.5,6300883.057793034,0.8001796601193124,0.8001796601193124,moderately_skewed,iqr
SE.LPV.POP.9PLUS.FE,971538.4436860068,248690.0,2541307.4785157857,0.8533187539842793,0.8533187539842793,moderately_skewed,iqr
SE.LPV.POP.9PLUS.MA,1023044.7645051194,254234.5,2754613.8657151028,0.8372973149601876,0.8372973149601876,moderately_skewed,iqr
SE.LPV.POP.PRIM,4220447.693693694,953133.0,1.1880750736412087E7,0.8250273319042133,0.8250273319042133,moderately_skewed,iqr
SE.LPV.POP.PRIM.FE,1886210.724489796,533341.5,4956386.142585385,0.818864300865854,0.818864300865854,moderately_skewed,iqr
SE.LPV.POP.PRIM.MA,1988116.1513605441,541175.0,5372778.905869027,0.8079289191185358,0.8079289191185358,moderately_skewed,iqr
SE.LPV.PRIM,26.502877431591664,11.3358144760132,27.95528330820052,1.6276418437651061,1.6276418437651061,highly_skewed,mad
SE.LPV.PRIM.BMP,29.300511572552825,14.2994222640991,29.557920406989712,1.52254513530387,1.52254513530387,highly_skewed,mad
SE.LPV.PRIM.BMP.FE,25.005968153476715,8.59253215789795,28.072743458758485,1.7540255037444048,1.7540255037444048,highly_skewed,mad
SE.LPV.PRIM.BMP.MA,28.877318410010172,12.447714805603,29.338323139269406,1.6800145863567892,1.6800145863567892,highly_skewed,mad
SE.LPV.PRIM.FE,23.248930660857184,8.82939624786377,26.658874075270806,1.622671802148899,1.622671802148899,highly_skewed,mad
SE.LPV.PRIM.LD,23.332891035445996,6.20624780654907,27.96880357060369,1.8370442467082542,1.8370442467082542,highly_skewed,mad
SE.LPV.PRIM.LD.FE,19.670108655949573,4.76538944244385,26.352415737586767,1.6967764202634685,1.6967764202634685,highly_skewed,mad
SE.LPV.PRIM.LD.MA,23.25932701480833,7.22830295562744,27.720727770134555,1.7349137647589703,1.7349137647589703,highly_skewed,mad
SE.LPV.PRIM.LDGAP,0.2599288011911546,0.102272212505341,1.2976896911095044,0.364470619823649,0.364470619823649,nearly_symmetric,zscore
SE.LPV.PRIM.LDGAP.FE,0.2987204502188924,0.100842893123627,1.4802126904348232,0.401045522121157,0.401045522121157,nearly_symmetric,zscore
SE.LPV.PRIM.LDGAP.MA,0.32201765136918603,0.109293758869171,1.5824199994833694,0.40328843019450983,0.40328843019450983,nearly_symmetric,zscore
SE.LPV.PRIM.LDSEV,0.0613533310137691,0.0188902113586664,0.30194130941694064,0.4219010615384211,0.4219010615384211,nearly_symmetric,zscore
SE.LPV.PRIM.LDSEV.FE,0.06927718824660518,0.0175324957817793,0.3363046110217558,0.46158771633504436,0.46158771633504436,nearly_symmetric,zscore
SE.LPV.PRIM.LDSEV.MA,0.07989347394127086,0.0206893626600504,0.3842741742118026,0.46220210923091015,0.46220210923091015,nearly_symmetric,zscore
SE.LPV.PRIM.LPGAP,3.9526012121748266,1.801299929618835,5.890416284020406,1.0956617557194055,1.0956617557194055,highly_skewed,mad
SE.LPV.PRIM.LPGAP.FE,4.3480323370358045,1.74091035500169,8.052415204616652,0.9713068374340854,0.9713068374340854,moderately_skewed,iqr
SE.LPV.PRIM.LPGAP.MA,4.007699102785689,1.93043072521687,5.857550363935576,1.0638927103512648,1.0638927103512648,highly_skewed,mad
SE.LPV.PRIM.LPSEV,6.59805879096858,1.99454250083305,30.3152776741776,0.45556399050140806,0.45556399050140806,nearly_symmetric,zscore
SE.LPV.PRIM.LPSEV.FE,7.712699549135929,1.96362021120789,34.17005096106425,0.5047472136765857,0.5047472136765857,moderately_skewed,iqr
SE.LPV.PRIM.LPSEV.MA,8.43970153856016,2.18541569594527,38.493060914525195,0.48743480206752227,0.48743480206752227,nearly_symmetric,zscore
SE.LPV.PRIM.MA,26.871055767781712,11.407787322998,27.824234068003715,1.66724464799183,1.66724464799183,highly_skewed,mad
SE.LPV.PRIM.OOS,5.2862974291103555,2.53832244873047,8.141966311900141,1.0125226051464367,1.0125226051464367,highly_skewed,mad
SE.LPV.PRIM.OOS.FE,4.561473542214211,2.13423156738281,7.176490495767945,1.014663912505467,1.014663912505467,highly_skewed,mad
SE.LPV.PRIM.OOS.MA,4.279967406700398,2.57093048095703,5.564907564131188,0.9213290100768396,0.9213290100768396,moderately_skewed,iqr
SE.LPV.PRIM.SD,6.199818153378046,2.788970947265625,8.150387333081602,1.2554669122048232,1.2554669122048232,highly_skewed,mad
SE.LPV.PRIM.SD.FE,5.981013794740041,2.292060852050781,10.972176970477767,1.0086292681793931,1.0086292681793931,highly_skewed,mad
SE.LPV.PRIM.SD.MA,5.340598986806155,2.662117004394531,7.472668838376698,1.0753113942328036,1.0753113942328036,highly_skewed,mad
